"ASSET_ID","TYPE","BEATS","PROMPT","SOURCE_FILES","NUMBERS_TO_RENDER","EDITOR_NOTES"
"LP-GFX-001","GENERATED_GFX","LP-B003","16:9 1920x1080 Hidden Industrial America editorial documentary frame; charcoal #171A1C, iron #30363A, warm paper #E6DDC8, ivory #F3EBDD, faded rust #A55235, blueprint gray-blue #5F747D; clean cinematic composition; lower 15% kept visually quiet for captions; no black caption box; no neon; no horror; no flag/eagle/gear iconography; no fake archival damage; no fake date stamp; no invented newspaper; no logos unless source-grounded; no text except explicitly requested numbers. Create a precise editorial infographic/technical illustration for: 52 underground / 7 surface split-level count. Use restrained blueprint-like geometry and physical spatial clarity; visually understandable without dense labels. Render only the numbers listed in NUMBERS_TO_RENDER when present; all other labels added by editor.","LP-S01;LP-S02","52;7","Generate as finished visual base; typography beyond listed numbers remains editor-native; preserve factual uncertainty; do not imitate a historical document."
"LP-GFX-002","GENERATED_GFX","LP-B004","16:9 1920x1080 Hidden Industrial America editorial documentary frame; charcoal #171A1C, iron #30363A, warm paper #E6DDC8, ivory #F3EBDD, faded rust #A55235, blueprint gray-blue #5F747D; clean cinematic composition; lower 15% kept visually quiet for captions; no black caption box; no neon; no horror; no flag/eagle/gear iconography; no fake archival damage; no fake date stamp; no invented newspaper; no logos unless source-grounded; no text except explicitly requested numbers. Create a precise editorial infographic/technical illustration for: Lake–Delcambre system before reversal. Use restrained blueprint-like geometry and physical spatial clarity; visually understandable without dense labels. Render only the numbers listed in NUMBERS_TO_RENDER when present; all other labels added by editor.","LP-S06;LP-S07","","Generate as finished visual base; typography beyond listed numbers remains editor-native; preserve factual uncertainty; do not imitate a historical document."
"LP-GFX-003","GENERATED_GFX","LP-B006","16:9 1920x1080 Hidden Industrial America editorial documentary frame; charcoal #171A1C, iron #30363A, warm paper #E6DDC8, ivory #F3EBDD, faded rust #A55235, blueprint gray-blue #5F747D; clean cinematic composition; lower 15% kept visually quiet for captions; no black caption box; no neon; no horror; no flag/eagle/gear iconography; no fake archival damage; no fake date stamp; no invented newspaper; no logos unless source-grounded; no text except explicitly requested numbers. Create a precise editorial infographic/technical illustration for: two industrial systems occupying one salt dome. Use restrained blueprint-like geometry and physical spatial clarity; visually understandable without dense labels. Render only the numbers listed in NUMBERS_TO_RENDER when present; all other labels added by editor.","LP-S01;LP-S04","","Generate as finished visual base; typography beyond listed numbers remains editor-native; preserve factual uncertainty; do not imitate a historical document."
"LP-GFX-004","GENERATED_GFX","LP-B008","16:9 1920x1080 Hidden Industrial America editorial documentary frame; charcoal #171A1C, iron #30363A, warm paper #E6DDC8, ivory #F3EBDD, faded rust #A55235, blueprint gray-blue #5F747D; clean cinematic composition; lower 15% kept visually quiet for captions; no black caption box; no neon; no horror; no flag/eagle/gear iconography; no fake archival damage; no fake date stamp; no invented newspaper; no logos unless source-grounded; no text except explicitly requested numbers. Create a precise editorial infographic/technical illustration for: salt dome rising through coastal sediments. Use restrained blueprint-like geometry and physical spatial clarity; visually understandable without dense labels. Render only the numbers listed in NUMBERS_TO_RENDER when present; all other labels added by editor.","LP-S04;LP-S05","","Generate as finished visual base; typography beyond listed numbers remains editor-native; preserve factual uncertainty; do not imitate a historical document."
"LP-GFX-005","GENERATED_GFX","LP-B009","16:9 1920x1080 Hidden Industrial America editorial documentary frame; charcoal #171A1C, iron #30363A, warm paper #E6DDC8, ivory #F3EBDD, faded rust #A55235, blueprint gray-blue #5F747D; clean cinematic composition; lower 15% kept visually quiet for captions; no black caption box; no neon; no horror; no flag/eagle/gear iconography; no fake archival damage; no fake date stamp; no invented newspaper; no logos unless source-grounded; no text except explicitly requested numbers. Create a precise editorial infographic/technical illustration for: salt mining inside dome. Use restrained blueprint-like geometry and physical spatial clarity; visually understandable without dense labels. Render only the numbers listed in NUMBERS_TO_RENDER when present; all other labels added by editor.","LP-S01;LP-S04","","Generate as finished visual base; typography beyond listed numbers remains editor-native; preserve factual uncertainty; do not imitate a historical document."
"LP-GFX-006","GENERATED_GFX","LP-B011","16:9 1920x1080 Hidden Industrial America editorial documentary frame; charcoal #171A1C, iron #30363A, warm paper #E6DDC8, ivory #F3EBDD, faded rust #A55235, blueprint gray-blue #5F747D; clean cinematic composition; lower 15% kept visually quiet for captions; no black caption box; no neon; no horror; no flag/eagle/gear iconography; no fake archival damage; no fake date stamp; no invented newspaper; no logos unless source-grounded; no text except explicitly requested numbers. Create a precise editorial infographic/technical illustration for: room-and-pillar principle. Use restrained blueprint-like geometry and physical spatial clarity; visually understandable without dense labels. Render only the numbers listed in NUMBERS_TO_RENDER when present; all other labels added by editor.","LP-S01;LP-S04","","Generate as finished visual base; typography beyond listed numbers remains editor-native; preserve factual uncertainty; do not imitate a historical document."
"LP-GFX-007","GENERATED_GFX","LP-B011","16:9 1920x1080 Hidden Industrial America editorial documentary frame; charcoal #171A1C, iron #30363A, warm paper #E6DDC8, ivory #F3EBDD, faded rust #A55235, blueprint gray-blue #5F747D; clean cinematic composition; lower 15% kept visually quiet for captions; no black caption box; no neon; no horror; no flag/eagle/gear iconography; no fake archival damage; no fake date stamp; no invented newspaper; no logos unless source-grounded; no text except explicitly requested numbers. Create a precise editorial infographic/technical illustration for: rooms versus supporting pillars close technical view. Use restrained blueprint-like geometry and physical spatial clarity; visually understandable without dense labels. Render only the numbers listed in NUMBERS_TO_RENDER when present; all other labels added by editor.","LP-S01;LP-S04","","Generate as finished visual base; typography beyond listed numbers remains editor-native; preserve factual uncertainty; do not imitate a historical document."
"LP-GFX-008","GENERATED_GFX","LP-B012","16:9 1920x1080 Hidden Industrial America editorial documentary frame; charcoal #171A1C, iron #30363A, warm paper #E6DDC8, ivory #F3EBDD, faded rust #A55235, blueprint gray-blue #5F747D; clean cinematic composition; lower 15% kept visually quiet for captions; no black caption box; no neon; no horror; no flag/eagle/gear iconography; no fake archival damage; no fake date stamp; no invented newspaper; no logos unless source-grounded; no text except explicitly requested numbers. Create a precise editorial infographic/technical illustration for: mine working levels vertical stack. Use restrained blueprint-like geometry and physical spatial clarity; visually understandable without dense labels. Render only the numbers listed in NUMBERS_TO_RENDER when present; all other labels added by editor.","LP-S01","800 ft;1000 ft;1300 ft;1500 ft","Generate as finished visual base; typography beyond listed numbers remains editor-native; preserve factual uncertainty; do not imitate a historical document."
"LP-GFX-009","GENERATED_GFX","LP-B013","16:9 1920x1080 Hidden Industrial America editorial documentary frame; charcoal #171A1C, iron #30363A, warm paper #E6DDC8, ivory #F3EBDD, faded rust #A55235, blueprint gray-blue #5F747D; clean cinematic composition; lower 15% kept visually quiet for captions; no black caption box; no neon; no horror; no flag/eagle/gear iconography; no fake archival damage; no fake date stamp; no invented newspaper; no logos unless source-grounded; no text except explicitly requested numbers. Create a precise editorial infographic/technical illustration for: oil accumulation around salt structure. Use restrained blueprint-like geometry and physical spatial clarity; visually understandable without dense labels. Render only the numbers listed in NUMBERS_TO_RENDER when present; all other labels added by editor.","LP-S04;LP-S05","","Generate as finished visual base; typography beyond listed numbers remains editor-native; preserve factual uncertainty; do not imitate a historical document."
"LP-GFX-010","GENERATED_GFX","LP-B015","16:9 1920x1080 Hidden Industrial America editorial documentary frame; charcoal #171A1C, iron #30363A, warm paper #E6DDC8, ivory #F3EBDD, faded rust #A55235, blueprint gray-blue #5F747D; clean cinematic composition; lower 15% kept visually quiet for captions; no black caption box; no neon; no horror; no flag/eagle/gear iconography; no fake archival damage; no fake date stamp; no invented newspaper; no logos unless source-grounded; no text except explicitly requested numbers. Create a precise editorial infographic/technical illustration for: drill path versus mine workings geometry. Use restrained blueprint-like geometry and physical spatial clarity; visually understandable without dense labels. Render only the numbers listed in NUMBERS_TO_RENDER when present; all other labels added by editor.","LP-S01;LP-S19","","Generate as finished visual base; typography beyond listed numbers remains editor-native; preserve factual uncertainty; do not imitate a historical document."
"LP-GFX-011","GENERATED_GFX","LP-B015","16:9 1920x1080 Hidden Industrial America editorial documentary frame; charcoal #171A1C, iron #30363A, warm paper #E6DDC8, ivory #F3EBDD, faded rust #A55235, blueprint gray-blue #5F747D; clean cinematic composition; lower 15% kept visually quiet for captions; no black caption box; no neon; no horror; no flag/eagle/gear iconography; no fake archival damage; no fake date stamp; no invented newspaper; no logos unless source-grounded; no text except explicitly requested numbers. Create a precise editorial infographic/technical illustration for: fresh water contacting salt. Use restrained blueprint-like geometry and physical spatial clarity; visually understandable without dense labels. Render only the numbers listed in NUMBERS_TO_RENDER when present; all other labels added by editor.","LP-S01;LP-S04","","Generate as finished visual base; typography beyond listed numbers remains editor-native; preserve factual uncertainty; do not imitate a historical document."
"LP-GFX-012","GENERATED_GFX","LP-B016","16:9 1920x1080 Hidden Industrial America editorial documentary frame; charcoal #171A1C, iron #30363A, warm paper #E6DDC8, ivory #F3EBDD, faded rust #A55235, blueprint gray-blue #5F747D; clean cinematic composition; lower 15% kept visually quiet for captions; no black caption box; no neon; no horror; no flag/eagle/gear iconography; no fake archival damage; no fake date stamp; no invented newspaper; no logos unless source-grounded; no text except explicitly requested numbers. Create a precise editorial infographic/technical illustration for: drill depth versus 1300-foot mine level. Use restrained blueprint-like geometry and physical spatial clarity; visually understandable without dense labels. Render only the numbers listed in NUMBERS_TO_RENDER when present; all other labels added by editor.","LP-S01;LP-S19","1228 ft;1300 ft","Generate as finished visual base; typography beyond listed numbers remains editor-native; preserve factual uncertainty; do not imitate a historical document."
"LP-GFX-013","GENERATED_GFX","LP-B017","16:9 1920x1080 Hidden Industrial America editorial documentary frame; charcoal #171A1C, iron #30363A, warm paper #E6DDC8, ivory #F3EBDD, faded rust #A55235, blueprint gray-blue #5F747D; clean cinematic composition; lower 15% kept visually quiet for captions; no black caption box; no neon; no horror; no flag/eagle/gear iconography; no fake archival damage; no fake date stamp; no invented newspaper; no logos unless source-grounded; no text except explicitly requested numbers. Create a precise editorial infographic/technical illustration for: water ingress route conceptual section. Use restrained blueprint-like geometry and physical spatial clarity; visually understandable without dense labels. Render only the numbers listed in NUMBERS_TO_RENDER when present; all other labels added by editor.","LP-S01","","Generate as finished visual base; typography beyond listed numbers remains editor-native; preserve factual uncertainty; do not imitate a historical document."
"LP-GFX-014","GENERATED_GFX","LP-B019","16:9 1920x1080 Hidden Industrial America editorial documentary frame; charcoal #171A1C, iron #30363A, warm paper #E6DDC8, ivory #F3EBDD, faded rust #A55235, blueprint gray-blue #5F747D; clean cinematic composition; lower 15% kept visually quiet for captions; no black caption box; no neon; no horror; no flag/eagle/gear iconography; no fake archival damage; no fake date stamp; no invented newspaper; no logos unless source-grounded; no text except explicitly requested numbers. Create a precise editorial infographic/technical illustration for: emergency clock / time pressure. Use restrained blueprint-like geometry and physical spatial clarity; visually understandable without dense labels. Render only the numbers listed in NUMBERS_TO_RENDER when present; all other labels added by editor.","LP-S01;LP-S02","<1 hour","Generate as finished visual base; typography beyond listed numbers remains editor-native; preserve factual uncertainty; do not imitate a historical document."
"LP-GFX-015","GENERATED_GFX","LP-B020","16:9 1920x1080 Hidden Industrial America editorial documentary frame; charcoal #171A1C, iron #30363A, warm paper #E6DDC8, ivory #F3EBDD, faded rust #A55235, blueprint gray-blue #5F747D; clean cinematic composition; lower 15% kept visually quiet for captions; no black caption box; no neon; no horror; no flag/eagle/gear iconography; no fake archival damage; no fake date stamp; no invented newspaper; no logos unless source-grounded; no text except explicitly requested numbers. Create a precise editorial infographic/technical illustration for: unknown connection geometry with uncertainty zone. Use restrained blueprint-like geometry and physical spatial clarity; visually understandable without dense labels. Render only the numbers listed in NUMBERS_TO_RENDER when present; all other labels added by editor.","LP-S01;LP-S19","","Generate as finished visual base; typography beyond listed numbers remains editor-native; preserve factual uncertainty; do not imitate a historical document."
"LP-GFX-016","GENERATED_GFX","LP-B021","16:9 1920x1080 Hidden Industrial America editorial documentary frame; charcoal #171A1C, iron #30363A, warm paper #E6DDC8, ivory #F3EBDD, faded rust #A55235, blueprint gray-blue #5F747D; clean cinematic composition; lower 15% kept visually quiet for captions; no black caption box; no neon; no horror; no flag/eagle/gear iconography; no fake archival damage; no fake date stamp; no invented newspaper; no logos unless source-grounded; no text except explicitly requested numbers. Create a precise editorial infographic/technical illustration for: 52 workers distributed underground. Use restrained blueprint-like geometry and physical spatial clarity; visually understandable without dense labels. Render only the numbers listed in NUMBERS_TO_RENDER when present; all other labels added by editor.","LP-S01;LP-S02","52","Generate as finished visual base; typography beyond listed numbers remains editor-native; preserve factual uncertainty; do not imitate a historical document."
"LP-GFX-017","GENERATED_GFX","LP-B022","16:9 1920x1080 Hidden Industrial America editorial documentary frame; charcoal #171A1C, iron #30363A, warm paper #E6DDC8, ivory #F3EBDD, faded rust #A55235, blueprint gray-blue #5F747D; clean cinematic composition; lower 15% kept visually quiet for captions; no black caption box; no neon; no horror; no flag/eagle/gear iconography; no fake archival damage; no fake date stamp; no invented newspaper; no logos unless source-grounded; no text except explicitly requested numbers. Create a precise editorial infographic/technical illustration for: multi-level mine network occupancy. Use restrained blueprint-like geometry and physical spatial clarity; visually understandable without dense labels. Render only the numbers listed in NUMBERS_TO_RENDER when present; all other labels added by editor.","LP-S01","","Generate as finished visual base; typography beyond listed numbers remains editor-native; preserve factual uncertainty; do not imitate a historical document."
"LP-GFX-018","GENERATED_GFX","LP-B025","16:9 1920x1080 Hidden Industrial America editorial documentary frame; charcoal #171A1C, iron #30363A, warm paper #E6DDC8, ivory #F3EBDD, faded rust #A55235, blueprint gray-blue #5F747D; clean cinematic composition; lower 15% kept visually quiet for captions; no black caption box; no neon; no horror; no flag/eagle/gear iconography; no fake archival damage; no fake date stamp; no invented newspaper; no logos unless source-grounded; no text except explicitly requested numbers. Create a precise editorial infographic/technical illustration for: evacuation search/accountability flow. Use restrained blueprint-like geometry and physical spatial clarity; visually understandable without dense labels. Render only the numbers listed in NUMBERS_TO_RENDER when present; all other labels added by editor.","LP-S01;LP-S02","","Generate as finished visual base; typography beyond listed numbers remains editor-native; preserve factual uncertainty; do not imitate a historical document."
"LP-GFX-019","GENERATED_GFX","LP-B027","16:9 1920x1080 Hidden Industrial America editorial documentary frame; charcoal #171A1C, iron #30363A, warm paper #E6DDC8, ivory #F3EBDD, faded rust #A55235, blueprint gray-blue #5F747D; clean cinematic composition; lower 15% kept visually quiet for captions; no black caption box; no neon; no horror; no flag/eagle/gear iconography; no fake archival damage; no fake date stamp; no invented newspaper; no logos unless source-grounded; no text except explicitly requested numbers. Create a precise editorial infographic/technical illustration for: evacuation timeline. Use restrained blueprint-like geometry and physical spatial clarity; visually understandable without dense labels. Render only the numbers listed in NUMBERS_TO_RENDER when present; all other labels added by editor.","LP-S01;LP-S02","52;<1 hour","Generate as finished visual base; typography beyond listed numbers remains editor-native; preserve factual uncertainty; do not imitate a historical document."
"LP-GFX-020","GENERATED_GFX","LP-B034","16:9 1920x1080 Hidden Industrial America editorial documentary frame; charcoal #171A1C, iron #30363A, warm paper #E6DDC8, ivory #F3EBDD, faded rust #A55235, blueprint gray-blue #5F747D; clean cinematic composition; lower 15% kept visually quiet for captions; no black caption box; no neon; no horror; no flag/eagle/gear iconography; no fake archival damage; no fake date stamp; no invented newspaper; no logos unless source-grounded; no text except explicitly requested numbers. Create a precise editorial infographic/technical illustration for: permanent land loss scale. Use restrained blueprint-like geometry and physical spatial clarity; visually understandable without dense labels. Render only the numbers listed in NUMBERS_TO_RENDER when present; all other labels added by editor.","LP-S09","~68 acres","Generate as finished visual base; typography beyond listed numbers remains editor-native; preserve factual uncertainty; do not imitate a historical document."
"LP-GFX-021","GENERATED_GFX","LP-B037","16:9 1920x1080 Hidden Industrial America editorial documentary frame; charcoal #171A1C, iron #30363A, warm paper #E6DDC8, ivory #F3EBDD, faded rust #A55235, blueprint gray-blue #5F747D; clean cinematic composition; lower 15% kept visually quiet for captions; no black caption box; no neon; no horror; no flag/eagle/gear iconography; no fake archival damage; no fake date stamp; no invented newspaper; no logos unless source-grounded; no text except explicitly requested numbers. Create a precise editorial infographic/technical illustration for: fixed pipe versus dissolving salt pathway. Use restrained blueprint-like geometry and physical spatial clarity; visually understandable without dense labels. Render only the numbers listed in NUMBERS_TO_RENDER when present; all other labels added by editor.","LP-S01;LP-S04","","Generate as finished visual base; typography beyond listed numbers remains editor-native; preserve factual uncertainty; do not imitate a historical document."
"LP-GFX-022","GENERATED_GFX","LP-B038","16:9 1920x1080 Hidden Industrial America editorial documentary frame; charcoal #171A1C, iron #30363A, warm paper #E6DDC8, ivory #F3EBDD, faded rust #A55235, blueprint gray-blue #5F747D; clean cinematic composition; lower 15% kept visually quiet for captions; no black caption box; no neon; no horror; no flag/eagle/gear iconography; no fake archival damage; no fake date stamp; no invented newspaper; no logos unless source-grounded; no text except explicitly requested numbers. Create a precise editorial infographic/technical illustration for: salt dissolution enlargement sequence. Use restrained blueprint-like geometry and physical spatial clarity; visually understandable without dense labels. Render only the numbers listed in NUMBERS_TO_RENDER when present; all other labels added by editor.","LP-S01;LP-S04","","Generate as finished visual base; typography beyond listed numbers remains editor-native; preserve factual uncertainty; do not imitate a historical document."
"LP-GFX-023","GENERATED_GFX","LP-B038","16:9 1920x1080 Hidden Industrial America editorial documentary frame; charcoal #171A1C, iron #30363A, warm paper #E6DDC8, ivory #F3EBDD, faded rust #A55235, blueprint gray-blue #5F747D; clean cinematic composition; lower 15% kept visually quiet for captions; no black caption box; no neon; no horror; no flag/eagle/gear iconography; no fake archival damage; no fake date stamp; no invented newspaper; no logos unless source-grounded; no text except explicitly requested numbers. Create a precise editorial infographic/technical illustration for: roof/pillar weakening from dissolution. Use restrained blueprint-like geometry and physical spatial clarity; visually understandable without dense labels. Render only the numbers listed in NUMBERS_TO_RENDER when present; all other labels added by editor.","LP-S01;LP-S04","","Generate as finished visual base; typography beyond listed numbers remains editor-native; preserve factual uncertainty; do not imitate a historical document."
"LP-GFX-024","GENERATED_GFX","LP-B039","16:9 1920x1080 Hidden Industrial America editorial documentary frame; charcoal #171A1C, iron #30363A, warm paper #E6DDC8, ivory #F3EBDD, faded rust #A55235, blueprint gray-blue #5F747D; clean cinematic composition; lower 15% kept visually quiet for captions; no black caption box; no neon; no horror; no flag/eagle/gear iconography; no fake archival damage; no fake date stamp; no invented newspaper; no logos unless source-grounded; no text except explicitly requested numbers. Create a precise editorial infographic/technical illustration for: feedback loop flow-dissolution-enlargement. Use restrained blueprint-like geometry and physical spatial clarity; visually understandable without dense labels. Render only the numbers listed in NUMBERS_TO_RENDER when present; all other labels added by editor.","LP-S01;LP-S04","","Generate as finished visual base; typography beyond listed numbers remains editor-native; preserve factual uncertainty; do not imitate a historical document."
"LP-GFX-025","GENERATED_GFX","LP-B039","16:9 1920x1080 Hidden Industrial America editorial documentary frame; charcoal #171A1C, iron #30363A, warm paper #E6DDC8, ivory #F3EBDD, faded rust #A55235, blueprint gray-blue #5F747D; clean cinematic composition; lower 15% kept visually quiet for captions; no black caption box; no neon; no horror; no flag/eagle/gear iconography; no fake archival damage; no fake date stamp; no invented newspaper; no logos unless source-grounded; no text except explicitly requested numbers. Create a precise editorial infographic/technical illustration for: more water exposes more salt loop. Use restrained blueprint-like geometry and physical spatial clarity; visually understandable without dense labels. Render only the numbers listed in NUMBERS_TO_RENDER when present; all other labels added by editor.","LP-S01;LP-S04","","Generate as finished visual base; typography beyond listed numbers remains editor-native; preserve factual uncertainty; do not imitate a historical document."
"LP-GFX-026","GENERATED_GFX","LP-B040","16:9 1920x1080 Hidden Industrial America editorial documentary frame; charcoal #171A1C, iron #30363A, warm paper #E6DDC8, ivory #F3EBDD, faded rust #A55235, blueprint gray-blue #5F747D; clean cinematic composition; lower 15% kept visually quiet for captions; no black caption box; no neon; no horror; no flag/eagle/gear iconography; no fake archival damage; no fake date stamp; no invented newspaper; no logos unless source-grounded; no text except explicitly requested numbers. Create a precise editorial infographic/technical illustration for: positive feedback system diagram. Use restrained blueprint-like geometry and physical spatial clarity; visually understandable without dense labels. Render only the numbers listed in NUMBERS_TO_RENDER when present; all other labels added by editor.","LP-S01;LP-S04","","Generate as finished visual base; typography beyond listed numbers remains editor-native; preserve factual uncertainty; do not imitate a historical document."
"LP-GFX-027","GENERATED_GFX","LP-B041","16:9 1920x1080 Hidden Industrial America editorial documentary frame; charcoal #171A1C, iron #30363A, warm paper #E6DDC8, ivory #F3EBDD, faded rust #A55235, blueprint gray-blue #5F747D; clean cinematic composition; lower 15% kept visually quiet for captions; no black caption box; no neon; no horror; no flag/eagle/gear iconography; no fake archival damage; no fake date stamp; no invented newspaper; no logos unless source-grounded; no text except explicitly requested numbers. Create a precise editorial infographic/technical illustration for: small opening does not remain small. Use restrained blueprint-like geometry and physical spatial clarity; visually understandable without dense labels. Render only the numbers listed in NUMBERS_TO_RENDER when present; all other labels added by editor.","LP-S01;LP-S04","","Generate as finished visual base; typography beyond listed numbers remains editor-native; preserve factual uncertainty; do not imitate a historical document."
"LP-GFX-028","GENERATED_GFX","LP-B042","16:9 1920x1080 Hidden Industrial America editorial documentary frame; charcoal #171A1C, iron #30363A, warm paper #E6DDC8, ivory #F3EBDD, faded rust #A55235, blueprint gray-blue #5F747D; clean cinematic composition; lower 15% kept visually quiet for captions; no black caption box; no neon; no horror; no flag/eagle/gear iconography; no fake archival damage; no fake date stamp; no invented newspaper; no logos unless source-grounded; no text except explicitly requested numbers. Create a precise editorial infographic/technical illustration for: system changing while failing. Use restrained blueprint-like geometry and physical spatial clarity; visually understandable without dense labels. Render only the numbers listed in NUMBERS_TO_RENDER when present; all other labels added by editor.","LP-S01;LP-S04","","Generate as finished visual base; typography beyond listed numbers remains editor-native; preserve factual uncertainty; do not imitate a historical document."
"LP-GFX-029","GENERATED_GFX","LP-B043","16:9 1920x1080 Hidden Industrial America editorial documentary frame; charcoal #171A1C, iron #30363A, warm paper #E6DDC8, ivory #F3EBDD, faded rust #A55235, blueprint gray-blue #5F747D; clean cinematic composition; lower 15% kept visually quiet for captions; no black caption box; no neon; no horror; no flag/eagle/gear iconography; no fake archival damage; no fake date stamp; no invented newspaper; no logos unless source-grounded; no text except explicitly requested numbers. Create a precise editorial infographic/technical illustration for: gravity drives lake into underground void. Use restrained blueprint-like geometry and physical spatial clarity; visually understandable without dense labels. Render only the numbers listed in NUMBERS_TO_RENDER when present; all other labels added by editor.","LP-S01;LP-S04","","Generate as finished visual base; typography beyond listed numbers remains editor-native; preserve factual uncertainty; do not imitate a historical document."
"LP-GFX-030","GENERATED_GFX","LP-B045","16:9 1920x1080 Hidden Industrial America editorial documentary frame; charcoal #171A1C, iron #30363A, warm paper #E6DDC8, ivory #F3EBDD, faded rust #A55235, blueprint gray-blue #5F747D; clean cinematic composition; lower 15% kept visually quiet for captions; no black caption box; no neon; no horror; no flag/eagle/gear iconography; no fake archival damage; no fake date stamp; no invented newspaper; no logos unless source-grounded; no text except explicitly requested numbers. Create a precise editorial infographic/technical illustration for: surface whirlpool over multi-level industrial void. Use restrained blueprint-like geometry and physical spatial clarity; visually understandable without dense labels. Render only the numbers listed in NUMBERS_TO_RENDER when present; all other labels added by editor.","LP-S01;LP-S04","","Generate as finished visual base; typography beyond listed numbers remains editor-native; preserve factual uncertainty; do not imitate a historical document."
"LP-GFX-031","GENERATED_GFX","LP-B046","16:9 1920x1080 Hidden Industrial America editorial documentary frame; charcoal #171A1C, iron #30363A, warm paper #E6DDC8, ivory #F3EBDD, faded rust #A55235, blueprint gray-blue #5F747D; clean cinematic composition; lower 15% kept visually quiet for captions; no black caption box; no neon; no horror; no flag/eagle/gear iconography; no fake archival damage; no fake date stamp; no invented newspaper; no logos unless source-grounded; no text except explicitly requested numbers. Create a precise editorial infographic/technical illustration for: lake loss and shoreline loss coupled. Use restrained blueprint-like geometry and physical spatial clarity; visually understandable without dense labels. Render only the numbers listed in NUMBERS_TO_RENDER when present; all other labels added by editor.","LP-S01;LP-S04","","Generate as finished visual base; typography beyond listed numbers remains editor-native; preserve factual uncertainty; do not imitate a historical document."
"LP-GFX-032","GENERATED_GFX","LP-B047","16:9 1920x1080 Hidden Industrial America editorial documentary frame; charcoal #171A1C, iron #30363A, warm paper #E6DDC8, ivory #F3EBDD, faded rust #A55235, blueprint gray-blue #5F747D; clean cinematic composition; lower 15% kept visually quiet for captions; no black caption box; no neon; no horror; no flag/eagle/gear iconography; no fake archival damage; no fake date stamp; no invented newspaper; no logos unless source-grounded; no text except explicitly requested numbers. Create a precise editorial infographic/technical illustration for: flow rate versus pathway enlargement. Use restrained blueprint-like geometry and physical spatial clarity; visually understandable without dense labels. Render only the numbers listed in NUMBERS_TO_RENDER when present; all other labels added by editor.","LP-S01;LP-S04","","Generate as finished visual base; typography beyond listed numbers remains editor-native; preserve factual uncertainty; do not imitate a historical document."
"LP-GFX-033","GENERATED_GFX","LP-B048","16:9 1920x1080 Hidden Industrial America editorial documentary frame; charcoal #171A1C, iron #30363A, warm paper #E6DDC8, ivory #F3EBDD, faded rust #A55235, blueprint gray-blue #5F747D; clean cinematic composition; lower 15% kept visually quiet for captions; no black caption box; no neon; no horror; no flag/eagle/gear iconography; no fake archival damage; no fake date stamp; no invented newspaper; no logos unless source-grounded; no text except explicitly requested numbers. Create a precise editorial infographic/technical illustration for: water-mine-rock-air coupled system. Use restrained blueprint-like geometry and physical spatial clarity; visually understandable without dense labels. Render only the numbers listed in NUMBERS_TO_RENDER when present; all other labels added by editor.","LP-S01;LP-S04","","Generate as finished visual base; typography beyond listed numbers remains editor-native; preserve factual uncertainty; do not imitate a historical document."
"LP-GFX-034","GENERATED_GFX","LP-B049","16:9 1920x1080 Hidden Industrial America editorial documentary frame; charcoal #171A1C, iron #30363A, warm paper #E6DDC8, ivory #F3EBDD, faded rust #A55235, blueprint gray-blue #5F747D; clean cinematic composition; lower 15% kept visually quiet for captions; no black caption box; no neon; no horror; no flag/eagle/gear iconography; no fake archival damage; no fake date stamp; no invented newspaper; no logos unless source-grounded; no text except explicitly requested numbers. Create a precise editorial infographic/technical illustration for: hydraulic direction flip cue. Use restrained blueprint-like geometry and physical spatial clarity; visually understandable without dense labels. Render only the numbers listed in NUMBERS_TO_RENDER when present; all other labels added by editor.","LP-S01;LP-S10","","Generate as finished visual base; typography beyond listed numbers remains editor-native; preserve factual uncertainty; do not imitate a historical document."
"LP-GFX-035","GENERATED_GFX","LP-B050","16:9 1920x1080 Hidden Industrial America editorial documentary frame; charcoal #171A1C, iron #30363A, warm paper #E6DDC8, ivory #F3EBDD, faded rust #A55235, blueprint gray-blue #5F747D; clean cinematic composition; lower 15% kept visually quiet for captions; no black caption box; no neon; no horror; no flag/eagle/gear iconography; no fake archival damage; no fake date stamp; no invented newspaper; no logos unless source-grounded; no text except explicitly requested numbers. Create a precise editorial infographic/technical illustration for: Lake Peigneur to Delcambre Canal to Vermilion Bay map. Use restrained blueprint-like geometry and physical spatial clarity; visually understandable without dense labels. Render only the numbers listed in NUMBERS_TO_RENDER when present; all other labels added by editor.","LP-S06;LP-S07","","Generate as finished visual base; typography beyond listed numbers remains editor-native; preserve factual uncertainty; do not imitate a historical document."
"LP-GFX-036","GENERATED_GFX","LP-B051","16:9 1920x1080 Hidden Industrial America editorial documentary frame; charcoal #171A1C, iron #30363A, warm paper #E6DDC8, ivory #F3EBDD, faded rust #A55235, blueprint gray-blue #5F747D; clean cinematic composition; lower 15% kept visually quiet for captions; no black caption box; no neon; no horror; no flag/eagle/gear iconography; no fake archival damage; no fake date stamp; no invented newspaper; no logos unless source-grounded; no text except explicitly requested numbers. Create a precise editorial infographic/technical illustration for: normal versus reversed canal flow. Use restrained blueprint-like geometry and physical spatial clarity; visually understandable without dense labels. Render only the numbers listed in NUMBERS_TO_RENDER when present; all other labels added by editor.","LP-S06;LP-S07;LP-S10","","Generate as finished visual base; typography beyond listed numbers remains editor-native; preserve factual uncertainty; do not imitate a historical document."
"LP-GFX-037","GENERATED_GFX","LP-B054","16:9 1920x1080 Hidden Industrial America editorial documentary frame; charcoal #171A1C, iron #30363A, warm paper #E6DDC8, ivory #F3EBDD, faded rust #A55235, blueprint gray-blue #5F747D; clean cinematic composition; lower 15% kept visually quiet for captions; no black caption box; no neon; no horror; no flag/eagle/gear iconography; no fake archival damage; no fake date stamp; no invented newspaper; no logos unless source-grounded; no text except explicitly requested numbers. Create a precise editorial infographic/technical illustration for: elevation reversal cross-section. Use restrained blueprint-like geometry and physical spatial clarity; visually understandable without dense labels. Render only the numbers listed in NUMBERS_TO_RENDER when present; all other labels added by editor.","LP-S01;LP-S10","~150 ft reported waterfall","Generate as finished visual base; typography beyond listed numbers remains editor-native; preserve factual uncertainty; do not imitate a historical document."
"LP-GFX-038","GENERATED_GFX","LP-B057","16:9 1920x1080 Hidden Industrial America editorial documentary frame; charcoal #171A1C, iron #30363A, warm paper #E6DDC8, ivory #F3EBDD, faded rust #A55235, blueprint gray-blue #5F747D; clean cinematic composition; lower 15% kept visually quiet for captions; no black caption box; no neon; no horror; no flag/eagle/gear iconography; no fake archival damage; no fake date stamp; no invented newspaper; no logos unless source-grounded; no text except explicitly requested numbers. Create a precise editorial infographic/technical illustration for: before/after shallow basin to deeper post-event lake. Use restrained blueprint-like geometry and physical spatial clarity; visually understandable without dense labels. Render only the numbers listed in NUMBERS_TO_RENDER when present; all other labels added by editor.","LP-S01;LP-S02","","Generate as finished visual base; typography beyond listed numbers remains editor-native; preserve factual uncertainty; do not imitate a historical document."
"LP-GFX-039","GENERATED_GFX","LP-B058","16:9 1920x1080 Hidden Industrial America editorial documentary frame; charcoal #171A1C, iron #30363A, warm paper #E6DDC8, ivory #F3EBDD, faded rust #A55235, blueprint gray-blue #5F747D; clean cinematic composition; lower 15% kept visually quiet for captions; no black caption box; no neon; no horror; no flag/eagle/gear iconography; no fake archival damage; no fake date stamp; no invented newspaper; no logos unless source-grounded; no text except explicitly requested numbers. Create a precise editorial infographic/technical illustration for: zero fatalities hero statistic. Use restrained blueprint-like geometry and physical spatial clarity; visually understandable without dense labels. Render only the numbers listed in NUMBERS_TO_RENDER when present; all other labels added by editor.","LP-S01;LP-S02","0 deaths;52 escaped","Generate as finished visual base; typography beyond listed numbers remains editor-native; preserve factual uncertainty; do not imitate a historical document."
"LP-GFX-040","GENERATED_GFX","LP-B060","16:9 1920x1080 Hidden Industrial America editorial documentary frame; charcoal #171A1C, iron #30363A, warm paper #E6DDC8, ivory #F3EBDD, faded rust #A55235, blueprint gray-blue #5F747D; clean cinematic composition; lower 15% kept visually quiet for captions; no black caption box; no neon; no horror; no flag/eagle/gear iconography; no fake archival damage; no fake date stamp; no invented newspaper; no logos unless source-grounded; no text except explicitly requested numbers. Create a precise editorial infographic/technical illustration for: event consequences versus zero fatalities. Use restrained blueprint-like geometry and physical spatial clarity; visually understandable without dense labels. Render only the numbers listed in NUMBERS_TO_RENDER when present; all other labels added by editor.","LP-S01;LP-S02","0 deaths","Generate as finished visual base; typography beyond listed numbers remains editor-native; preserve factual uncertainty; do not imitate a historical document."
"LP-GFX-041","GENERATED_GFX","LP-B062","16:9 1920x1080 Hidden Industrial America editorial documentary frame; charcoal #171A1C, iron #30363A, warm paper #E6DDC8, ivory #F3EBDD, faded rust #A55235, blueprint gray-blue #5F747D; clean cinematic composition; lower 15% kept visually quiet for captions; no black caption box; no neon; no horror; no flag/eagle/gear iconography; no fake archival damage; no fake date stamp; no invented newspaper; no logos unless source-grounded; no text except explicitly requested numbers. Create a precise editorial infographic/technical illustration for: popular coordinate-error story versus unresolved federal finding. Use restrained blueprint-like geometry and physical spatial clarity; visually understandable without dense labels. Render only the numbers listed in NUMBERS_TO_RENDER when present; all other labels added by editor.","LP-S01;LP-S19","","Generate as finished visual base; typography beyond listed numbers remains editor-native; preserve factual uncertainty; do not imitate a historical document."
"LP-GFX-042","GENERATED_GFX","LP-B064","16:9 1920x1080 Hidden Industrial America editorial documentary frame; charcoal #171A1C, iron #30363A, warm paper #E6DDC8, ivory #F3EBDD, faded rust #A55235, blueprint gray-blue #5F747D; clean cinematic composition; lower 15% kept visually quiet for captions; no black caption box; no neon; no horror; no flag/eagle/gear iconography; no fake archival damage; no fake date stamp; no invented newspaper; no logos unless source-grounded; no text except explicitly requested numbers. Create a precise editorial infographic/technical illustration for: estimated drill-hole location near 1300-foot level. Use restrained blueprint-like geometry and physical spatial clarity; visually understandable without dense labels. Render only the numbers listed in NUMBERS_TO_RENDER when present; all other labels added by editor.","LP-S19","1300 ft","Generate as finished visual base; typography beyond listed numbers remains editor-native; preserve factual uncertainty; do not imitate a historical document."
"LP-GFX-043","GENERATED_GFX","LP-B065","16:9 1920x1080 Hidden Industrial America editorial documentary frame; charcoal #171A1C, iron #30363A, warm paper #E6DDC8, ivory #F3EBDD, faded rust #A55235, blueprint gray-blue #5F747D; clean cinematic composition; lower 15% kept visually quiet for captions; no black caption box; no neon; no horror; no flag/eagle/gear iconography; no fake archival damage; no fake date stamp; no invented newspaper; no logos unless source-grounded; no text except explicitly requested numbers. Create a precise editorial infographic/technical illustration for: competing penetration hypotheses. Use restrained blueprint-like geometry and physical spatial clarity; visually understandable without dense labels. Render only the numbers listed in NUMBERS_TO_RENDER when present; all other labels added by editor.","LP-S01;LP-S19","","Generate as finished visual base; typography beyond listed numbers remains editor-native; preserve factual uncertainty; do not imitate a historical document."
"LP-GFX-044","GENERATED_GFX","LP-B066","16:9 1920x1080 Hidden Industrial America editorial documentary frame; charcoal #171A1C, iron #30363A, warm paper #E6DDC8, ivory #F3EBDD, faded rust #A55235, blueprint gray-blue #5F747D; clean cinematic composition; lower 15% kept visually quiet for captions; no black caption box; no neon; no horror; no flag/eagle/gear iconography; no fake archival damage; no fake date stamp; no invented newspaper; no logos unless source-grounded; no text except explicitly requested numbers. Create a precise editorial infographic/technical illustration for: expert disagreement two-model comparison. Use restrained blueprint-like geometry and physical spatial clarity; visually understandable without dense labels. Render only the numbers listed in NUMBERS_TO_RENDER when present; all other labels added by editor.","LP-S01;LP-S14;LP-S19","","Generate as finished visual base; typography beyond listed numbers remains editor-native; preserve factual uncertainty; do not imitate a historical document."
"LP-GFX-045","GENERATED_GFX","LP-B067","16:9 1920x1080 Hidden Industrial America editorial documentary frame; charcoal #171A1C, iron #30363A, warm paper #E6DDC8, ivory #F3EBDD, faded rust #A55235, blueprint gray-blue #5F747D; clean cinematic composition; lower 15% kept visually quiet for captions; no black caption box; no neon; no horror; no flag/eagle/gear iconography; no fake archival damage; no fake date stamp; no invented newspaper; no logos unless source-grounded; no text except explicitly requested numbers. Create a precise editorial infographic/technical illustration for: evidence chain drilling-mine-inundation-estimate. Use restrained blueprint-like geometry and physical spatial clarity; visually understandable without dense labels. Render only the numbers listed in NUMBERS_TO_RENDER when present; all other labels added by editor.","LP-S01;LP-S19","","Generate as finished visual base; typography beyond listed numbers remains editor-native; preserve factual uncertainty; do not imitate a historical document."
"LP-GFX-046","GENERATED_GFX","LP-B068","16:9 1920x1080 Hidden Industrial America editorial documentary frame; charcoal #171A1C, iron #30363A, warm paper #E6DDC8, ivory #F3EBDD, faded rust #A55235, blueprint gray-blue #5F747D; clean cinematic composition; lower 15% kept visually quiet for captions; no black caption box; no neon; no horror; no flag/eagle/gear iconography; no fake archival damage; no fake date stamp; no invented newspaper; no logos unless source-grounded; no text except explicitly requested numbers. Create a precise editorial infographic/technical illustration for: known hydraulic connection versus unknown initiating geometry. Use restrained blueprint-like geometry and physical spatial clarity; visually understandable without dense labels. Render only the numbers listed in NUMBERS_TO_RENDER when present; all other labels added by editor.","LP-S01;LP-S19","","Generate as finished visual base; typography beyond listed numbers remains editor-native; preserve factual uncertainty; do not imitate a historical document."
"LP-GFX-047","GENERATED_GFX","LP-B069","16:9 1920x1080 Hidden Industrial America editorial documentary frame; charcoal #171A1C, iron #30363A, warm paper #E6DDC8, ivory #F3EBDD, faded rust #A55235, blueprint gray-blue #5F747D; clean cinematic composition; lower 15% kept visually quiet for captions; no black caption box; no neon; no horror; no flag/eagle/gear iconography; no fake archival damage; no fake date stamp; no invented newspaper; no logos unless source-grounded; no text except explicitly requested numbers. Create a precise editorial infographic/technical illustration for: evidence uncertainty / inaccessible physical scene. Use restrained blueprint-like geometry and physical spatial clarity; visually understandable without dense labels. Render only the numbers listed in NUMBERS_TO_RENDER when present; all other labels added by editor.","LP-S01;LP-S19","","Generate as finished visual base; typography beyond listed numbers remains editor-native; preserve factual uncertainty; do not imitate a historical document."
"LP-GFX-048","GENERATED_GFX","LP-B070","16:9 1920x1080 Hidden Industrial America editorial documentary frame; charcoal #171A1C, iron #30363A, warm paper #E6DDC8, ivory #F3EBDD, faded rust #A55235, blueprint gray-blue #5F747D; clean cinematic composition; lower 15% kept visually quiet for captions; no black caption box; no neon; no horror; no flag/eagle/gear iconography; no fake archival damage; no fake date stamp; no invented newspaper; no logos unless source-grounded; no text except explicitly requested numbers. Create a precise editorial infographic/technical illustration for: lawsuit amount typography. Use restrained blueprint-like geometry and physical spatial clarity; visually understandable without dense labels. Render only the numbers listed in NUMBERS_TO_RENDER when present; all other labels added by editor.","LP-S14","$260M","Generate as finished visual base; typography beyond listed numbers remains editor-native; preserve factual uncertainty; do not imitate a historical document."
"LP-GFX-049","GENERATED_GFX","LP-B071","16:9 1920x1080 Hidden Industrial America editorial documentary frame; charcoal #171A1C, iron #30363A, warm paper #E6DDC8, ivory #F3EBDD, faded rust #A55235, blueprint gray-blue #5F747D; clean cinematic composition; lower 15% kept visually quiet for captions; no black caption box; no neon; no horror; no flag/eagle/gear iconography; no fake archival damage; no fake date stamp; no invented newspaper; no logos unless source-grounded; no text except explicitly requested numbers. Create a precise editorial infographic/technical illustration for: settlement amount typography. Use restrained blueprint-like geometry and physical spatial clarity; visually understandable without dense labels. Render only the numbers listed in NUMBERS_TO_RENDER when present; all other labels added by editor.","LP-S14","$32M","Generate as finished visual base; typography beyond listed numbers remains editor-native; preserve factual uncertainty; do not imitate a historical document."
"LP-GFX-050","GENERATED_GFX","LP-B072","16:9 1920x1080 Hidden Industrial America editorial documentary frame; charcoal #171A1C, iron #30363A, warm paper #E6DDC8, ivory #F3EBDD, faded rust #A55235, blueprint gray-blue #5F747D; clean cinematic composition; lower 15% kept visually quiet for captions; no black caption box; no neon; no horror; no flag/eagle/gear iconography; no fake archival damage; no fake date stamp; no invented newspaper; no logos unless source-grounded; no text except explicitly requested numbers. Create a precise editorial infographic/technical illustration for: Live Oak settlement typography. Use restrained blueprint-like geometry and physical spatial clarity; visually understandable without dense labels. Render only the numbers listed in NUMBERS_TO_RENDER when present; all other labels added by editor.","LP-S14","$12.8M","Generate as finished visual base; typography beyond listed numbers remains editor-native; preserve factual uncertainty; do not imitate a historical document."
"LP-GFX-051","GENERATED_GFX","LP-B074","16:9 1920x1080 Hidden Industrial America editorial documentary frame; charcoal #171A1C, iron #30363A, warm paper #E6DDC8, ivory #F3EBDD, faded rust #A55235, blueprint gray-blue #5F747D; clean cinematic composition; lower 15% kept visually quiet for captions; no black caption box; no neon; no horror; no flag/eagle/gear iconography; no fake archival damage; no fake date stamp; no invented newspaper; no logos unless source-grounded; no text except explicitly requested numbers. Create a precise editorial infographic/technical illustration for: employment consequence typography. Use restrained blueprint-like geometry and physical spatial clarity; visually understandable without dense labels. Render only the numbers listed in NUMBERS_TO_RENDER when present; all other labels added by editor.","LP-S15","~250 employees","Generate as finished visual base; typography beyond listed numbers remains editor-native; preserve factual uncertainty; do not imitate a historical document."
"LP-GFX-052","GENERATED_GFX","LP-B078","16:9 1920x1080 Hidden Industrial America editorial documentary frame; charcoal #171A1C, iron #30363A, warm paper #E6DDC8, ivory #F3EBDD, faded rust #A55235, blueprint gray-blue #5F747D; clean cinematic composition; lower 15% kept visually quiet for captions; no black caption box; no neon; no horror; no flag/eagle/gear iconography; no fake archival damage; no fake date stamp; no invented newspaper; no logos unless source-grounded; no text except explicitly requested numbers. Create a precise editorial infographic/technical illustration for: salt-cavern gas storage principle. Use restrained blueprint-like geometry and physical spatial clarity; visually understandable without dense labels. Render only the numbers listed in NUMBERS_TO_RENDER when present; all other labels added by editor.","LP-S03;LP-S16","","Generate as finished visual base; typography beyond listed numbers remains editor-native; preserve factual uncertainty; do not imitate a historical document."
"LP-GFX-053","GENERATED_GFX","LP-B078","16:9 1920x1080 Hidden Industrial America editorial documentary frame; charcoal #171A1C, iron #30363A, warm paper #E6DDC8, ivory #F3EBDD, faded rust #A55235, blueprint gray-blue #5F747D; clean cinematic composition; lower 15% kept visually quiet for captions; no black caption box; no neon; no horror; no flag/eagle/gear iconography; no fake archival damage; no fake date stamp; no invented newspaper; no logos unless source-grounded; no text except explicitly requested numbers. Create a precise editorial infographic/technical illustration for: Jefferson Island storage pipeline connections. Use restrained blueprint-like geometry and physical spatial clarity; visually understandable without dense labels. Render only the numbers listed in NUMBERS_TO_RENDER when present; all other labels added by editor.","LP-S16","8 pipelines","Generate as finished visual base; typography beyond listed numbers remains editor-native; preserve factual uncertainty; do not imitate a historical document."
"LP-GFX-054","GENERATED_GFX","LP-B083","16:9 1920x1080 Hidden Industrial America editorial documentary frame; charcoal #171A1C, iron #30363A, warm paper #E6DDC8, ivory #F3EBDD, faded rust #A55235, blueprint gray-blue #5F747D; clean cinematic composition; lower 15% kept visually quiet for captions; no black caption box; no neon; no horror; no flag/eagle/gear iconography; no fake archival damage; no fake date stamp; no invented newspaper; no logos unless source-grounded; no text except explicitly requested numbers. Create a precise editorial infographic/technical illustration for: three-part consequence: mine flooded / shoreline collapsed / canal reversed. Use restrained blueprint-like geometry and physical spatial clarity; visually understandable without dense labels. Render only the numbers listed in NUMBERS_TO_RENDER when present; all other labels added by editor.","LP-S01;LP-S03","","Generate as finished visual base; typography beyond listed numbers remains editor-native; preserve factual uncertainty; do not imitate a historical document."
"LP-GFX-055","GENERATED_GFX","LP-B087","16:9 1920x1080 Hidden Industrial America editorial documentary frame; charcoal #171A1C, iron #30363A, warm paper #E6DDC8, ivory #F3EBDD, faded rust #A55235, blueprint gray-blue #5F747D; clean cinematic composition; lower 15% kept visually quiet for captions; no black caption box; no neon; no horror; no flag/eagle/gear iconography; no fake archival damage; no fake date stamp; no invented newspaper; no logos unless source-grounded; no text except explicitly requested numbers. Create a precise editorial infographic/technical illustration for: surface infrastructure versus hidden infrastructure final thesis. Use restrained blueprint-like geometry and physical spatial clarity; visually understandable without dense labels. Render only the numbers listed in NUMBERS_TO_RENDER when present; all other labels added by editor.","LP-S01;LP-S03","","Generate as finished visual base; typography beyond listed numbers remains editor-native; preserve factual uncertainty; do not imitate a historical document."
"LP-REC-001","RECONSTRUCTION","LP-B001-B002","16:9 1920x1080 Hidden Industrial America editorial documentary frame; charcoal #171A1C, iron #30363A, warm paper #E6DDC8, ivory #F3EBDD, faded rust #A55235, blueprint gray-blue #5F747D; clean cinematic composition; lower 15% kept visually quiet for captions; no black caption box; no neon; no horror; no flag/eagle/gear iconography; no fake archival damage; no fake date stamp; no invented newspaper; no logos unless source-grounded; no text except explicitly requested numbers. Modern source-grounded historical reconstruction, not an archival photograph: floating drilling platform on calm Lake Peigneur before failure. Louisiana, November 1980 industrial context; believable period equipment/clothing where people appear; restrained natural light; documentary realism; no sensational disaster spectacle; do not invent exact underground breach geometry or causation that sources do not establish.","LP-S01;EE-123","","Treat as explicit reconstruction in edit; never apply HISTORICAL SOURCE plaque; no fake film grain/date stamps; keep faces and critical action above subtitle-safe zone."
"LP-REC-002","RECONSTRUCTION","LP-B002","16:9 1920x1080 Hidden Industrial America editorial documentary frame; charcoal #171A1C, iron #30363A, warm paper #E6DDC8, ivory #F3EBDD, faded rust #A55235, blueprint gray-blue #5F747D; clean cinematic composition; lower 15% kept visually quiet for captions; no black caption box; no neon; no horror; no flag/eagle/gear iconography; no fake archival damage; no fake date stamp; no invented newspaper; no logos unless source-grounded; no text except explicitly requested numbers. Modern source-grounded historical reconstruction, not an archival photograph: drill floor with stuck drill assembly, restrained industrial tension. Louisiana, November 1980 industrial context; believable period equipment/clothing where people appear; restrained natural light; documentary realism; no sensational disaster spectacle; do not invent exact underground breach geometry or causation that sources do not establish.","LP-S01","","Treat as explicit reconstruction in edit; never apply HISTORICAL SOURCE plaque; no fake film grain/date stamps; keep faces and critical action above subtitle-safe zone."
"LP-REC-003","RECONSTRUCTION","LP-B002","16:9 1920x1080 Hidden Industrial America editorial documentary frame; charcoal #171A1C, iron #30363A, warm paper #E6DDC8, ivory #F3EBDD, faded rust #A55235, blueprint gray-blue #5F747D; clean cinematic composition; lower 15% kept visually quiet for captions; no black caption box; no neon; no horror; no flag/eagle/gear iconography; no fake archival damage; no fake date stamp; no invented newspaper; no logos unless source-grounded; no text except explicitly requested numbers. Modern source-grounded historical reconstruction, not an archival photograph: underground salt mine worker noticing first unexpected water. Louisiana, November 1980 industrial context; believable period equipment/clothing where people appear; restrained natural light; documentary realism; no sensational disaster spectacle; do not invent exact underground breach geometry or causation that sources do not establish.","LP-S01","","Treat as explicit reconstruction in edit; never apply HISTORICAL SOURCE plaque; no fake film grain/date stamps; keep faces and critical action above subtitle-safe zone."
"LP-REC-004","RECONSTRUCTION","LP-B003","16:9 1920x1080 Hidden Industrial America editorial documentary frame; charcoal #171A1C, iron #30363A, warm paper #E6DDC8, ivory #F3EBDD, faded rust #A55235, blueprint gray-blue #5F747D; clean cinematic composition; lower 15% kept visually quiet for captions; no black caption box; no neon; no horror; no flag/eagle/gear iconography; no fake archival damage; no fake date stamp; no invented newspaper; no logos unless source-grounded; no text except explicitly requested numbers. Modern source-grounded historical reconstruction, not an archival photograph: wide underground mine scale with workers dispersed through workings. Louisiana, November 1980 industrial context; believable period equipment/clothing where people appear; restrained natural light; documentary realism; no sensational disaster spectacle; do not invent exact underground breach geometry or causation that sources do not establish.","LP-S01;LP-S02","","Treat as explicit reconstruction in edit; never apply HISTORICAL SOURCE plaque; no fake film grain/date stamps; keep faces and critical action above subtitle-safe zone."
"LP-REC-005","RECONSTRUCTION","LP-B004","16:9 1920x1080 Hidden Industrial America editorial documentary frame; charcoal #171A1C, iron #30363A, warm paper #E6DDC8, ivory #F3EBDD, faded rust #A55235, blueprint gray-blue #5F747D; clean cinematic composition; lower 15% kept visually quiet for captions; no black caption box; no neon; no horror; no flag/eagle/gear iconography; no fake archival damage; no fake date stamp; no invented newspaper; no logos unless source-grounded; no text except explicitly requested numbers. Modern source-grounded historical reconstruction, not an archival photograph: surface lake and distant industrial platform before landscape failure. Louisiana, November 1980 industrial context; believable period equipment/clothing where people appear; restrained natural light; documentary realism; no sensational disaster spectacle; do not invent exact underground breach geometry or causation that sources do not establish.","LP-S01;EE-123","","Treat as explicit reconstruction in edit; never apply HISTORICAL SOURCE plaque; no fake film grain/date stamps; keep faces and critical action above subtitle-safe zone."
"LP-REC-006","RECONSTRUCTION","LP-B007","16:9 1920x1080 Hidden Industrial America editorial documentary frame; charcoal #171A1C, iron #30363A, warm paper #E6DDC8, ivory #F3EBDD, faded rust #A55235, blueprint gray-blue #5F747D; clean cinematic composition; lower 15% kept visually quiet for captions; no black caption box; no neon; no horror; no flag/eagle/gear iconography; no fake archival damage; no fake date stamp; no invented newspaper; no logos unless source-grounded; no text except explicitly requested numbers. Modern source-grounded historical reconstruction, not an archival photograph: pre-event lake-level industrial establishing view with drilling platform. Louisiana, November 1980 industrial context; believable period equipment/clothing where people appear; restrained natural light; documentary realism; no sensational disaster spectacle; do not invent exact underground breach geometry or causation that sources do not establish.","LP-S01;EE-123","","Treat as explicit reconstruction in edit; never apply HISTORICAL SOURCE plaque; no fake film grain/date stamps; keep faces and critical action above subtitle-safe zone."
"LP-REC-007","RECONSTRUCTION","LP-B010","16:9 1920x1080 Hidden Industrial America editorial documentary frame; charcoal #171A1C, iron #30363A, warm paper #E6DDC8, ivory #F3EBDD, faded rust #A55235, blueprint gray-blue #5F747D; clean cinematic composition; lower 15% kept visually quiet for captions; no black caption box; no neon; no horror; no flag/eagle/gear iconography; no fake archival damage; no fake date stamp; no invented newspaper; no logos unless source-grounded; no text except explicitly requested numbers. Modern source-grounded historical reconstruction, not an archival photograph: working room-and-pillar salt mine interior circa 1980. Louisiana, November 1980 industrial context; believable period equipment/clothing where people appear; restrained natural light; documentary realism; no sensational disaster spectacle; do not invent exact underground breach geometry or causation that sources do not establish.","LP-S01;LP-S04","","Treat as explicit reconstruction in edit; never apply HISTORICAL SOURCE plaque; no fake film grain/date stamps; keep faces and critical action above subtitle-safe zone."
"LP-REC-008","RECONSTRUCTION","LP-B014","16:9 1920x1080 Hidden Industrial America editorial documentary frame; charcoal #171A1C, iron #30363A, warm paper #E6DDC8, ivory #F3EBDD, faded rust #A55235, blueprint gray-blue #5F747D; clean cinematic composition; lower 15% kept visually quiet for captions; no black caption box; no neon; no horror; no flag/eagle/gear iconography; no fake archival damage; no fake date stamp; no invented newspaper; no logos unless source-grounded; no text except explicitly requested numbers. Modern source-grounded historical reconstruction, not an archival photograph: floating exploratory drilling operation above lake. Louisiana, November 1980 industrial context; believable period equipment/clothing where people appear; restrained natural light; documentary realism; no sensational disaster spectacle; do not invent exact underground breach geometry or causation that sources do not establish.","LP-S01","","Treat as explicit reconstruction in edit; never apply HISTORICAL SOURCE plaque; no fake film grain/date stamps; keep faces and critical action above subtitle-safe zone."
"LP-REC-009","RECONSTRUCTION","LP-B014-B015","16:9 1920x1080 Hidden Industrial America editorial documentary frame; charcoal #171A1C, iron #30363A, warm paper #E6DDC8, ivory #F3EBDD, faded rust #A55235, blueprint gray-blue #5F747D; clean cinematic composition; lower 15% kept visually quiet for captions; no black caption box; no neon; no horror; no flag/eagle/gear iconography; no fake archival damage; no fake date stamp; no invented newspaper; no logos unless source-grounded; no text except explicitly requested numbers. Modern source-grounded historical reconstruction, not an archival photograph: conceptual cinematic cutaway showing vertical drill above horizontal mine. Louisiana, November 1980 industrial context; believable period equipment/clothing where people appear; restrained natural light; documentary realism; no sensational disaster spectacle; do not invent exact underground breach geometry or causation that sources do not establish.","LP-S01;LP-S19","","Treat as explicit reconstruction in edit; never apply HISTORICAL SOURCE plaque; no fake film grain/date stamps; keep faces and critical action above subtitle-safe zone."
"LP-REC-010","RECONSTRUCTION","LP-B015","16:9 1920x1080 Hidden Industrial America editorial documentary frame; charcoal #171A1C, iron #30363A, warm paper #E6DDC8, ivory #F3EBDD, faded rust #A55235, blueprint gray-blue #5F747D; clean cinematic composition; lower 15% kept visually quiet for captions; no black caption box; no neon; no horror; no flag/eagle/gear iconography; no fake archival damage; no fake date stamp; no invented newspaper; no logos unless source-grounded; no text except explicitly requested numbers. Modern source-grounded historical reconstruction, not an archival photograph: macro cinematic salt wall with fresh water beginning to dissolve surface. Louisiana, November 1980 industrial context; believable period equipment/clothing where people appear; restrained natural light; documentary realism; no sensational disaster spectacle; do not invent exact underground breach geometry or causation that sources do not establish.","LP-S01;LP-S04","","Treat as explicit reconstruction in edit; never apply HISTORICAL SOURCE plaque; no fake film grain/date stamps; keep faces and critical action above subtitle-safe zone."
"LP-REC-011","RECONSTRUCTION","LP-B016","16:9 1920x1080 Hidden Industrial America editorial documentary frame; charcoal #171A1C, iron #30363A, warm paper #E6DDC8, ivory #F3EBDD, faded rust #A55235, blueprint gray-blue #5F747D; clean cinematic composition; lower 15% kept visually quiet for captions; no black caption box; no neon; no horror; no flag/eagle/gear iconography; no fake archival damage; no fake date stamp; no invented newspaper; no logos unless source-grounded; no text except explicitly requested numbers. Modern source-grounded historical reconstruction, not an archival photograph: drill crew confronting stuck assembly on platform. Louisiana, November 1980 industrial context; believable period equipment/clothing where people appear; restrained natural light; documentary realism; no sensational disaster spectacle; do not invent exact underground breach geometry or causation that sources do not establish.","LP-S01","","Treat as explicit reconstruction in edit; never apply HISTORICAL SOURCE plaque; no fake film grain/date stamps; keep faces and critical action above subtitle-safe zone."
"LP-REC-012","RECONSTRUCTION","LP-B016","16:9 1920x1080 Hidden Industrial America editorial documentary frame; charcoal #171A1C, iron #30363A, warm paper #E6DDC8, ivory #F3EBDD, faded rust #A55235, blueprint gray-blue #5F747D; clean cinematic composition; lower 15% kept visually quiet for captions; no black caption box; no neon; no horror; no flag/eagle/gear iconography; no fake archival damage; no fake date stamp; no invented newspaper; no logos unless source-grounded; no text except explicitly requested numbers. Modern source-grounded historical reconstruction, not an archival photograph: underground perspective near 1300-foot working level without invented breach geometry. Louisiana, November 1980 industrial context; believable period equipment/clothing where people appear; restrained natural light; documentary realism; no sensational disaster spectacle; do not invent exact underground breach geometry or causation that sources do not establish.","LP-S01;LP-S19","","Treat as explicit reconstruction in edit; never apply HISTORICAL SOURCE plaque; no fake film grain/date stamps; keep faces and critical action above subtitle-safe zone."
"LP-REC-013","RECONSTRUCTION","LP-B017","16:9 1920x1080 Hidden Industrial America editorial documentary frame; charcoal #171A1C, iron #30363A, warm paper #E6DDC8, ivory #F3EBDD, faded rust #A55235, blueprint gray-blue #5F747D; clean cinematic composition; lower 15% kept visually quiet for captions; no black caption box; no neon; no horror; no flag/eagle/gear iconography; no fake archival damage; no fake date stamp; no invented newspaper; no logos unless source-grounded; no text except explicitly requested numbers. Modern source-grounded historical reconstruction, not an archival photograph: first water entering salt-mine passage. Louisiana, November 1980 industrial context; believable period equipment/clothing where people appear; restrained natural light; documentary realism; no sensational disaster spectacle; do not invent exact underground breach geometry or causation that sources do not establish.","LP-S01","","Treat as explicit reconstruction in edit; never apply HISTORICAL SOURCE plaque; no fake film grain/date stamps; keep faces and critical action above subtitle-safe zone."
"LP-REC-014","RECONSTRUCTION","LP-B018","16:9 1920x1080 Hidden Industrial America editorial documentary frame; charcoal #171A1C, iron #30363A, warm paper #E6DDC8, ivory #F3EBDD, faded rust #A55235, blueprint gray-blue #5F747D; clean cinematic composition; lower 15% kept visually quiet for captions; no black caption box; no neon; no horror; no flag/eagle/gear iconography; no fake archival damage; no fake date stamp; no invented newspaper; no logos unless source-grounded; no text except explicitly requested numbers. Modern source-grounded historical reconstruction, not an archival photograph: water spreading across mine floor toward camera. Louisiana, November 1980 industrial context; believable period equipment/clothing where people appear; restrained natural light; documentary realism; no sensational disaster spectacle; do not invent exact underground breach geometry or causation that sources do not establish.","LP-S01","","Treat as explicit reconstruction in edit; never apply HISTORICAL SOURCE plaque; no fake film grain/date stamps; keep faces and critical action above subtitle-safe zone."
"LP-REC-015","RECONSTRUCTION","LP-B020","16:9 1920x1080 Hidden Industrial America editorial documentary frame; charcoal #171A1C, iron #30363A, warm paper #E6DDC8, ivory #F3EBDD, faded rust #A55235, blueprint gray-blue #5F747D; clean cinematic composition; lower 15% kept visually quiet for captions; no black caption box; no neon; no horror; no flag/eagle/gear iconography; no fake archival damage; no fake date stamp; no invented newspaper; no logos unless source-grounded; no text except explicitly requested numbers. Modern source-grounded historical reconstruction, not an archival photograph: miners reacting to escalating water emergency in industrial passage. Louisiana, November 1980 industrial context; believable period equipment/clothing where people appear; restrained natural light; documentary realism; no sensational disaster spectacle; do not invent exact underground breach geometry or causation that sources do not establish.","LP-S01;LP-S02","","Treat as explicit reconstruction in edit; never apply HISTORICAL SOURCE plaque; no fake film grain/date stamps; keep faces and critical action above subtitle-safe zone."
"LP-REC-016","RECONSTRUCTION","LP-B021-B022","16:9 1920x1080 Hidden Industrial America editorial documentary frame; charcoal #171A1C, iron #30363A, warm paper #E6DDC8, ivory #F3EBDD, faded rust #A55235, blueprint gray-blue #5F747D; clean cinematic composition; lower 15% kept visually quiet for captions; no black caption box; no neon; no horror; no flag/eagle/gear iconography; no fake archival damage; no fake date stamp; no invented newspaper; no logos unless source-grounded; no text except explicitly requested numbers. Modern source-grounded historical reconstruction, not an archival photograph: workers on separate mine levels receiving evacuation warning. Louisiana, November 1980 industrial context; believable period equipment/clothing where people appear; restrained natural light; documentary realism; no sensational disaster spectacle; do not invent exact underground breach geometry or causation that sources do not establish.","LP-S01;LP-S02","","Treat as explicit reconstruction in edit; never apply HISTORICAL SOURCE plaque; no fake film grain/date stamps; keep faces and critical action above subtitle-safe zone."
"LP-REC-017","RECONSTRUCTION","LP-B023","16:9 1920x1080 Hidden Industrial America editorial documentary frame; charcoal #171A1C, iron #30363A, warm paper #E6DDC8, ivory #F3EBDD, faded rust #A55235, blueprint gray-blue #5F747D; clean cinematic composition; lower 15% kept visually quiet for captions; no black caption box; no neon; no horror; no flag/eagle/gear iconography; no fake archival damage; no fake date stamp; no invented newspaper; no logos unless source-grounded; no text except explicitly requested numbers. Modern source-grounded historical reconstruction, not an archival photograph: miners moving quickly through long salt-mine corridor. Louisiana, November 1980 industrial context; believable period equipment/clothing where people appear; restrained natural light; documentary realism; no sensational disaster spectacle; do not invent exact underground breach geometry or causation that sources do not establish.","LP-S01;LP-S02","","Treat as explicit reconstruction in edit; never apply HISTORICAL SOURCE plaque; no fake film grain/date stamps; keep faces and critical action above subtitle-safe zone."
"LP-REC-018","RECONSTRUCTION","LP-B023","16:9 1920x1080 Hidden Industrial America editorial documentary frame; charcoal #171A1C, iron #30363A, warm paper #E6DDC8, ivory #F3EBDD, faded rust #A55235, blueprint gray-blue #5F747D; clean cinematic composition; lower 15% kept visually quiet for captions; no black caption box; no neon; no horror; no flag/eagle/gear iconography; no fake archival damage; no fake date stamp; no invented newspaper; no logos unless source-grounded; no text except explicitly requested numbers. Modern source-grounded historical reconstruction, not an archival photograph: wide junction with workers choosing marked exit route. Louisiana, November 1980 industrial context; believable period equipment/clothing where people appear; restrained natural light; documentary realism; no sensational disaster spectacle; do not invent exact underground breach geometry or causation that sources do not establish.","LP-S01;LP-S02","","Treat as explicit reconstruction in edit; never apply HISTORICAL SOURCE plaque; no fake film grain/date stamps; keep faces and critical action above subtitle-safe zone."
"LP-REC-019","RECONSTRUCTION","LP-B024","16:9 1920x1080 Hidden Industrial America editorial documentary frame; charcoal #171A1C, iron #30363A, warm paper #E6DDC8, ivory #F3EBDD, faded rust #A55235, blueprint gray-blue #5F747D; clean cinematic composition; lower 15% kept visually quiet for captions; no black caption box; no neon; no horror; no flag/eagle/gear iconography; no fake archival damage; no fake date stamp; no invented newspaper; no logos unless source-grounded; no text except explicitly requested numbers. Modern source-grounded historical reconstruction, not an archival photograph: supervisor checking crew/accountability underground. Louisiana, November 1980 industrial context; believable period equipment/clothing where people appear; restrained natural light; documentary realism; no sensational disaster spectacle; do not invent exact underground breach geometry or causation that sources do not establish.","LP-S01;LP-S02","","Treat as explicit reconstruction in edit; never apply HISTORICAL SOURCE plaque; no fake film grain/date stamps; keep faces and critical action above subtitle-safe zone."
"LP-REC-020","RECONSTRUCTION","LP-B024","16:9 1920x1080 Hidden Industrial America editorial documentary frame; charcoal #171A1C, iron #30363A, warm paper #E6DDC8, ivory #F3EBDD, faded rust #A55235, blueprint gray-blue #5F747D; clean cinematic composition; lower 15% kept visually quiet for captions; no black caption box; no neon; no horror; no flag/eagle/gear iconography; no fake archival damage; no fake date stamp; no invented newspaper; no logos unless source-grounded; no text except explicitly requested numbers. Modern source-grounded historical reconstruction, not an archival photograph: search pair moving through mine passage for remaining workers. Louisiana, November 1980 industrial context; believable period equipment/clothing where people appear; restrained natural light; documentary realism; no sensational disaster spectacle; do not invent exact underground breach geometry or causation that sources do not establish.","LP-S01;LP-S02","","Treat as explicit reconstruction in edit; never apply HISTORICAL SOURCE plaque; no fake film grain/date stamps; keep faces and critical action above subtitle-safe zone."
"LP-REC-021","RECONSTRUCTION","LP-B025","16:9 1920x1080 Hidden Industrial America editorial documentary frame; charcoal #171A1C, iron #30363A, warm paper #E6DDC8, ivory #F3EBDD, faded rust #A55235, blueprint gray-blue #5F747D; clean cinematic composition; lower 15% kept visually quiet for captions; no black caption box; no neon; no horror; no flag/eagle/gear iconography; no fake archival damage; no fake date stamp; no invented newspaper; no logos unless source-grounded; no text except explicitly requested numbers. Modern source-grounded historical reconstruction, not an archival photograph: workers crossing changing wet mine environment during evacuation. Louisiana, November 1980 industrial context; believable period equipment/clothing where people appear; restrained natural light; documentary realism; no sensational disaster spectacle; do not invent exact underground breach geometry or causation that sources do not establish.","LP-S01;LP-S02","","Treat as explicit reconstruction in edit; never apply HISTORICAL SOURCE plaque; no fake film grain/date stamps; keep faces and critical action above subtitle-safe zone."
"LP-REC-022","RECONSTRUCTION","LP-B026","16:9 1920x1080 Hidden Industrial America editorial documentary frame; charcoal #171A1C, iron #30363A, warm paper #E6DDC8, ivory #F3EBDD, faded rust #A55235, blueprint gray-blue #5F747D; clean cinematic composition; lower 15% kept visually quiet for captions; no black caption box; no neon; no horror; no flag/eagle/gear iconography; no fake archival damage; no fake date stamp; no invented newspaper; no logos unless source-grounded; no text except explicitly requested numbers. Modern source-grounded historical reconstruction, not an archival photograph: close human-scale evacuation under uncertainty, no panic spectacle. Louisiana, November 1980 industrial context; believable period equipment/clothing where people appear; restrained natural light; documentary realism; no sensational disaster spectacle; do not invent exact underground breach geometry or causation that sources do not establish.","LP-S01;LP-S02","","Treat as explicit reconstruction in edit; never apply HISTORICAL SOURCE plaque; no fake film grain/date stamps; keep faces and critical action above subtitle-safe zone."
"LP-REC-023","RECONSTRUCTION","LP-B027","16:9 1920x1080 Hidden Industrial America editorial documentary frame; charcoal #171A1C, iron #30363A, warm paper #E6DDC8, ivory #F3EBDD, faded rust #A55235, blueprint gray-blue #5F747D; clean cinematic composition; lower 15% kept visually quiet for captions; no black caption box; no neon; no horror; no flag/eagle/gear iconography; no fake archival damage; no fake date stamp; no invented newspaper; no logos unless source-grounded; no text except explicitly requested numbers. Modern source-grounded historical reconstruction, not an archival photograph: final group approaching shaft/exit area. Louisiana, November 1980 industrial context; believable period equipment/clothing where people appear; restrained natural light; documentary realism; no sensational disaster spectacle; do not invent exact underground breach geometry or causation that sources do not establish.","LP-S01;LP-S02","","Treat as explicit reconstruction in edit; never apply HISTORICAL SOURCE plaque; no fake film grain/date stamps; keep faces and critical action above subtitle-safe zone."
"LP-REC-024","RECONSTRUCTION","LP-B028","16:9 1920x1080 Hidden Industrial America editorial documentary frame; charcoal #171A1C, iron #30363A, warm paper #E6DDC8, ivory #F3EBDD, faded rust #A55235, blueprint gray-blue #5F747D; clean cinematic composition; lower 15% kept visually quiet for captions; no black caption box; no neon; no horror; no flag/eagle/gear iconography; no fake archival damage; no fake date stamp; no invented newspaper; no logos unless source-grounded; no text except explicitly requested numbers. Modern source-grounded historical reconstruction, not an archival photograph: emptying mine passage after evacuation, water advancing. Louisiana, November 1980 industrial context; believable period equipment/clothing where people appear; restrained natural light; documentary realism; no sensational disaster spectacle; do not invent exact underground breach geometry or causation that sources do not establish.","LP-S01;LP-S02","","Treat as explicit reconstruction in edit; never apply HISTORICAL SOURCE plaque; no fake film grain/date stamps; keep faces and critical action above subtitle-safe zone."
"LP-REC-025","RECONSTRUCTION","LP-B029","16:9 1920x1080 Hidden Industrial America editorial documentary frame; charcoal #171A1C, iron #30363A, warm paper #E6DDC8, ivory #F3EBDD, faded rust #A55235, blueprint gray-blue #5F747D; clean cinematic composition; lower 15% kept visually quiet for captions; no black caption box; no neon; no horror; no flag/eagle/gear iconography; no fake archival damage; no fake date stamp; no invented newspaper; no logos unless source-grounded; no text except explicitly requested numbers. Modern source-grounded historical reconstruction, not an archival photograph: workers safely gathered at surface industrial area after exit. Louisiana, November 1980 industrial context; believable period equipment/clothing where people appear; restrained natural light; documentary realism; no sensational disaster spectacle; do not invent exact underground breach geometry or causation that sources do not establish.","LP-S01;LP-S02","","Treat as explicit reconstruction in edit; never apply HISTORICAL SOURCE plaque; no fake film grain/date stamps; keep faces and critical action above subtitle-safe zone."
"LP-REC-026","RECONSTRUCTION","LP-B030","16:9 1920x1080 Hidden Industrial America editorial documentary frame; charcoal #171A1C, iron #30363A, warm paper #E6DDC8, ivory #F3EBDD, faded rust #A55235, blueprint gray-blue #5F747D; clean cinematic composition; lower 15% kept visually quiet for captions; no black caption box; no neon; no horror; no flag/eagle/gear iconography; no fake archival damage; no fake date stamp; no invented newspaper; no logos unless source-grounded; no text except explicitly requested numbers. Modern source-grounded historical reconstruction, not an archival photograph: seven-man drilling crew abandoning platform safely. Louisiana, November 1980 industrial context; believable period equipment/clothing where people appear; restrained natural light; documentary realism; no sensational disaster spectacle; do not invent exact underground breach geometry or causation that sources do not establish.","LP-S01;LP-S11","","Treat as explicit reconstruction in edit; never apply HISTORICAL SOURCE plaque; no fake film grain/date stamps; keep faces and critical action above subtitle-safe zone."
"LP-REC-027","RECONSTRUCTION","LP-B030","16:9 1920x1080 Hidden Industrial America editorial documentary frame; charcoal #171A1C, iron #30363A, warm paper #E6DDC8, ivory #F3EBDD, faded rust #A55235, blueprint gray-blue #5F747D; clean cinematic composition; lower 15% kept visually quiet for captions; no black caption box; no neon; no horror; no flag/eagle/gear iconography; no fake archival damage; no fake date stamp; no invented newspaper; no logos unless source-grounded; no text except explicitly requested numbers. Modern source-grounded historical reconstruction, not an archival photograph: empty drilling platform moments before disappearance. Louisiana, November 1980 industrial context; believable period equipment/clothing where people appear; restrained natural light; documentary realism; no sensational disaster spectacle; do not invent exact underground breach geometry or causation that sources do not establish.","LP-S01;LP-S11","","Treat as explicit reconstruction in edit; never apply HISTORICAL SOURCE plaque; no fake film grain/date stamps; keep faces and critical action above subtitle-safe zone."
"LP-REC-028","RECONSTRUCTION","LP-B031","16:9 1920x1080 Hidden Industrial America editorial documentary frame; charcoal #171A1C, iron #30363A, warm paper #E6DDC8, ivory #F3EBDD, faded rust #A55235, blueprint gray-blue #5F747D; clean cinematic composition; lower 15% kept visually quiet for captions; no black caption box; no neon; no horror; no flag/eagle/gear iconography; no fake archival damage; no fake date stamp; no invented newspaper; no logos unless source-grounded; no text except explicitly requested numbers. Modern source-grounded historical reconstruction, not an archival photograph: lake surface visibly pulling toward developing failure zone. Louisiana, November 1980 industrial context; believable period equipment/clothing where people appear; restrained natural light; documentary realism; no sensational disaster spectacle; do not invent exact underground breach geometry or causation that sources do not establish.","LP-S01;EE-126","","Treat as explicit reconstruction in edit; never apply HISTORICAL SOURCE plaque; no fake film grain/date stamps; keep faces and critical action above subtitle-safe zone."
"LP-REC-029","RECONSTRUCTION","LP-B032","16:9 1920x1080 Hidden Industrial America editorial documentary frame; charcoal #171A1C, iron #30363A, warm paper #E6DDC8, ivory #F3EBDD, faded rust #A55235, blueprint gray-blue #5F747D; clean cinematic composition; lower 15% kept visually quiet for captions; no black caption box; no neon; no horror; no flag/eagle/gear iconography; no fake archival damage; no fake date stamp; no invented newspaper; no logos unless source-grounded; no text except explicitly requested numbers. Modern source-grounded historical reconstruction, not an archival photograph: boats and floating industrial material drifting toward collapse zone. Louisiana, November 1980 industrial context; believable period equipment/clothing where people appear; restrained natural light; documentary realism; no sensational disaster spectacle; do not invent exact underground breach geometry or causation that sources do not establish.","LP-S01;EE-125","","Treat as explicit reconstruction in edit; never apply HISTORICAL SOURCE plaque; no fake film grain/date stamps; keep faces and critical action above subtitle-safe zone."
"LP-REC-030","RECONSTRUCTION","LP-B033","16:9 1920x1080 Hidden Industrial America editorial documentary frame; charcoal #171A1C, iron #30363A, warm paper #E6DDC8, ivory #F3EBDD, faded rust #A55235, blueprint gray-blue #5F747D; clean cinematic composition; lower 15% kept visually quiet for captions; no black caption box; no neon; no horror; no flag/eagle/gear iconography; no fake archival damage; no fake date stamp; no invented newspaper; no logos unless source-grounded; no text except explicitly requested numbers. Modern source-grounded historical reconstruction, not an archival photograph: shoreline edge failing into moving water. Louisiana, November 1980 industrial context; believable period equipment/clothing where people appear; restrained natural light; documentary realism; no sensational disaster spectacle; do not invent exact underground breach geometry or causation that sources do not establish.","LP-S01;EE-126","","Treat as explicit reconstruction in edit; never apply HISTORICAL SOURCE plaque; no fake film grain/date stamps; keep faces and critical action above subtitle-safe zone."
"LP-REC-031","RECONSTRUCTION","LP-B035","16:9 1920x1080 Hidden Industrial America editorial documentary frame; charcoal #171A1C, iron #30363A, warm paper #E6DDC8, ivory #F3EBDD, faded rust #A55235, blueprint gray-blue #5F747D; clean cinematic composition; lower 15% kept visually quiet for captions; no black caption box; no neon; no horror; no flag/eagle/gear iconography; no fake archival damage; no fake date stamp; no invented newspaper; no logos unless source-grounded; no text except explicitly requested numbers. Modern source-grounded historical reconstruction, not an archival photograph: ground and shoreline collapsing as basin geometry changes. Louisiana, November 1980 industrial context; believable period equipment/clothing where people appear; restrained natural light; documentary realism; no sensational disaster spectacle; do not invent exact underground breach geometry or causation that sources do not establish.","LP-S01;EE-127","","Treat as explicit reconstruction in edit; never apply HISTORICAL SOURCE plaque; no fake film grain/date stamps; keep faces and critical action above subtitle-safe zone."
"LP-REC-032","RECONSTRUCTION","LP-B036","16:9 1920x1080 Hidden Industrial America editorial documentary frame; charcoal #171A1C, iron #30363A, warm paper #E6DDC8, ivory #F3EBDD, faded rust #A55235, blueprint gray-blue #5F747D; clean cinematic composition; lower 15% kept visually quiet for captions; no black caption box; no neon; no horror; no flag/eagle/gear iconography; no fake archival damage; no fake date stamp; no invented newspaper; no logos unless source-grounded; no text except explicitly requested numbers. Modern source-grounded historical reconstruction, not an archival photograph: wide Jefferson Island shoreline reshaped by subsidence. Louisiana, November 1980 industrial context; believable period equipment/clothing where people appear; restrained natural light; documentary realism; no sensational disaster spectacle; do not invent exact underground breach geometry or causation that sources do not establish.","LP-S01;EE-131","","Treat as explicit reconstruction in edit; never apply HISTORICAL SOURCE plaque; no fake film grain/date stamps; keep faces and critical action above subtitle-safe zone."
"LP-REC-033","RECONSTRUCTION","LP-B037-B038","16:9 1920x1080 Hidden Industrial America editorial documentary frame; charcoal #171A1C, iron #30363A, warm paper #E6DDC8, ivory #F3EBDD, faded rust #A55235, blueprint gray-blue #5F747D; clean cinematic composition; lower 15% kept visually quiet for captions; no black caption box; no neon; no horror; no flag/eagle/gear iconography; no fake archival damage; no fake date stamp; no invented newspaper; no logos unless source-grounded; no text except explicitly requested numbers. Modern source-grounded historical reconstruction, not an archival photograph: cinematic close detail of fresh water carving channels in salt. Louisiana, November 1980 industrial context; believable period equipment/clothing where people appear; restrained natural light; documentary realism; no sensational disaster spectacle; do not invent exact underground breach geometry or causation that sources do not establish.","LP-S01;LP-S04","","Treat as explicit reconstruction in edit; never apply HISTORICAL SOURCE plaque; no fake film grain/date stamps; keep faces and critical action above subtitle-safe zone."
"LP-REC-034","RECONSTRUCTION","LP-B043","16:9 1920x1080 Hidden Industrial America editorial documentary frame; charcoal #171A1C, iron #30363A, warm paper #E6DDC8, ivory #F3EBDD, faded rust #A55235, blueprint gray-blue #5F747D; clean cinematic composition; lower 15% kept visually quiet for captions; no black caption box; no neon; no horror; no flag/eagle/gear iconography; no fake archival damage; no fake date stamp; no invented newspaper; no logos unless source-grounded; no text except explicitly requested numbers. Modern source-grounded historical reconstruction, not an archival photograph: dark industrial mine void receiving increasing water, geometry deliberately non-specific. Louisiana, November 1980 industrial context; believable period equipment/clothing where people appear; restrained natural light; documentary realism; no sensational disaster spectacle; do not invent exact underground breach geometry or causation that sources do not establish.","LP-S01","","Treat as explicit reconstruction in edit; never apply HISTORICAL SOURCE plaque; no fake film grain/date stamps; keep faces and critical action above subtitle-safe zone."
"LP-REC-035","RECONSTRUCTION","LP-B044","16:9 1920x1080 Hidden Industrial America editorial documentary frame; charcoal #171A1C, iron #30363A, warm paper #E6DDC8, ivory #F3EBDD, faded rust #A55235, blueprint gray-blue #5F747D; clean cinematic composition; lower 15% kept visually quiet for captions; no black caption box; no neon; no horror; no flag/eagle/gear iconography; no fake archival damage; no fake date stamp; no invented newspaper; no logos unless source-grounded; no text except explicitly requested numbers. Modern source-grounded historical reconstruction, not an archival photograph: large salt-mine chamber under flooding stress, no exact breach claim. Louisiana, November 1980 industrial context; believable period equipment/clothing where people appear; restrained natural light; documentary realism; no sensational disaster spectacle; do not invent exact underground breach geometry or causation that sources do not establish.","LP-S01","","Treat as explicit reconstruction in edit; never apply HISTORICAL SOURCE plaque; no fake film grain/date stamps; keep faces and critical action above subtitle-safe zone."
"LP-REC-036","RECONSTRUCTION","LP-B047","16:9 1920x1080 Hidden Industrial America editorial documentary frame; charcoal #171A1C, iron #30363A, warm paper #E6DDC8, ivory #F3EBDD, faded rust #A55235, blueprint gray-blue #5F747D; clean cinematic composition; lower 15% kept visually quiet for captions; no black caption box; no neon; no horror; no flag/eagle/gear iconography; no fake archival damage; no fake date stamp; no invented newspaper; no logos unless source-grounded; no text except explicitly requested numbers. Modern source-grounded historical reconstruction, not an archival photograph: water accelerating through enlarging salt pathway, conceptual reconstruction. Louisiana, November 1980 industrial context; believable period equipment/clothing where people appear; restrained natural light; documentary realism; no sensational disaster spectacle; do not invent exact underground breach geometry or causation that sources do not establish.","LP-S01;LP-S04","","Treat as explicit reconstruction in edit; never apply HISTORICAL SOURCE plaque; no fake film grain/date stamps; keep faces and critical action above subtitle-safe zone."
"LP-REC-037","RECONSTRUCTION","LP-B052","16:9 1920x1080 Hidden Industrial America editorial documentary frame; charcoal #171A1C, iron #30363A, warm paper #E6DDC8, ivory #F3EBDD, faded rust #A55235, blueprint gray-blue #5F747D; clean cinematic composition; lower 15% kept visually quiet for captions; no black caption box; no neon; no horror; no flag/eagle/gear iconography; no fake archival damage; no fake date stamp; no invented newspaper; no logos unless source-grounded; no text except explicitly requested numbers. Modern source-grounded historical reconstruction, not an archival photograph: Delcambre Canal water rushing inland toward lowered lake, no exact waterfall geometry. Louisiana, November 1980 industrial context; believable period equipment/clothing where people appear; restrained natural light; documentary realism; no sensational disaster spectacle; do not invent exact underground breach geometry or causation that sources do not establish.","LP-S10;EE-128","","Treat as explicit reconstruction in edit; never apply HISTORICAL SOURCE plaque; no fake film grain/date stamps; keep faces and critical action above subtitle-safe zone."
"LP-REC-038","RECONSTRUCTION","LP-B053","16:9 1920x1080 Hidden Industrial America editorial documentary frame; charcoal #171A1C, iron #30363A, warm paper #E6DDC8, ivory #F3EBDD, faded rust #A55235, blueprint gray-blue #5F747D; clean cinematic composition; lower 15% kept visually quiet for captions; no black caption box; no neon; no horror; no flag/eagle/gear iconography; no fake archival damage; no fake date stamp; no invented newspaper; no logos unless source-grounded; no text except explicitly requested numbers. Modern source-grounded historical reconstruction, not an archival photograph: low coastal canal perspective emphasizing reversed current. Louisiana, November 1980 industrial context; believable period equipment/clothing where people appear; restrained natural light; documentary realism; no sensational disaster spectacle; do not invent exact underground breach geometry or causation that sources do not establish.","LP-S10;EE-129","","Treat as explicit reconstruction in edit; never apply HISTORICAL SOURCE plaque; no fake film grain/date stamps; keep faces and critical action above subtitle-safe zone."
"LP-REC-039","RECONSTRUCTION","LP-B056","16:9 1920x1080 Hidden Industrial America editorial documentary frame; charcoal #171A1C, iron #30363A, warm paper #E6DDC8, ivory #F3EBDD, faded rust #A55235, blueprint gray-blue #5F747D; clean cinematic composition; lower 15% kept visually quiet for captions; no black caption box; no neon; no horror; no flag/eagle/gear iconography; no fake archival damage; no fake date stamp; no invented newspaper; no logos unless source-grounded; no text except explicitly requested numbers. Modern source-grounded historical reconstruction, not an archival photograph: post-event industrial shoreline aftermath with absent drilling platform. Louisiana, November 1980 industrial context; believable period equipment/clothing where people appear; restrained natural light; documentary realism; no sensational disaster spectacle; do not invent exact underground breach geometry or causation that sources do not establish.","LP-S01;EE-124","","Treat as explicit reconstruction in edit; never apply HISTORICAL SOURCE plaque; no fake film grain/date stamps; keep faces and critical action above subtitle-safe zone."
"LP-REC-040","RECONSTRUCTION","LP-B059","16:9 1920x1080 Hidden Industrial America editorial documentary frame; charcoal #171A1C, iron #30363A, warm paper #E6DDC8, ivory #F3EBDD, faded rust #A55235, blueprint gray-blue #5F747D; clean cinematic composition; lower 15% kept visually quiet for captions; no black caption box; no neon; no horror; no flag/eagle/gear iconography; no fake archival damage; no fake date stamp; no invented newspaper; no logos unless source-grounded; no text except explicitly requested numbers. Modern source-grounded historical reconstruction, not an archival photograph: drilling workers safely away from platform looking back across lake. Louisiana, November 1980 industrial context; believable period equipment/clothing where people appear; restrained natural light; documentary realism; no sensational disaster spectacle; do not invent exact underground breach geometry or causation that sources do not establish.","LP-S01;LP-S02","","Treat as explicit reconstruction in edit; never apply HISTORICAL SOURCE plaque; no fake film grain/date stamps; keep faces and critical action above subtitle-safe zone."
"LP-REC-041","RECONSTRUCTION","LP-B060","16:9 1920x1080 Hidden Industrial America editorial documentary frame; charcoal #171A1C, iron #30363A, warm paper #E6DDC8, ivory #F3EBDD, faded rust #A55235, blueprint gray-blue #5F747D; clean cinematic composition; lower 15% kept visually quiet for captions; no black caption box; no neon; no horror; no flag/eagle/gear iconography; no fake archival damage; no fake date stamp; no invented newspaper; no logos unless source-grounded; no text except explicitly requested numbers. Modern source-grounded historical reconstruction, not an archival photograph: quiet aftermath landscape emphasizing survival rather than spectacle. Louisiana, November 1980 industrial context; believable period equipment/clothing where people appear; restrained natural light; documentary realism; no sensational disaster spectacle; do not invent exact underground breach geometry or causation that sources do not establish.","LP-S01;EE-135","","Treat as explicit reconstruction in edit; never apply HISTORICAL SOURCE plaque; no fake film grain/date stamps; keep faces and critical action above subtitle-safe zone."
"LP-REC-042","RECONSTRUCTION","LP-B063","16:9 1920x1080 Hidden Industrial America editorial documentary frame; charcoal #171A1C, iron #30363A, warm paper #E6DDC8, ivory #F3EBDD, faded rust #A55235, blueprint gray-blue #5F747D; clean cinematic composition; lower 15% kept visually quiet for captions; no black caption box; no neon; no horror; no flag/eagle/gear iconography; no fake archival damage; no fake date stamp; no invented newspaper; no logos unless source-grounded; no text except explicitly requested numbers. Modern source-grounded historical reconstruction, not an archival photograph: inaccessible flooded mine entrance/shaft aftermath, evidence lost. Louisiana, November 1980 industrial context; believable period equipment/clothing where people appear; restrained natural light; documentary realism; no sensational disaster spectacle; do not invent exact underground breach geometry or causation that sources do not establish.","LP-S01;EE-136","","Treat as explicit reconstruction in edit; never apply HISTORICAL SOURCE plaque; no fake film grain/date stamps; keep faces and critical action above subtitle-safe zone."
"LP-REC-043","RECONSTRUCTION","LP-B064-B068","16:9 1920x1080 Hidden Industrial America editorial documentary frame; charcoal #171A1C, iron #30363A, warm paper #E6DDC8, ivory #F3EBDD, faded rust #A55235, blueprint gray-blue #5F747D; clean cinematic composition; lower 15% kept visually quiet for captions; no black caption box; no neon; no horror; no flag/eagle/gear iconography; no fake archival damage; no fake date stamp; no invented newspaper; no logos unless source-grounded; no text except explicitly requested numbers. Modern source-grounded historical reconstruction, not an archival photograph: forensic reconstruction workspace with mine plan and estimated drill path, no fake text. Louisiana, November 1980 industrial context; believable period equipment/clothing where people appear; restrained natural light; documentary realism; no sensational disaster spectacle; do not invent exact underground breach geometry or causation that sources do not establish.","LP-S01;LP-S19","","Treat as explicit reconstruction in edit; never apply HISTORICAL SOURCE plaque; no fake film grain/date stamps; keep faces and critical action above subtitle-safe zone."
"LP-REC-044","RECONSTRUCTION","LP-B073-B076","16:9 1920x1080 Hidden Industrial America editorial documentary frame; charcoal #171A1C, iron #30363A, warm paper #E6DDC8, ivory #F3EBDD, faded rust #A55235, blueprint gray-blue #5F747D; clean cinematic composition; lower 15% kept visually quiet for captions; no black caption box; no neon; no horror; no flag/eagle/gear iconography; no fake archival damage; no fake date stamp; no invented newspaper; no logos unless source-grounded; no text except explicitly requested numbers. Modern source-grounded historical reconstruction, not an archival photograph: closed salt-mine industrial exterior after disaster, no identifiable workers. Louisiana, November 1980 industrial context; believable period equipment/clothing where people appear; restrained natural light; documentary realism; no sensational disaster spectacle; do not invent exact underground breach geometry or causation that sources do not establish.","LP-S15;EE-138","","Treat as explicit reconstruction in edit; never apply HISTORICAL SOURCE plaque; no fake film grain/date stamps; keep faces and critical action above subtitle-safe zone."
"LP-REC-045","RECONSTRUCTION","LP-B081-B087","16:9 1920x1080 Hidden Industrial America editorial documentary frame; charcoal #171A1C, iron #30363A, warm paper #E6DDC8, ivory #F3EBDD, faded rust #A55235, blueprint gray-blue #5F747D; clean cinematic composition; lower 15% kept visually quiet for captions; no black caption box; no neon; no horror; no flag/eagle/gear iconography; no fake archival damage; no fake date stamp; no invented newspaper; no logos unless source-grounded; no text except explicitly requested numbers. Modern source-grounded historical reconstruction, not an archival photograph: final reflective pre-event lake surface over implied hidden industrial depth. Louisiana, November 1980 industrial context; believable period equipment/clothing where people appear; restrained natural light; documentary realism; no sensational disaster spectacle; do not invent exact underground breach geometry or causation that sources do not establish.","LP-S01;EE-123","","Treat as explicit reconstruction in edit; never apply HISTORICAL SOURCE plaque; no fake film grain/date stamps; keep faces and critical action above subtitle-safe zone."
