"ASSET_ID","CATEGORY","BEATS","SECTION","SOURCE_FILES","SOURCE_USAGE","SOURCE_ANCHOR","NUMBERS_TO_RENDER","NARRATION","PROMPT","STATUS"
"LP-DOC-001","DOCUMENT","LP-B005","0","LP-S01","EDITORIAL_EVIDENCE_VISUALIZATION_ONLY: do not fabricate a source page, seal, signature, quotation, or body text; reserve a clean excerpt area for later editor-composited authentic text","MSHA 1981 report — Possible Causes, p.57","","What happened here is often reduced to one bad drilling mistake. The real story is larger.","16:9 1920x1080 Hidden Industrial America editorial evidence visualization; charcoal #171A1C, iron #30363A, warm paper #E6DDC8, ivory #F3EBDD, faded rust #A55235, blueprint gray-blue #5F747D; clean cinematic hierarchy; lower 15% visually quiet for captions; no black caption box; no fake archival damage; no fake date stamp; no invented newspaper; no fake seal, signature, letterhead, quotation or body text; do not imitate a real source page. Generate a source-grounded editorial evidence frame for: MSHA federal-investigation evidence card centered on the unresolved-cause framing. Use only a clean HIA evidence layout with a blank excerpt zone for later authentic text overlay; visually emphasize that the popular one-error explanation is not the whole record.. Source authority: LP-S01. Exact source anchor: MSHA 1981 report — Possible Causes, p.57. Render only large factual anchors explicitly named in the scene; leave any excerpt/body-text region blank or abstract for later editor-composited authentic source text.","R3_READY_FOR_QC"
"LP-DOC-002","DOCUMENT","LP-B016","2","LP-S01;LP-S19","SOURCE_GEOMETRY_ONLY_WHERE_DOCUMENTED: literal geometry only from the named source; otherwise label the visual conceptual/estimated | EDITORIAL_EVIDENCE_VISUALIZATION_ONLY: do not fabricate a source page, seal, signature, quotation, or body text; reserve a clean excerpt area for later editor-composited authentic text","MSHA 1981 — Texaco Drilling Operation / event reconstruction + Appendix T Estimated Drill Hole Location","","That morning, the drill assembly would not come free. Later reconstructions placed it at roughly twelve hundred and twenty-eight feet — close enough to the mine's thirteen-hundred-foot level to become central to the investigation.","16:9 1920x1080 Hidden Industrial America editorial evidence visualization; charcoal #171A1C, iron #30363A, warm paper #E6DDC8, ivory #F3EBDD, faded rust #A55235, blueprint gray-blue #5F747D; clean cinematic hierarchy; lower 15% visually quiet for captions; no black caption box; no fake archival damage; no fake date stamp; no invented newspaper; no fake seal, signature, letterhead, quotation or body text; do not imitate a real source page. Generate a source-grounded editorial evidence frame for: Technical evidence card for the stuck drill depth and nearby mine level. Show two large factual anchors only: approximately 1,228 ft and 1,300-ft mine level; no fake report prose.. Source authority: LP-S01;LP-S19. Exact source anchor: MSHA 1981 — Texaco Drilling Operation / event reconstruction + Appendix T Estimated Drill Hole Location. Render only large factual anchors explicitly named in the scene; leave any excerpt/body-text region blank or abstract for later editor-composited authentic source text.","R3_READY_FOR_QC"
"LP-DOC-003","DOCUMENT","LP-B021","3","LP-S02","EDITORIAL_EVIDENCE_VISUALIZATION_ONLY: do not fabricate a source page, seal, signature, quotation, or body text; reserve a clean excerpt area for later editor-composited authentic text","MSHA FY1981 annual report — Jefferson Island mine inundation summary","","The Mine Safety and Health Administration later recorded fifty-two people underground. They were not standing together beside an exit.","16:9 1920x1080 Hidden Industrial America editorial evidence visualization; charcoal #171A1C, iron #30363A, warm paper #E6DDC8, ivory #F3EBDD, faded rust #A55235, blueprint gray-blue #5F747D; clean cinematic hierarchy; lower 15% visually quiet for captions; no black caption box; no fake archival damage; no fake date stamp; no invented newspaper; no fake seal, signature, letterhead, quotation or body text; do not imitate a real source page. Generate a source-grounded editorial evidence frame for: Federal evidence card for the underground headcount. Make 52 the dominant verified figure and leave surrounding excerpt area blank for later authentic MSHA text.. Source authority: LP-S02. Exact source anchor: MSHA FY1981 annual report — Jefferson Island mine inundation summary. Render only large factual anchors explicitly named in the scene; leave any excerpt/body-text region blank or abstract for later editor-composited authentic source text.","R3_READY_FOR_QC"
"LP-DOC-004","DOCUMENT","LP-B025","3","LP-S01","EDITORIAL_EVIDENCE_VISUALIZATION_ONLY: do not fabricate a source page, seal, signature, quotation, or body text; reserve a clean excerpt area for later editor-composited authentic text","MSHA incident report — Mine Emergency Operations, p.37","","Some had to travel through a mine that was changing from a workplace into an emergency scene. The official investigation later recognized several employees for leadership and search actions during the evacuation.","16:9 1920x1080 Hidden Industrial America editorial evidence visualization; charcoal #171A1C, iron #30363A, warm paper #E6DDC8, ivory #F3EBDD, faded rust #A55235, blueprint gray-blue #5F747D; clean cinematic hierarchy; lower 15% visually quiet for captions; no black caption box; no fake archival damage; no fake date stamp; no invented newspaper; no fake seal, signature, letterhead, quotation or body text; do not imitate a real source page. Generate a source-grounded editorial evidence frame for: Federal evidence card for recognized leadership/search actions during evacuation. No invented names or quote text in the generated image; reserve an excerpt zone for later editor overlay.. Source authority: LP-S01. Exact source anchor: MSHA incident report — Mine Emergency Operations, p.37. Render only large factual anchors explicitly named in the scene; leave any excerpt/body-text region blank or abstract for later editor-composited authentic source text.","R3_READY_FOR_QC"
"LP-DOC-005","DOCUMENT","LP-B060","8","LP-S01;LP-S02","EDITORIAL_EVIDENCE_VISUALIZATION_ONLY: do not fabricate a source page, seal, signature, quotation, or body text; reserve a clean excerpt area for later editor-composited authentic text","MSHA incident report + FY1981 annual report — evacuation/injury outcome","","An accident violent enough to erase part of a shoreline, destroy a working mine and reverse a canal ended without a human fatality.","16:9 1920x1080 Hidden Industrial America editorial evidence visualization; charcoal #171A1C, iron #30363A, warm paper #E6DDC8, ivory #F3EBDD, faded rust #A55235, blueprint gray-blue #5F747D; clean cinematic hierarchy; lower 15% visually quiet for captions; no black caption box; no fake archival damage; no fake date stamp; no invented newspaper; no fake seal, signature, letterhead, quotation or body text; do not imitate a real source page. Generate a source-grounded editorial evidence frame for: Federal evidence card for the survival outcome: no human fatality and successful evacuation; no fake document body text.. Source authority: LP-S01;LP-S02. Exact source anchor: MSHA incident report + FY1981 annual report — evacuation/injury outcome. Render only large factual anchors explicitly named in the scene; leave any excerpt/body-text region blank or abstract for later editor-composited authentic source text.","R3_READY_FOR_QC"
"LP-DOC-006","DOCUMENT","LP-B061","9","LP-S01","EDITORIAL_EVIDENCE_VISUALIZATION_ONLY: do not fabricate a source page, seal, signature, quotation, or body text; reserve a clean excerpt area for later editor-composited authentic text","MSHA 1981 report — Possible Causes, p.57","","By now, the natural question seems obvious. Who put the drill in the wrong place? That is where the popular version of Lake Peigneur often becomes cleaner than the evidence.","16:9 1920x1080 Hidden Industrial America editorial evidence visualization; charcoal #171A1C, iron #30363A, warm paper #E6DDC8, ivory #F3EBDD, faded rust #A55235, blueprint gray-blue #5F747D; clean cinematic hierarchy; lower 15% visually quiet for captions; no black caption box; no fake archival damage; no fake date stamp; no invented newspaper; no fake seal, signature, letterhead, quotation or body text; do not imitate a real source page. Generate a source-grounded editorial evidence frame for: Investigation-pivot evidence card: the physical scene became inaccessible and the precise initiating cause could not be established conclusively. No fake quotation.. Source authority: LP-S01. Exact source anchor: MSHA 1981 report — Possible Causes, p.57. Render only large factual anchors explicitly named in the scene; leave any excerpt/body-text region blank or abstract for later editor-composited authentic source text.","R3_READY_FOR_QC"
"LP-DOC-007","DOCUMENT","LP-B062","9","LP-S01;LP-S19","SOURCE_GEOMETRY_ONLY_WHERE_DOCUMENTED: literal geometry only from the named source; otherwise label the visual conceptual/estimated | EDITORIAL_EVIDENCE_VISUALIZATION_ONLY: do not fabricate a source page, seal, signature, quotation, or body text; reserve a clean excerpt area for later editor-composited authentic text","MSHA Possible Causes + Appendix T Estimated Drill Hole Location","","A widely repeated story says a coordinate or surveying error sent the well into the mine. The official federal investigation did not close the case that neatly.","16:9 1920x1080 Hidden Industrial America editorial evidence visualization; charcoal #171A1C, iron #30363A, warm paper #E6DDC8, ivory #F3EBDD, faded rust #A55235, blueprint gray-blue #5F747D; clean cinematic hierarchy; lower 15% visually quiet for captions; no black caption box; no fake archival damage; no fake date stamp; no invented newspaper; no fake seal, signature, letterhead, quotation or body text; do not imitate a real source page. Generate a source-grounded editorial evidence frame for: Evidence card contrasting a widely repeated coordinate/surveying explanation with the federal investigation's unresolved conclusion. Use a neutral split layout; no fabricated newspaper or quotation.. Source authority: LP-S01;LP-S19. Exact source anchor: MSHA Possible Causes + Appendix T Estimated Drill Hole Location. Render only large factual anchors explicitly named in the scene; leave any excerpt/body-text region blank or abstract for later editor-composited authentic source text.","R3_READY_FOR_QC"
"LP-DOC-008","DOCUMENT","LP-B065","9","LP-S01;LP-S19","SOURCE_GEOMETRY_ONLY_WHERE_DOCUMENTED: literal geometry only from the named source; otherwise label the visual conceptual/estimated | EDITORIAL_EVIDENCE_VISUALIZATION_ONLY: do not fabricate a source page, seal, signature, quotation, or body text; reserve a clean excerpt area for later editor-composited authentic text","MSHA Possible Causes + Appendix T","","Diamond Crystal argued that the drilling operation had penetrated the roof of an excavated mine room. Other experts disputed that reconstruction.","16:9 1920x1080 Hidden Industrial America editorial evidence visualization; charcoal #171A1C, iron #30363A, warm paper #E6DDC8, ivory #F3EBDD, faded rust #A55235, blueprint gray-blue #5F747D; clean cinematic hierarchy; lower 15% visually quiet for captions; no black caption box; no fake archival damage; no fake date stamp; no invented newspaper; no fake seal, signature, letterhead, quotation or body text; do not imitate a real source page. Generate a source-grounded editorial evidence frame for: Evidence card for Diamond Crystal's penetration theory versus disputed reconstruction. Present 'claim' versus 'disputed' as editorial labels only; no fabricated legal document.. Source authority: LP-S01;LP-S19. Exact source anchor: MSHA Possible Causes + Appendix T. Render only large factual anchors explicitly named in the scene; leave any excerpt/body-text region blank or abstract for later editor-composited authentic source text.","R3_READY_FOR_QC"
"LP-DOC-009","DOCUMENT","LP-B066","9","LP-S14","FACTUAL_REFERENCE_ONLY: do not attach, copy, or imitate copyrighted webpage/photo/design; use facts only | EDITORIAL_EVIDENCE_VISUALIZATION_ONLY: do not fabricate a source page, seal, signature, quotation, or body text; reserve a clean excerpt area for later editor-composited authentic text","UPI July 7, 1983 settlement report — factual disagreement reference only","","More than two years later, during the settlement process, experts were still disagreeing over whether the well had entered the mined room in the way Diamond Crystal alleged. That distinction matters.","16:9 1920x1080 Hidden Industrial America editorial evidence visualization; charcoal #171A1C, iron #30363A, warm paper #E6DDC8, ivory #F3EBDD, faded rust #A55235, blueprint gray-blue #5F747D; clean cinematic hierarchy; lower 15% visually quiet for captions; no black caption box; no fake archival damage; no fake date stamp; no invented newspaper; no fake seal, signature, letterhead, quotation or body text; do not imitate a real source page. Generate a source-grounded editorial evidence frame for: Editorial evidence card stating that experts were still disagreeing more than two years later; no wire-service screenshot, masthead, or article imitation.. Source authority: LP-S14. Exact source anchor: UPI July 7, 1983 settlement report — factual disagreement reference only. Render only large factual anchors explicitly named in the scene; leave any excerpt/body-text region blank or abstract for later editor-composited authentic source text.","R3_READY_FOR_QC"
"LP-DOC-010","DOCUMENT","LP-B069","9","LP-S01","EDITORIAL_EVIDENCE_VISUALIZATION_ONLY: do not fabricate a source page, seal, signature, quotation, or body text; reserve a clean excerpt area for later editor-composited authentic text","MSHA 1981 report — Possible Causes, p.57","","And the precise initiating technical error could not later be established with certainty. That is not a weakness in the story. It is the reason evidence matters.","16:9 1920x1080 Hidden Industrial America editorial evidence visualization; charcoal #171A1C, iron #30363A, warm paper #E6DDC8, ivory #F3EBDD, faded rust #A55235, blueprint gray-blue #5F747D; clean cinematic hierarchy; lower 15% visually quiet for captions; no black caption box; no fake archival damage; no fake date stamp; no invented newspaper; no fake seal, signature, letterhead, quotation or body text; do not imitate a real source page. Generate a source-grounded editorial evidence frame for: Federal evidence card for uncertainty: documented drilling, mine and inundation, but no conclusive initiating technical error. Reserve authentic-excerpt area; no fake source text.. Source authority: LP-S01. Exact source anchor: MSHA 1981 report — Possible Causes, p.57. Render only large factual anchors explicitly named in the scene; leave any excerpt/body-text region blank or abstract for later editor-composited authentic source text.","R3_READY_FOR_QC"
"LP-DOC-011","DOCUMENT","LP-B070","10","LP-S14","FACTUAL_REFERENCE_ONLY: do not attach, copy, or imitate copyrighted webpage/photo/design; use facts only | EDITORIAL_EVIDENCE_VISUALIZATION_ONLY: do not fabricate a source page, seal, signature, quotation, or body text; reserve a clean excerpt area for later editor-composited authentic text","UPI July 7, 1983 — $260M original claim / $32M settlement","","The uncertainty did not prevent lawsuits. Diamond Crystal originally sued Texaco for two hundred and sixty million dollars.","16:9 1920x1080 Hidden Industrial America editorial evidence visualization; charcoal #171A1C, iron #30363A, warm paper #E6DDC8, ivory #F3EBDD, faded rust #A55235, blueprint gray-blue #5F747D; clean cinematic hierarchy; lower 15% visually quiet for captions; no black caption box; no fake archival damage; no fake date stamp; no invented newspaper; no fake seal, signature, letterhead, quotation or body text; do not imitate a real source page. Generate a source-grounded editorial evidence frame for: Legal-aftermath evidence card showing the original Diamond Crystal claim and later settlement as separate financial facts, not proof of causation. Render only $260M and $32M.. Source authority: LP-S14. Exact source anchor: UPI July 7, 1983 — $260M original claim / $32M settlement. Render only large factual anchors explicitly named in the scene; leave any excerpt/body-text region blank or abstract for later editor-composited authentic source text.","R3_READY_FOR_QC"
"LP-DOC-012","DOCUMENT","LP-B072","10","LP-S14;LP-S15","FACTUAL_REFERENCE_ONLY: do not attach, copy, or imitate copyrighted webpage/photo/design; use facts only | JUDICIAL_FACT_ONLY: use the court-record fact; do not imitate commercial database page design | EDITORIAL_EVIDENCE_VISUALIZATION_ONLY: do not fabricate a source page, seal, signature, quotation, or body text; reserve a clean excerpt area for later editor-composited authentic text","UPI July 7, 1983 + Babin v. Texaco factual record","","Live Oak Gardens interests received twelve-point-eight million dollars in a separate settlement involving the companies. Those numbers resolved claims. They did not restore the underground system.","16:9 1920x1080 Hidden Industrial America editorial evidence visualization; charcoal #171A1C, iron #30363A, warm paper #E6DDC8, ivory #F3EBDD, faded rust #A55235, blueprint gray-blue #5F747D; clean cinematic hierarchy; lower 15% visually quiet for captions; no black caption box; no fake archival damage; no fake date stamp; no invented newspaper; no fake seal, signature, letterhead, quotation or body text; do not imitate a real source page. Generate a source-grounded editorial evidence frame for: Legal/economic evidence card pairing the $12.8M Live Oak Gardens settlement with approximately 250 Diamond Crystal layoffs; clearly separate settlement and employment consequences. Render only $12.8M and ~250 employees.. Source authority: LP-S14;LP-S15. Exact source anchor: UPI July 7, 1983 + Babin v. Texaco factual record. Render only large factual anchors explicitly named in the scene; leave any excerpt/body-text region blank or abstract for later editor-composited authentic source text.","R3_READY_FOR_QC"
"LP-MAP-001","MAP","LP-B003","0","LP-S01;LP-S02;LP-S11","FACTUAL_REFERENCE_ONLY: do not attach, copy, or imitate copyrighted webpage/photo/design; use facts only | GENERATED_SPATIAL_EXPLAINER: not a survey; do not invent exact coordinates, shoreline, mine plan, shaft route, or breach path","","","Fifty-two people were below ground. Seven more were on the drilling platform above them. Within hours, the platform would be gone. Part of the shoreline would be gone.","16:9 1920x1080 Hidden Industrial America generated spatial explainer; charcoal #171A1C, iron #30363A, warm paper #E6DDC8, ivory #F3EBDD, faded rust #A55235, blueprint gray-blue #5F747D; lower 15% visually quiet for captions; no black caption box; no neon; no fake archive styling; no invented coordinates; no exact unseen breach geometry. Generate a precise but explicitly editorial map/spatial diagram for: split-level spatial explainer: lake surface with drilling platform above and underground mine below, using 52 underground and 7 surface only as count anchors; no exact breach path.  Literal geometry may be used only where the named source documents it; otherwise use dashed, conceptual, or estimated geometry.","R3_READY_FOR_QC"
"LP-MAP-002","MAP","LP-B004","0","LP-S06;LP-S07;LP-S10","FACTUAL_REFERENCE_ONLY: do not attach, copy, or imitate copyrighted webpage/photo/design; use facts only | SOURCE_GEOMETRY_ONLY_WHERE_DOCUMENTED: literal geometry only from the named source; otherwise label the visual conceptual/estimated | GENERATED_SPATIAL_EXPLAINER: not a survey; do not invent exact coordinates, shoreline, mine plan, shaft route, or breach path","","","And the canal connected to the lake would begin flowing in the wrong direction. Everyone would survive. But the industrial landscape beneath Jefferson Island would never be the same.","16:9 1920x1080 Hidden Industrial America generated spatial explainer; charcoal #171A1C, iron #30363A, warm paper #E6DDC8, ivory #F3EBDD, faded rust #A55235, blueprint gray-blue #5F747D; lower 15% visually quiet for captions; no black caption box; no neon; no fake archive styling; no invented coordinates; no exact unseen breach geometry. Generate a precise but explicitly editorial map/spatial diagram for: Lake Peigneur–Delcambre Canal–Vermilion Bay relationship before reversal; directional flow shown as normal pre-event context, not exact hydrology.  Literal geometry may be used only where the named source documents it; otherwise use dashed, conceptual, or estimated geometry.","R3_READY_FOR_QC"
"LP-MAP-003","MAP","LP-B006","0","LP-S01;LP-S04","SOURCE_GEOMETRY_ONLY_WHERE_DOCUMENTED: literal geometry only from the named source; otherwise label the visual conceptual/estimated | GENERATED_SPATIAL_EXPLAINER: not a survey; do not invent exact coordinates, shoreline, mine plan, shaft route, or breach path","","","It is about two industrial systems occupying the same geology — and what happened when the boundary between them disappeared.","16:9 1920x1080 Hidden Industrial America generated spatial explainer; charcoal #171A1C, iron #30363A, warm paper #E6DDC8, ivory #F3EBDD, faded rust #A55235, blueprint gray-blue #5F747D; lower 15% visually quiet for captions; no black caption box; no neon; no fake archive styling; no invented coordinates; no exact unseen breach geometry. Generate a precise but explicitly editorial map/spatial diagram for: conceptual three-dimensional section showing two industrial systems occupying the same salt-dome setting while remaining visually separate; no intersection point.  Literal geometry may be used only where the named source documents it; otherwise use dashed, conceptual, or estimated geometry.","R3_READY_FOR_QC"
"LP-MAP-004","MAP","LP-B007","1","LP-S03;LP-S07","SOURCE_GEOMETRY_ONLY_WHERE_DOCUMENTED: literal geometry only from the named source; otherwise label the visual conceptual/estimated | GENERATED_SPATIAL_EXPLAINER: not a survey; do not invent exact coordinates, shoreline, mine plan, shaft route, or breach path","","","Lake Peigneur looked simple from the surface. A shallow Louisiana lake. Trees and gardens around Jefferson Island. A drilling platform floating on the water.","16:9 1920x1080 Hidden Industrial America generated spatial explainer; charcoal #171A1C, iron #30363A, warm paper #E6DDC8, ivory #F3EBDD, faded rust #A55235, blueprint gray-blue #5F747D; lower 15% visually quiet for captions; no black caption box; no neon; no fake archive styling; no invented coordinates; no exact unseen breach geometry. Generate a precise but explicitly editorial map/spatial diagram for: regional orientation of Lake Peigneur and Jefferson Island within coastal Louisiana; simplified geography grounded in USGS/OSM.  Literal geometry may be used only where the named source documents it; otherwise use dashed, conceptual, or estimated geometry.","R3_READY_FOR_QC"
"LP-MAP-005","MAP","LP-B013","1","LP-S04;LP-S05","SOURCE_GEOMETRY_ONLY_WHERE_DOCUMENTED: literal geometry only from the named source; otherwise label the visual conceptual/estimated | GENERATED_SPATIAL_EXPLAINER: not a survey; do not invent exact coordinates, shoreline, mine plan, shaft route, or breach path","","","At the same time, the same salt structure made the area interesting to the petroleum industry. Oil can accumulate around salt structures. Texaco held an oil lease beneath Lake Peigneur.","16:9 1920x1080 Hidden Industrial America generated spatial explainer; charcoal #171A1C, iron #30363A, warm paper #E6DDC8, ivory #F3EBDD, faded rust #A55235, blueprint gray-blue #5F747D; lower 15% visually quiet for captions; no black caption box; no neon; no fake archive styling; no invented coordinates; no exact unseen breach geometry. Generate a precise but explicitly editorial map/spatial diagram for: salt-dome / petroleum-interest spatial context: oil-bearing structures around a salt-dome setting with Lake Peigneur above; conceptual geology, not a lease-boundary survey.  Literal geometry may be used only where the named source documents it; otherwise use dashed, conceptual, or estimated geometry.","R3_READY_FOR_QC"
"LP-MAP-006","MAP","LP-B015","1","LP-S01;LP-S19","SOURCE_GEOMETRY_ONLY_WHERE_DOCUMENTED: literal geometry only from the named source; otherwise label the visual conceptual/estimated | GENERATED_SPATIAL_EXPLAINER: not a survey; do not invent exact coordinates, shoreline, mine plan, shaft route, or breach path","","","Each could work safely only if the geometry separating them remained understood. And there was one physical rule that made that separation critical. Fresh water dissolves salt.","16:9 1920x1080 Hidden Industrial America generated spatial explainer; charcoal #171A1C, iron #30363A, warm paper #E6DDC8, ivory #F3EBDD, faded rust #A55235, blueprint gray-blue #5F747D; lower 15% visually quiet for captions; no black caption box; no neon; no fake archive styling; no invented coordinates; no exact unseen breach geometry. Generate a precise but explicitly editorial map/spatial diagram for: conceptual vertical relationship of lake, drilling path and mine workings with a clear uncertainty gap; no confirmed contact point.  Literal geometry may be used only where the named source documents it; otherwise use dashed, conceptual, or estimated geometry.","R3_READY_FOR_QC"
"LP-MAP-007","MAP","LP-B016","2","LP-S01;LP-S19","SOURCE_GEOMETRY_ONLY_WHERE_DOCUMENTED: literal geometry only from the named source; otherwise label the visual conceptual/estimated | GENERATED_SPATIAL_EXPLAINER: not a survey; do not invent exact coordinates, shoreline, mine plan, shaft route, or breach path","","","That morning, the drill assembly would not come free. Later reconstructions placed it at roughly twelve hundred and twenty-eight feet — close enough to the mine's thirteen-hundred-foot level to become central to the investigation.","16:9 1920x1080 Hidden Industrial America generated spatial explainer; charcoal #171A1C, iron #30363A, warm paper #E6DDC8, ivory #F3EBDD, faded rust #A55235, blueprint gray-blue #5F747D; lower 15% visually quiet for captions; no black caption box; no neon; no fake archive styling; no invented coordinates; no exact unseen breach geometry. Generate a precise but explicitly editorial map/spatial diagram for: depth-comparison diagram: ≈1,228-ft stuck-drill depth versus 1,300-ft mine level; vertical scale conceptual, labels exact only as qualified facts.  Literal geometry may be used only where the named source documents it; otherwise use dashed, conceptual, or estimated geometry.","R3_READY_FOR_QC"
"LP-MAP-008","MAP","LP-B020","2","LP-S01;LP-S19","SOURCE_GEOMETRY_ONLY_WHERE_DOCUMENTED: literal geometry only from the named source; otherwise label the visual conceptual/estimated | GENERATED_SPATIAL_EXPLAINER: not a survey; do not invent exact coordinates, shoreline, mine plan, shaft route, or breach path","","","What exactly connected the drilling operation to the mine would become the great argument after the disaster. The connection itself was now the emergency.","16:9 1920x1080 Hidden Industrial America generated spatial explainer; charcoal #171A1C, iron #30363A, warm paper #E6DDC8, ivory #F3EBDD, faded rust #A55235, blueprint gray-blue #5F747D; lower 15% visually quiet for captions; no black caption box; no neon; no fake archive styling; no invented coordinates; no exact unseen breach geometry. Generate a precise but explicitly editorial map/spatial diagram for: uncertainty-zone spatial diagram showing that the hydraulic connection existed while the exact initiating geometry remained unknown; use dashed/faded possible zone, not a single route.  Literal geometry may be used only where the named source documents it; otherwise use dashed, conceptual, or estimated geometry.","R3_READY_FOR_QC"
"LP-MAP-009","MAP","LP-B021","3","LP-S01;LP-S02","GENERATED_SPATIAL_EXPLAINER: not a survey; do not invent exact coordinates, shoreline, mine plan, shaft route, or breach path","","","The Mine Safety and Health Administration later recorded fifty-two people underground. They were not standing together beside an exit.","16:9 1920x1080 Hidden Industrial America generated spatial explainer; charcoal #171A1C, iron #30363A, warm paper #E6DDC8, ivory #F3EBDD, faded rust #A55235, blueprint gray-blue #5F747D; lower 15% visually quiet for captions; no black caption box; no neon; no fake archive styling; no invented coordinates; no exact unseen breach geometry. Generate a precise but explicitly editorial map/spatial diagram for: distributed-workforce concept map across multiple underground work areas feeding toward a generic egress direction; no exact evacuation route.  Literal geometry may be used only where the named source documents it; otherwise use dashed, conceptual, or estimated geometry.","R3_READY_FOR_QC"
"LP-MAP-010","MAP","LP-B022","3","LP-S01","GENERATED_SPATIAL_EXPLAINER: not a survey; do not invent exact coordinates, shoreline, mine plan, shaft route, or breach path","","","They were working inside a mine spread through multiple levels and workings. Now water was entering that system.","16:9 1920x1080 Hidden Industrial America generated spatial explainer; charcoal #171A1C, iron #30363A, warm paper #E6DDC8, ivory #F3EBDD, faded rust #A55235, blueprint gray-blue #5F747D; lower 15% visually quiet for captions; no black caption box; no neon; no fake archive styling; no invented coordinates; no exact unseen breach geometry. Generate a precise but explicitly editorial map/spatial diagram for: multi-level mine occupancy concept: several working levels and separated crews, with no invented shaft/portal coordinates.  Literal geometry may be used only where the named source documents it; otherwise use dashed, conceptual, or estimated geometry.","R3_READY_FOR_QC"
"LP-MAP-011","MAP","LP-B036","4","LP-S01;LP-S09","GENERATED_SPATIAL_EXPLAINER: not a survey; do not invent exact coordinates, shoreline, mine plan, shaft route, or breach path","","","Every change in shape gave the moving water a new path. What had begun as a drilling emergency was now reshaping Jefferson Island.","16:9 1920x1080 Hidden Industrial America generated spatial explainer; charcoal #171A1C, iron #30363A, warm paper #E6DDC8, ivory #F3EBDD, faded rust #A55235, blueprint gray-blue #5F747D; lower 15% visually quiet for captions; no black caption box; no neon; no fake archive styling; no invented coordinates; no exact unseen breach geometry. Generate a precise but explicitly editorial map/spatial diagram for: conceptual shoreline-change explainer showing land loss reshaping basin geometry; no literal traced post-event shoreline unless sourced, label as conceptual.  Literal geometry may be used only where the named source documents it; otherwise use dashed, conceptual, or estimated geometry.","R3_READY_FOR_QC"
"LP-MAP-012","MAP","LP-B045","6","LP-S01;LP-S04","SOURCE_GEOMETRY_ONLY_WHERE_DOCUMENTED: literal geometry only from the named source; otherwise label the visual conceptual/estimated | GENERATED_SPATIAL_EXPLAINER: not a survey; do not invent exact coordinates, shoreline, mine plan, shaft route, or breach path","","","The famous whirlpool was only the surface expression. Below it, water was entering an industrial void built across multiple levels.","16:9 1920x1080 Hidden Industrial America generated spatial explainer; charcoal #171A1C, iron #30363A, warm paper #E6DDC8, ivory #F3EBDD, faded rust #A55235, blueprint gray-blue #5F747D; lower 15% visually quiet for captions; no black caption box; no neon; no fake archive styling; no invented coordinates; no exact unseen breach geometry. Generate a precise but explicitly editorial map/spatial diagram for: surface whirlpool above multi-level industrial void: conceptual vertical section with no exact underground breach geometry.  Literal geometry may be used only where the named source documents it; otherwise use dashed, conceptual, or estimated geometry.","R3_READY_FOR_QC"
"LP-MAP-013","MAP","LP-B048","6","LP-S01;LP-S04;LP-S06;LP-S07","SOURCE_GEOMETRY_ONLY_WHERE_DOCUMENTED: literal geometry only from the named source; otherwise label the visual conceptual/estimated | GENERATED_SPATIAL_EXPLAINER: not a survey; do not invent exact coordinates, shoreline, mine plan, shaft route, or breach path","","","The relationship between water, mine, rock and air was being rewritten in real time. And as the lake level dropped, the consequences reached beyond Jefferson Island.","16:9 1920x1080 Hidden Industrial America generated spatial explainer; charcoal #171A1C, iron #30363A, warm paper #E6DDC8, ivory #F3EBDD, faded rust #A55235, blueprint gray-blue #5F747D; lower 15% visually quiet for captions; no black caption box; no neon; no fake archive styling; no invented coordinates; no exact unseen breach geometry. Generate a precise but explicitly editorial map/spatial diagram for: water–mine–rock system relationship extending toward the canal; conceptual system map, not quantitative hydraulics.  Literal geometry may be used only where the named source documents it; otherwise use dashed, conceptual, or estimated geometry.","R3_READY_FOR_QC"
"LP-MAP-014","MAP","LP-B050","7","LP-S06;LP-S07;LP-S10","FACTUAL_REFERENCE_ONLY: do not attach, copy, or imitate copyrighted webpage/photo/design; use facts only | SOURCE_GEOMETRY_ONLY_WHERE_DOCUMENTED: literal geometry only from the named source; otherwise label the visual conceptual/estimated | GENERATED_SPATIAL_EXPLAINER: not a survey; do not invent exact coordinates, shoreline, mine plan, shaft route, or breach path","","","Lake Peigneur connected southward through the Delcambre Canal toward Vermilion Bay. Under normal conditions, that connection carried water away from the lake.","16:9 1920x1080 Hidden Industrial America generated spatial explainer; charcoal #171A1C, iron #30363A, warm paper #E6DDC8, ivory #F3EBDD, faded rust #A55235, blueprint gray-blue #5F747D; lower 15% visually quiet for captions; no black caption box; no neon; no fake archive styling; no invented coordinates; no exact unseen breach geometry. Generate a precise but explicitly editorial map/spatial diagram for: Lake Peigneur southward connection through Delcambre Canal toward Vermilion Bay; geography grounded in USACE/OSM, normal direction shown simply.  Literal geometry may be used only where the named source documents it; otherwise use dashed, conceptual, or estimated geometry.","R3_READY_FOR_QC"
"LP-MAP-015","MAP","LP-B053","7","LP-S06;LP-S07;LP-S10","FACTUAL_REFERENCE_ONLY: do not attach, copy, or imitate copyrighted webpage/photo/design; use facts only | SOURCE_GEOMETRY_ONLY_WHERE_DOCUMENTED: literal geometry only from the named source; otherwise label the visual conceptual/estimated | GENERATED_SPATIAL_EXPLAINER: not a survey; do not invent exact coordinates, shoreline, mine plan, shaft route, or breach path","","","For a place as flat as coastal Louisiana, the image is almost absurd. A canal flowing the wrong way. Salt water moving inland.","16:9 1920x1080 Hidden Industrial America generated spatial explainer; charcoal #171A1C, iron #30363A, warm paper #E6DDC8, ivory #F3EBDD, faded rust #A55235, blueprint gray-blue #5F747D; lower 15% visually quiet for captions; no black caption box; no neon; no fake archive styling; no invented coordinates; no exact unseen breach geometry. Generate a precise but explicitly editorial map/spatial diagram for: reversed canal-flow spatial explainer with arrows toward the lowered lake; directional concept only, no fabricated exact velocities or elevations.  Literal geometry may be used only where the named source documents it; otherwise use dashed, conceptual, or estimated geometry.","R3_READY_FOR_QC"
"LP-MAP-016","MAP","LP-B054","7","LP-S01;LP-S10","FACTUAL_REFERENCE_ONLY: do not attach, copy, or imitate copyrighted webpage/photo/design; use facts only | GENERATED_SPATIAL_EXPLAINER: not a survey; do not invent exact coordinates, shoreline, mine plan, shaft route, or breach path","","","A temporary waterfall appearing where there had been no cliff. But the water was still obeying gravity. The landscape had changed underneath it. The canal had not moved on the map.","16:9 1920x1080 Hidden Industrial America generated spatial explainer; charcoal #171A1C, iron #30363A, warm paper #E6DDC8, ivory #F3EBDD, faded rust #A55235, blueprint gray-blue #5F747D; lower 15% visually quiet for captions; no black caption box; no neon; no fake archive styling; no invented coordinates; no exact unseen breach geometry. Generate a precise but explicitly editorial map/spatial diagram for: elevation-reversal cross-section explaining why water could fall toward the lowered basin while the canal stayed in place; approximate 'roughly 150 ft' only if shown.  Literal geometry may be used only where the named source documents it; otherwise use dashed, conceptual, or estimated geometry.","R3_READY_FOR_QC"
"LP-MAP-017","MAP","LP-B062","9","LP-S01;LP-S19","SOURCE_GEOMETRY_ONLY_WHERE_DOCUMENTED: literal geometry only from the named source; otherwise label the visual conceptual/estimated | GENERATED_SPATIAL_EXPLAINER: not a survey; do not invent exact coordinates, shoreline, mine plan, shaft route, or breach path","","","A widely repeated story says a coordinate or surveying error sent the well into the mine. The official federal investigation did not close the case that neatly.","16:9 1920x1080 Hidden Industrial America generated spatial explainer; charcoal #171A1C, iron #30363A, warm paper #E6DDC8, ivory #F3EBDD, faded rust #A55235, blueprint gray-blue #5F747D; lower 15% visually quiet for captions; no black caption box; no neon; no fake archive styling; no invented coordinates; no exact unseen breach geometry. Generate a precise but explicitly editorial map/spatial diagram for: myth-versus-evidence spatial comparison: simplified 'single coordinate error' iconography on one side, federal estimated-location uncertainty on the other; no claim that the myth is proven.  Literal geometry may be used only where the named source documents it; otherwise use dashed, conceptual, or estimated geometry.","R3_READY_FOR_QC"
"LP-MAP-018","MAP","LP-B064","9","LP-S19","SOURCE_GEOMETRY_ONLY_WHERE_DOCUMENTED: literal geometry only from the named source; otherwise label the visual conceptual/estimated | GENERATED_SPATIAL_EXPLAINER: not a survey; do not invent exact coordinates, shoreline, mine plan, shaft route, or breach path","","","Critical physical information was underwater, displaced or gone. Federal mine-safety investigators reconstructed an estimated drill-hole location near the mine's thirteen-hundred-foot level.","16:9 1920x1080 Hidden Industrial America generated spatial explainer; charcoal #171A1C, iron #30363A, warm paper #E6DDC8, ivory #F3EBDD, faded rust #A55235, blueprint gray-blue #5F747D; lower 15% visually quiet for captions; no black caption box; no neon; no fake archive styling; no invented coordinates; no exact unseen breach geometry. Generate a precise but explicitly editorial map/spatial diagram for: estimated drill-hole location near the 1,300-ft mine level using Appendix T logic; clearly mark ESTIMATED and do not show the lake as 1,300 ft deep.  Literal geometry may be used only where the named source documents it; otherwise use dashed, conceptual, or estimated geometry.","R3_READY_FOR_QC"
"LP-MAP-019","MAP","LP-B065","9","LP-S01;LP-S19","SOURCE_GEOMETRY_ONLY_WHERE_DOCUMENTED: literal geometry only from the named source; otherwise label the visual conceptual/estimated | GENERATED_SPATIAL_EXPLAINER: not a survey; do not invent exact coordinates, shoreline, mine plan, shaft route, or breach path","","","Diamond Crystal argued that the drilling operation had penetrated the roof of an excavated mine room. Other experts disputed that reconstruction.","16:9 1920x1080 Hidden Industrial America generated spatial explainer; charcoal #171A1C, iron #30363A, warm paper #E6DDC8, ivory #F3EBDD, faded rust #A55235, blueprint gray-blue #5F747D; lower 15% visually quiet for captions; no black caption box; no neon; no fake archive styling; no invented coordinates; no exact unseen breach geometry. Generate a precise but explicitly editorial map/spatial diagram for: two competing penetration models shown as hypotheses A/B with dotted uncertainty zones; neither model presented as established fact.  Literal geometry may be used only where the named source documents it; otherwise use dashed, conceptual, or estimated geometry.","R3_READY_FOR_QC"
"LP-MAP-020","MAP","LP-B066","9","LP-S01;LP-S19;LP-S14","FACTUAL_REFERENCE_ONLY: do not attach, copy, or imitate copyrighted webpage/photo/design; use facts only | SOURCE_GEOMETRY_ONLY_WHERE_DOCUMENTED: literal geometry only from the named source; otherwise label the visual conceptual/estimated | GENERATED_SPATIAL_EXPLAINER: not a survey; do not invent exact coordinates, shoreline, mine plan, shaft route, or breach path","","","More than two years later, during the settlement process, experts were still disagreeing over whether the well had entered the mined room in the way Diamond Crystal alleged. That distinction matters.","16:9 1920x1080 Hidden Industrial America generated spatial explainer; charcoal #171A1C, iron #30363A, warm paper #E6DDC8, ivory #F3EBDD, faded rust #A55235, blueprint gray-blue #5F747D; lower 15% visually quiet for captions; no black caption box; no neon; no fake archive styling; no invented coordinates; no exact unseen breach geometry. Generate a precise but explicitly editorial map/spatial diagram for: expert-disagreement comparison of two possible underground relationships; conceptual models only, no confirmed intersection.  Literal geometry may be used only where the named source documents it; otherwise use dashed, conceptual, or estimated geometry.","R3_READY_FOR_QC"
"LP-MAP-021","MAP","LP-B068","9","LP-S01;LP-S19","SOURCE_GEOMETRY_ONLY_WHERE_DOCUMENTED: literal geometry only from the named source; otherwise label the visual conceptual/estimated | GENERATED_SPATIAL_EXPLAINER: not a survey; do not invent exact coordinates, shoreline, mine plan, shaft route, or breach path","","","But the disaster had made the decisive physical scene inaccessible. So two statements can both be true. The drilling operation and mine became hydraulically connected.","16:9 1920x1080 Hidden Industrial America generated spatial explainer; charcoal #171A1C, iron #30363A, warm paper #E6DDC8, ivory #F3EBDD, faded rust #A55235, blueprint gray-blue #5F747D; lower 15% visually quiet for captions; no black caption box; no neon; no fake archive styling; no invented coordinates; no exact unseen breach geometry. Generate a precise but explicitly editorial map/spatial diagram for: known-versus-unknown spatial explainer: known hydraulic connection, unknown exact initiating geometry; no single definitive breach path.  Literal geometry may be used only where the named source documents it; otherwise use dashed, conceptual, or estimated geometry.","R3_READY_FOR_QC"
"LP-MAP-022","MAP","LP-B079","11","LP-S03;LP-S16","FACTUAL_REFERENCE_ONLY: do not attach, copy, or imitate copyrighted webpage/photo/design; use facts only | SOURCE_GEOMETRY_ONLY_WHERE_DOCUMENTED: literal geometry only from the named source; otherwise label the visual conceptual/estimated | GENERATED_SPATIAL_EXPLAINER: not a survey; do not invent exact coordinates, shoreline, mine plan, shaft route, or breach path","","","That does not mean today's storage system is the old mine. It means the same geological feature that created one industrial economy continued to support another.","16:9 1920x1080 Hidden Industrial America generated spatial explainer; charcoal #171A1C, iron #30363A, warm paper #E6DDC8, ivory #F3EBDD, faded rust #A55235, blueprint gray-blue #5F747D; lower 15% visually quiet for captions; no black caption box; no neon; no fake archive styling; no invented coordinates; no exact unseen breach geometry. Generate a precise but explicitly editorial map/spatial diagram for: conceptual continuity map: same salt-dome geology supporting earlier salt mining and later gas-storage use; explicitly state these are different industrial systems.  Literal geometry may be used only where the named source documents it; otherwise use dashed, conceptual, or estimated geometry.","R3_READY_FOR_QC"
"LP-MAP-023","MAP","LP-B079","11","LP-S16","FACTUAL_REFERENCE_ONLY: do not attach, copy, or imitate copyrighted webpage/photo/design; use facts only | GENERATED_SPATIAL_EXPLAINER: not a survey; do not invent exact coordinates, shoreline, mine plan, shaft route, or breach path","","","That does not mean today's storage system is the old mine. It means the same geological feature that created one industrial economy continued to support another.","16:9 1920x1080 Hidden Industrial America generated spatial explainer; charcoal #171A1C, iron #30363A, warm paper #E6DDC8, ivory #F3EBDD, faded rust #A55235, blueprint gray-blue #5F747D; lower 15% visually quiet for captions; no black caption box; no neon; no fake archive styling; no invented coordinates; no exact unseen breach geometry. Generate a precise but explicitly editorial map/spatial diagram for: current Jefferson Island Storage & Hub pipeline-context map showing eight major pipeline connections as a present-day sourced fact; generic network geometry, not copied corporate map.  Literal geometry may be used only where the named source documents it; otherwise use dashed, conceptual, or estimated geometry.","R3_READY_FOR_QC"
"LP-MAP-024","MAP","LP-B082","12","LP-S01;LP-S19","SOURCE_GEOMETRY_ONLY_WHERE_DOCUMENTED: literal geometry only from the named source; otherwise label the visual conceptual/estimated | GENERATED_SPATIAL_EXPLAINER: not a survey; do not invent exact coordinates, shoreline, mine plan, shaft route, or breach path","","","The dangerous map was the one underneath it. Mine levels cut through salt. A drilling path descending from above. Two industries occupying the same three-dimensional space.","16:9 1920x1080 Hidden Industrial America generated spatial explainer; charcoal #171A1C, iron #30363A, warm paper #E6DDC8, ivory #F3EBDD, faded rust #A55235, blueprint gray-blue #5F747D; lower 15% visually quiet for captions; no black caption box; no neon; no fake archive styling; no invented coordinates; no exact unseen breach geometry. Generate a precise but explicitly editorial map/spatial diagram for: final three-dimensional systems map: mine levels through salt below, drilling path descending from above, with uncertain separation/contact region.  Literal geometry may be used only where the named source documents it; otherwise use dashed, conceptual, or estimated geometry.","R3_READY_FOR_QC"
"LP-MAP-025","MAP","LP-B086","12","LP-S01;LP-S03","SOURCE_GEOMETRY_ONLY_WHERE_DOCUMENTED: literal geometry only from the named source; otherwise label the visual conceptual/estimated | GENERATED_SPATIAL_EXPLAINER: not a survey; do not invent exact coordinates, shoreline, mine plan, shaft route, or breach path","","","The visible landscape was only one layer of the system. The decisive infrastructure was hidden. Lake Peigneur is remembered because a lake disappeared.","16:9 1920x1080 Hidden Industrial America generated spatial explainer; charcoal #171A1C, iron #30363A, warm paper #E6DDC8, ivory #F3EBDD, faded rust #A55235, blueprint gray-blue #5F747D; lower 15% visually quiet for captions; no black caption box; no neon; no fake archive styling; no invented coordinates; no exact unseen breach geometry. Generate a precise but explicitly editorial map/spatial diagram for: visible surface landscape versus hidden underground infrastructure map; conceptual layers, no invented exact geometry.  Literal geometry may be used only where the named source documents it; otherwise use dashed, conceptual, or estimated geometry.","R3_READY_FOR_QC"
"LP-MAP-026","MAP","LP-B087","12","LP-S01;LP-S03","SOURCE_GEOMETRY_ONLY_WHERE_DOCUMENTED: literal geometry only from the named source; otherwise label the visual conceptual/estimated | GENERATED_SPATIAL_EXPLAINER: not a survey; do not invent exact coordinates, shoreline, mine plan, shaft route, or breach path","","","The deeper lesson is why. Infrastructure does not stop at the surface. And the systems we cannot see can be the systems that matter most.","16:9 1920x1080 Hidden Industrial America generated spatial explainer; charcoal #171A1C, iron #30363A, warm paper #E6DDC8, ivory #F3EBDD, faded rust #A55235, blueprint gray-blue #5F747D; lower 15% visually quiet for captions; no black caption box; no neon; no fake archive styling; no invented coordinates; no exact unseen breach geometry. Generate a precise but explicitly editorial map/spatial diagram for: closing spatial thesis: ordinary lake surface over hidden industrial systems, using a restrained cutaway silhouette rather than literal mine survey.  Literal geometry may be used only where the named source documents it; otherwise use dashed, conceptual, or estimated geometry.","R3_READY_FOR_QC"
"LP-GFX-001","GFX","LP-B003","0","LP-S01;LP-S02;LP-S11","FACTUAL_REFERENCE_ONLY: do not attach, copy, or imitate copyrighted webpage/photo/design; use facts only | GENERATED_EDITORIAL_GRAPHIC: no unsupported mechanism, measurement, or causal verdict","","52;7","Fifty-two people were below ground. Seven more were on the drilling platform above them. Within hours, the platform would be gone. Part of the shoreline would be gone.","16:9 1920x1080 Hidden Industrial America generated editorial infographic / technical illustration; charcoal #171A1C, iron #30363A, warm paper #E6DDC8, ivory #F3EBDD, faded rust #A55235, blueprint gray-blue #5F747D; lower 15% visually quiet for captions; no black caption box; no neon; no horror; no fake archival damage/date stamp/newspaper; no logos unless source-grounded; no unsupported mechanism, measurement, or causal verdict. Generate: 52 underground / 7 surface split-level count, with underground and platform planes clearly separated. Render only these explicit text/number anchors: 52;7. All other labels should be minimal or omitted. Keep the visual understandable without dense labels; all nonessential typography stays editor-native.","R3_READY_FOR_QC"
"LP-GFX-002","GFX","LP-B006","0","LP-S01;LP-S04","SOURCE_GEOMETRY_ONLY_WHERE_DOCUMENTED: literal geometry only from the named source; otherwise label the visual conceptual/estimated | GENERATED_EDITORIAL_GRAPHIC: no unsupported mechanism, measurement, or causal verdict","","","It is about two industrial systems occupying the same geology — and what happened when the boundary between them disappeared.","16:9 1920x1080 Hidden Industrial America generated editorial infographic / technical illustration; charcoal #171A1C, iron #30363A, warm paper #E6DDC8, ivory #F3EBDD, faded rust #A55235, blueprint gray-blue #5F747D; lower 15% visually quiet for captions; no black caption box; no neon; no horror; no fake archival damage/date stamp/newspaper; no logos unless source-grounded; no unsupported mechanism, measurement, or causal verdict. Generate: two industrial systems occupying one geological setting; horizontal mining versus vertical drilling, with no contact point shown.  Keep the visual understandable without dense labels; all nonessential typography stays editor-native.","R3_READY_FOR_QC"
"LP-GFX-003","GFX","LP-B008","1","LP-S04;LP-S05","SOURCE_GEOMETRY_ONLY_WHERE_DOCUMENTED: literal geometry only from the named source; otherwise label the visual conceptual/estimated | GENERATED_EDITORIAL_GRAPHIC: no unsupported mechanism, measurement, or causal verdict","","","But the landscape was three-dimensional. Jefferson Island rises above the coastal plain because of a salt dome — a mass of ancient salt pushed upward through younger sediments.","16:9 1920x1080 Hidden Industrial America generated editorial infographic / technical illustration; charcoal #171A1C, iron #30363A, warm paper #E6DDC8, ivory #F3EBDD, faded rust #A55235, blueprint gray-blue #5F747D; lower 15% visually quiet for captions; no black caption box; no neon; no horror; no fake archival damage/date stamp/newspaper; no logos unless source-grounded; no unsupported mechanism, measurement, or causal verdict. Generate: salt dome rising through younger coastal sediments, conceptual geology grounded in federal/Louisiana sources.  Keep the visual understandable without dense labels; all nonessential typography stays editor-native.","R3_READY_FOR_QC"
"LP-GFX-004","GFX","LP-B009","1","LP-S01;LP-S04","SOURCE_GEOMETRY_ONLY_WHERE_DOCUMENTED: literal geometry only from the named source; otherwise label the visual conceptual/estimated | GENERATED_EDITORIAL_GRAPHIC: no unsupported mechanism, measurement, or causal verdict","","","That hidden salt created industrial value long before the disaster. For decades, it had been mined.","16:9 1920x1080 Hidden Industrial America generated editorial infographic / technical illustration; charcoal #171A1C, iron #30363A, warm paper #E6DDC8, ivory #F3EBDD, faded rust #A55235, blueprint gray-blue #5F747D; lower 15% visually quiet for captions; no black caption box; no neon; no horror; no fake archival damage/date stamp/newspaper; no logos unless source-grounded; no unsupported mechanism, measurement, or causal verdict. Generate: salt mining inside a salt-dome industrial setting; simple extraction concept, no exact mine plan.  Keep the visual understandable without dense labels; all nonessential typography stays editor-native.","R3_READY_FOR_QC"
"LP-GFX-005","GFX","LP-B011","1","LP-S01;LP-S04","SOURCE_GEOMETRY_ONLY_WHERE_DOCUMENTED: literal geometry only from the named source; otherwise label the visual conceptual/estimated | GENERATED_EDITORIAL_GRAPHIC: no unsupported mechanism, measurement, or causal verdict","","","In a room-and-pillar mine, workers remove large volumes of material while deliberately leaving columns behind to support the roof. That means the underground is not one giant empty cave.","16:9 1920x1080 Hidden Industrial America generated editorial infographic / technical illustration; charcoal #171A1C, iron #30363A, warm paper #E6DDC8, ivory #F3EBDD, faded rust #A55235, blueprint gray-blue #5F747D; lower 15% visually quiet for captions; no black caption box; no neon; no horror; no fake archival damage/date stamp/newspaper; no logos unless source-grounded; no unsupported mechanism, measurement, or causal verdict. Generate: room-and-pillar principle: excavated rooms separated by supporting salt pillars.  Keep the visual understandable without dense labels; all nonessential typography stays editor-native.","R3_READY_FOR_QC"
"LP-GFX-006","GFX","LP-B011","1","LP-S01;LP-S04","SOURCE_GEOMETRY_ONLY_WHERE_DOCUMENTED: literal geometry only from the named source; otherwise label the visual conceptual/estimated | GENERATED_EDITORIAL_GRAPHIC: no unsupported mechanism, measurement, or causal verdict","","","In a room-and-pillar mine, workers remove large volumes of material while deliberately leaving columns behind to support the roof. That means the underground is not one giant empty cave.","16:9 1920x1080 Hidden Industrial America generated editorial infographic / technical illustration; charcoal #171A1C, iron #30363A, warm paper #E6DDC8, ivory #F3EBDD, faded rust #A55235, blueprint gray-blue #5F747D; lower 15% visually quiet for captions; no black caption box; no neon; no horror; no fake archival damage/date stamp/newspaper; no logos unless source-grounded; no unsupported mechanism, measurement, or causal verdict. Generate: close technical view distinguishing open rooms from supporting pillars; clearly different crop/scale from the previous shot.  Keep the visual understandable without dense labels; all nonessential typography stays editor-native.","R3_READY_FOR_QC"
"LP-GFX-007","GFX","LP-B012","1","LP-S01","GENERATED_EDITORIAL_GRAPHIC: no unsupported mechanism, measurement, or causal verdict","","800 ft;1,000 ft;1,300 ft;1,500 ft","It is a network of rooms, pillars, passages and working levels. Federal records describe workings around eight hundred, one thousand, thirteen hundred and fifteen hundred feet below the surface.","16:9 1920x1080 Hidden Industrial America generated editorial infographic / technical illustration; charcoal #171A1C, iron #30363A, warm paper #E6DDC8, ivory #F3EBDD, faded rust #A55235, blueprint gray-blue #5F747D; lower 15% visually quiet for captions; no black caption box; no neon; no horror; no fake archival damage/date stamp/newspaper; no logos unless source-grounded; no unsupported mechanism, measurement, or causal verdict. Generate: vertical stack of major working levels; 800 ft, 1,000 ft, 1,300 ft, 1,500 ft, explicitly labeled MINE LEVELS. Render only these explicit text/number anchors: 800 ft;1,000 ft;1,300 ft;1,500 ft. All other labels should be minimal or omitted. Keep the visual understandable without dense labels; all nonessential typography stays editor-native.","R3_READY_FOR_QC"
"LP-GFX-008","GFX","LP-B013","1","LP-S04;LP-S05","SOURCE_GEOMETRY_ONLY_WHERE_DOCUMENTED: literal geometry only from the named source; otherwise label the visual conceptual/estimated | GENERATED_EDITORIAL_GRAPHIC: no unsupported mechanism, measurement, or causal verdict","","","At the same time, the same salt structure made the area interesting to the petroleum industry. Oil can accumulate around salt structures. Texaco held an oil lease beneath Lake Peigneur.","16:9 1920x1080 Hidden Industrial America generated editorial infographic / technical illustration; charcoal #171A1C, iron #30363A, warm paper #E6DDC8, ivory #F3EBDD, faded rust #A55235, blueprint gray-blue #5F747D; lower 15% visually quiet for captions; no black caption box; no neon; no horror; no fake archival damage/date stamp/newspaper; no logos unless source-grounded; no unsupported mechanism, measurement, or causal verdict. Generate: oil accumulation around salt structures as a general petroleum-geology concept; no lease-boundary claim.  Keep the visual understandable without dense labels; all nonessential typography stays editor-native.","R3_READY_FOR_QC"
"LP-GFX-009","GFX","LP-B015","1","LP-S01;LP-S04","SOURCE_GEOMETRY_ONLY_WHERE_DOCUMENTED: literal geometry only from the named source; otherwise label the visual conceptual/estimated | GENERATED_EDITORIAL_GRAPHIC: no unsupported mechanism, measurement, or causal verdict","","","Each could work safely only if the geometry separating them remained understood. And there was one physical rule that made that separation critical. Fresh water dissolves salt.","16:9 1920x1080 Hidden Industrial America generated editorial infographic / technical illustration; charcoal #171A1C, iron #30363A, warm paper #E6DDC8, ivory #F3EBDD, faded rust #A55235, blueprint gray-blue #5F747D; lower 15% visually quiet for captions; no black caption box; no neon; no horror; no fake archival damage/date stamp/newspaper; no logos unless source-grounded; no unsupported mechanism, measurement, or causal verdict. Generate: fresh water contacting salt and beginning dissolution at a material-detail scale; conceptual mechanism only.  Keep the visual understandable without dense labels; all nonessential typography stays editor-native.","R3_READY_FOR_QC"
"LP-GFX-010","GFX","LP-B016","2","LP-S01;LP-S19","SOURCE_GEOMETRY_ONLY_WHERE_DOCUMENTED: literal geometry only from the named source; otherwise label the visual conceptual/estimated | GENERATED_EDITORIAL_GRAPHIC: no unsupported mechanism, measurement, or causal verdict","","≈1,228 ft;1,300-ft mine level","That morning, the drill assembly would not come free. Later reconstructions placed it at roughly twelve hundred and twenty-eight feet — close enough to the mine's thirteen-hundred-foot level to become central to the investigation.","16:9 1920x1080 Hidden Industrial America generated editorial infographic / technical illustration; charcoal #171A1C, iron #30363A, warm paper #E6DDC8, ivory #F3EBDD, faded rust #A55235, blueprint gray-blue #5F747D; lower 15% visually quiet for captions; no black caption box; no neon; no horror; no fake archival damage/date stamp/newspaper; no logos unless source-grounded; no unsupported mechanism, measurement, or causal verdict. Generate: qualified depth comparison: ≈1,228 ft drill depth and 1,300-ft mine level, with both labels unambiguous. Render only these explicit text/number anchors: ≈1,228 ft;1,300-ft mine level. All other labels should be minimal or omitted. Keep the visual understandable without dense labels; all nonessential typography stays editor-native.","R3_READY_FOR_QC"
"LP-GFX-011","GFX","LP-B017","2","LP-S01","GENERATED_EDITORIAL_GRAPHIC: no unsupported mechanism, measurement, or causal verdict","","","Then the problem changed. Water began entering the mine. For the people underground, that transformed the situation immediately. Salt mines are built to manage normal underground conditions.","16:9 1920x1080 Hidden Industrial America generated editorial infographic / technical illustration; charcoal #171A1C, iron #30363A, warm paper #E6DDC8, ivory #F3EBDD, faded rust #A55235, blueprint gray-blue #5F747D; lower 15% visually quiet for captions; no black caption box; no neon; no horror; no fake archival damage/date stamp/newspaper; no logos unless source-grounded; no unsupported mechanism, measurement, or causal verdict. Generate: conceptual water ingress into a salt-mine system with a broad uncertainty zone; no verified route.  Keep the visual understandable without dense labels; all nonessential typography stays editor-native.","R3_READY_FOR_QC"
"LP-GFX-012","GFX","LP-B019","2","LP-S01;LP-S02","GENERATED_EDITORIAL_GRAPHIC: no unsupported mechanism, measurement, or causal verdict","","<1 hour","At that point, nobody underground needed a final answer about maps, coordinates or legal responsibility. They needed time.","16:9 1920x1080 Hidden Industrial America generated editorial infographic / technical illustration; charcoal #171A1C, iron #30363A, warm paper #E6DDC8, ivory #F3EBDD, faded rust #A55235, blueprint gray-blue #5F747D; lower 15% visually quiet for captions; no black caption box; no neon; no horror; no fake archival damage/date stamp/newspaper; no logos unless source-grounded; no unsupported mechanism, measurement, or causal verdict. Generate: time-pressure graphic centered on less-than-one-hour evacuation outcome without implying a precise minute-by-minute timeline. Render only these explicit text/number anchors: <1 hour. All other labels should be minimal or omitted. Keep the visual understandable without dense labels; all nonessential typography stays editor-native.","R3_READY_FOR_QC"
"LP-GFX-013","GFX","LP-B020","2","LP-S01;LP-S19","SOURCE_GEOMETRY_ONLY_WHERE_DOCUMENTED: literal geometry only from the named source; otherwise label the visual conceptual/estimated | GENERATED_EDITORIAL_GRAPHIC: no unsupported mechanism, measurement, or causal verdict","","","What exactly connected the drilling operation to the mine would become the great argument after the disaster. The connection itself was now the emergency.","16:9 1920x1080 Hidden Industrial America generated editorial infographic / technical illustration; charcoal #171A1C, iron #30363A, warm paper #E6DDC8, ivory #F3EBDD, faded rust #A55235, blueprint gray-blue #5F747D; lower 15% visually quiet for captions; no black caption box; no neon; no horror; no fake archival damage/date stamp/newspaper; no logos unless source-grounded; no unsupported mechanism, measurement, or causal verdict. Generate: unknown connection geometry graphic: confirmed hydraulic connection / uncertain initiating path.  Keep the visual understandable without dense labels; all nonessential typography stays editor-native.","R3_READY_FOR_QC"
"LP-GFX-014","GFX","LP-B021","3","LP-S01;LP-S02","GENERATED_EDITORIAL_GRAPHIC: no unsupported mechanism, measurement, or causal verdict","","52","The Mine Safety and Health Administration later recorded fifty-two people underground. They were not standing together beside an exit.","16:9 1920x1080 Hidden Industrial America generated editorial infographic / technical illustration; charcoal #171A1C, iron #30363A, warm paper #E6DDC8, ivory #F3EBDD, faded rust #A55235, blueprint gray-blue #5F747D; lower 15% visually quiet for captions; no black caption box; no neon; no horror; no fake archival damage/date stamp/newspaper; no logos unless source-grounded; no unsupported mechanism, measurement, or causal verdict. Generate: 52 workers distributed underground as a scale/count graphic, not an exact positional map. Render only these explicit text/number anchors: 52. All other labels should be minimal or omitted. Keep the visual understandable without dense labels; all nonessential typography stays editor-native.","R3_READY_FOR_QC"
"LP-GFX-015","GFX","LP-B022","3","LP-S01","GENERATED_EDITORIAL_GRAPHIC: no unsupported mechanism, measurement, or causal verdict","","","They were working inside a mine spread through multiple levels and workings. Now water was entering that system.","16:9 1920x1080 Hidden Industrial America generated editorial infographic / technical illustration; charcoal #171A1C, iron #30363A, warm paper #E6DDC8, ivory #F3EBDD, faded rust #A55235, blueprint gray-blue #5F747D; lower 15% visually quiet for captions; no black caption box; no neon; no horror; no fake archival damage/date stamp/newspaper; no logos unless source-grounded; no unsupported mechanism, measurement, or causal verdict. Generate: multi-level mine-network occupancy concept with separated work zones and no exact worker locations.  Keep the visual understandable without dense labels; all nonessential typography stays editor-native.","R3_READY_FOR_QC"
"LP-GFX-016","GFX","LP-B025","3","LP-S01;LP-S02","GENERATED_EDITORIAL_GRAPHIC: no unsupported mechanism, measurement, or causal verdict","","","Some had to travel through a mine that was changing from a workplace into an emergency scene. The official investigation later recognized several employees for leadership and search actions during the evacuation.","16:9 1920x1080 Hidden Industrial America generated editorial infographic / technical illustration; charcoal #171A1C, iron #30363A, warm paper #E6DDC8, ivory #F3EBDD, faded rust #A55235, blueprint gray-blue #5F747D; lower 15% visually quiet for captions; no black caption box; no neon; no horror; no fake archival damage/date stamp/newspaper; no logos unless source-grounded; no unsupported mechanism, measurement, or causal verdict. Generate: evacuation accountability flow: distributed workers → search/accounting → egress, without named individuals or fabricated route signs.  Keep the visual understandable without dense labels; all nonessential typography stays editor-native.","R3_READY_FOR_QC"
"LP-GFX-017","GFX","LP-B027","3","LP-S01;LP-S02","GENERATED_EDITORIAL_GRAPHIC: no unsupported mechanism, measurement, or causal verdict","","52;<1 hour","They did not know how quickly the inflow would grow. They only knew that water was entering a salt mine beneath a lake. And less than an hour after the inflow was discovered, all fifty-two people were out.","16:9 1920x1080 Hidden Industrial America generated editorial infographic / technical illustration; charcoal #171A1C, iron #30363A, warm paper #E6DDC8, ivory #F3EBDD, faded rust #A55235, blueprint gray-blue #5F747D; lower 15% visually quiet for captions; no black caption box; no neon; no horror; no fake archival damage/date stamp/newspaper; no logos unless source-grounded; no unsupported mechanism, measurement, or causal verdict. Generate: evacuation result graphic: 52 people out in less than one hour, presented as MSHA-recorded outcome. Render only these explicit text/number anchors: 52;<1 hour. All other labels should be minimal or omitted. Keep the visual understandable without dense labels; all nonessential typography stays editor-native.","R3_READY_FOR_QC"
"LP-GFX-018","GFX","LP-B034","4","LP-S09","GENERATED_EDITORIAL_GRAPHIC: no unsupported mechanism, measurement, or causal verdict","","~68 acres","Post-disaster geological work put the permanent land loss at roughly sixty-eight acres.","16:9 1920x1080 Hidden Industrial America generated editorial infographic / technical illustration; charcoal #171A1C, iron #30363A, warm paper #E6DDC8, ivory #F3EBDD, faded rust #A55235, blueprint gray-blue #5F747D; lower 15% visually quiet for captions; no black caption box; no neon; no horror; no fake archival damage/date stamp/newspaper; no logos unless source-grounded; no unsupported mechanism, measurement, or causal verdict. Generate: land-loss scale graphic showing roughly 68 acres as a quantified aftermath fact without inventing the exact lost-land outline. Render only these explicit text/number anchors: ~68 acres. All other labels should be minimal or omitted. Keep the visual understandable without dense labels; all nonessential typography stays editor-native.","R3_READY_FOR_QC"
"LP-GFX-019","GFX","LP-B037","5","LP-S01;LP-S04","SOURCE_GEOMETRY_ONLY_WHERE_DOCUMENTED: literal geometry only from the named source; otherwise label the visual conceptual/estimated | GENERATED_EDITORIAL_GRAPHIC: no unsupported mechanism, measurement, or causal verdict","","","A normal pipe stays roughly the same size while water passes through it. A failure through salt does not have to. Fresh water contacts the salt surface.","16:9 1920x1080 Hidden Industrial America generated editorial infographic / technical illustration; charcoal #171A1C, iron #30363A, warm paper #E6DDC8, ivory #F3EBDD, faded rust #A55235, blueprint gray-blue #5F747D; lower 15% visually quiet for captions; no black caption box; no neon; no horror; no fake archival damage/date stamp/newspaper; no logos unless source-grounded; no unsupported mechanism, measurement, or causal verdict. Generate: fixed-pipe versus dissolving-salt pathway comparison; emphasize that salt pathways can enlarge.  Keep the visual understandable without dense labels; all nonessential typography stays editor-native.","R3_READY_FOR_QC"
"LP-GFX-020","GFX","LP-B038","5","LP-S01;LP-S04","SOURCE_GEOMETRY_ONLY_WHERE_DOCUMENTED: literal geometry only from the named source; otherwise label the visual conceptual/estimated | GENERATED_EDITORIAL_GRAPHIC: no unsupported mechanism, measurement, or causal verdict","","","Salt dissolves into the flow. A narrow path can enlarge. Loss of salt can weaken the roof, pillars or surrounding ground. That creates more space for water.","16:9 1920x1080 Hidden Industrial America generated editorial infographic / technical illustration; charcoal #171A1C, iron #30363A, warm paper #E6DDC8, ivory #F3EBDD, faded rust #A55235, blueprint gray-blue #5F747D; lower 15% visually quiet for captions; no black caption box; no neon; no horror; no fake archival damage/date stamp/newspaper; no logos unless source-grounded; no unsupported mechanism, measurement, or causal verdict. Generate: salt dissolution enlargement sequence from narrow contact to wider conceptual pathway; no exact event geometry.  Keep the visual understandable without dense labels; all nonessential typography stays editor-native.","R3_READY_FOR_QC"
"LP-GFX-021","GFX","LP-B038","5","LP-S01;LP-S04","SOURCE_GEOMETRY_ONLY_WHERE_DOCUMENTED: literal geometry only from the named source; otherwise label the visual conceptual/estimated | GENERATED_EDITORIAL_GRAPHIC: no unsupported mechanism, measurement, or causal verdict","","","Salt dissolves into the flow. A narrow path can enlarge. Loss of salt can weaken the roof, pillars or surrounding ground. That creates more space for water.","16:9 1920x1080 Hidden Industrial America generated editorial infographic / technical illustration; charcoal #171A1C, iron #30363A, warm paper #E6DDC8, ivory #F3EBDD, faded rust #A55235, blueprint gray-blue #5F747D; lower 15% visually quiet for captions; no black caption box; no neon; no horror; no fake archival damage/date stamp/newspaper; no logos unless source-grounded; no unsupported mechanism, measurement, or causal verdict. Generate: roof/pillar weakening concept caused by salt loss; generic mine mechanics only.  Keep the visual understandable without dense labels; all nonessential typography stays editor-native.","R3_READY_FOR_QC"
"LP-GFX-022","GFX","LP-B039","5","LP-S01;LP-S04","SOURCE_GEOMETRY_ONLY_WHERE_DOCUMENTED: literal geometry only from the named source; otherwise label the visual conceptual/estimated | GENERATED_EDITORIAL_GRAPHIC: no unsupported mechanism, measurement, or causal verdict","","","More water exposes more salt. And the cycle can accelerate. Flow. Dissolution. Enlargement and failure. More flow.","16:9 1920x1080 Hidden Industrial America generated editorial infographic / technical illustration; charcoal #171A1C, iron #30363A, warm paper #E6DDC8, ivory #F3EBDD, faded rust #A55235, blueprint gray-blue #5F747D; lower 15% visually quiet for captions; no black caption box; no neon; no horror; no fake archival damage/date stamp/newspaper; no logos unless source-grounded; no unsupported mechanism, measurement, or causal verdict. Generate: qualitative feedback loop: flow → dissolution → enlargement/failure → more flow.  Keep the visual understandable without dense labels; all nonessential typography stays editor-native.","R3_READY_FOR_QC"
"LP-GFX-023","GFX","LP-B039","5","LP-S01;LP-S04","SOURCE_GEOMETRY_ONLY_WHERE_DOCUMENTED: literal geometry only from the named source; otherwise label the visual conceptual/estimated | GENERATED_EDITORIAL_GRAPHIC: no unsupported mechanism, measurement, or causal verdict","","","More water exposes more salt. And the cycle can accelerate. Flow. Dissolution. Enlargement and failure. More flow.","16:9 1920x1080 Hidden Industrial America generated editorial infographic / technical illustration; charcoal #171A1C, iron #30363A, warm paper #E6DDC8, ivory #F3EBDD, faded rust #A55235, blueprint gray-blue #5F747D; lower 15% visually quiet for captions; no black caption box; no neon; no horror; no fake archival damage/date stamp/newspaper; no logos unless source-grounded; no unsupported mechanism, measurement, or causal verdict. Generate: second feedback view focused on increasing exposed salt surface, visually distinct from the loop diagram.  Keep the visual understandable without dense labels; all nonessential typography stays editor-native.","R3_READY_FOR_QC"
"LP-GFX-024","GFX","LP-B040","5","LP-S01;LP-S04","SOURCE_GEOMETRY_ONLY_WHERE_DOCUMENTED: literal geometry only from the named source; otherwise label the visual conceptual/estimated | GENERATED_EDITORIAL_GRAPHIC: no unsupported mechanism, measurement, or causal verdict","","","The crucial idea is feedback. The failure was not merely carrying water through a fixed opening. The water could help enlarge the system that was carrying the water.","16:9 1920x1080 Hidden Industrial America generated editorial infographic / technical illustration; charcoal #171A1C, iron #30363A, warm paper #E6DDC8, ivory #F3EBDD, faded rust #A55235, blueprint gray-blue #5F747D; lower 15% visually quiet for captions; no black caption box; no neon; no horror; no fake archival damage/date stamp/newspaper; no logos unless source-grounded; no unsupported mechanism, measurement, or causal verdict. Generate: positive-feedback system diagram showing water helping enlarge the path that carries it; qualitative only.  Keep the visual understandable without dense labels; all nonessential typography stays editor-native.","R3_READY_FOR_QC"
"LP-GFX-025","GFX","LP-B041","5","LP-S01;LP-S04","SOURCE_GEOMETRY_ONLY_WHERE_DOCUMENTED: literal geometry only from the named source; otherwise label the visual conceptual/estimated | GENERATED_EDITORIAL_GRAPHIC: no unsupported mechanism, measurement, or causal verdict","","","That is why the phrase ""one small hole drained the lake"" misses the engineering story. Whatever the initiating pathway looked like, it did not have to stay that size.","16:9 1920x1080 Hidden Industrial America generated editorial infographic / technical illustration; charcoal #171A1C, iron #30363A, warm paper #E6DDC8, ivory #F3EBDD, faded rust #A55235, blueprint gray-blue #5F747D; lower 15% visually quiet for captions; no black caption box; no neon; no horror; no fake archival damage/date stamp/newspaper; no logos unless source-grounded; no unsupported mechanism, measurement, or causal verdict. Generate: small opening does not have to remain small; uncertainty-preserving enlargement concept.  Keep the visual understandable without dense labels; all nonessential typography stays editor-native.","R3_READY_FOR_QC"
"LP-GFX-026","GFX","LP-B042","5","LP-S01;LP-S04","SOURCE_GEOMETRY_ONLY_WHERE_DOCUMENTED: literal geometry only from the named source; otherwise label the visual conceptual/estimated | GENERATED_EDITORIAL_GRAPHIC: no unsupported mechanism, measurement, or causal verdict","","","The accident was modifying the system while the system was failing.","16:9 1920x1080 Hidden Industrial America generated editorial infographic / technical illustration; charcoal #171A1C, iron #30363A, warm paper #E6DDC8, ivory #F3EBDD, faded rust #A55235, blueprint gray-blue #5F747D; lower 15% visually quiet for captions; no black caption box; no neon; no horror; no fake archival damage/date stamp/newspaper; no logos unless source-grounded; no unsupported mechanism, measurement, or causal verdict. Generate: system changing while failing: before/during conceptual geometry without exact breach claim.  Keep the visual understandable without dense labels; all nonessential typography stays editor-native.","R3_READY_FOR_QC"
"LP-GFX-027","GFX","LP-B043","6","LP-S01;LP-S04","SOURCE_GEOMETRY_ONLY_WHERE_DOCUMENTED: literal geometry only from the named source; otherwise label the visual conceptual/estimated | GENERATED_EDITORIAL_GRAPHIC: no unsupported mechanism, measurement, or causal verdict","","","Once enough water was moving underground, gravity supplied the energy. The lake itself became part of the failure mechanism. Water rushed toward the opening.","16:9 1920x1080 Hidden Industrial America generated editorial infographic / technical illustration; charcoal #171A1C, iron #30363A, warm paper #E6DDC8, ivory #F3EBDD, faded rust #A55235, blueprint gray-blue #5F747D; lower 15% visually quiet for captions; no black caption box; no neon; no horror; no fake archival damage/date stamp/newspaper; no logos unless source-grounded; no unsupported mechanism, measurement, or causal verdict. Generate: gravity-driven lake-to-underground-void concept with directional energy and no measured flow rate.  Keep the visual understandable without dense labels; all nonessential typography stays editor-native.","R3_READY_FOR_QC"
"LP-GFX-028","GFX","LP-B045","6","LP-S01;LP-S04","SOURCE_GEOMETRY_ONLY_WHERE_DOCUMENTED: literal geometry only from the named source; otherwise label the visual conceptual/estimated | GENERATED_EDITORIAL_GRAPHIC: no unsupported mechanism, measurement, or causal verdict","","","The famous whirlpool was only the surface expression. Below it, water was entering an industrial void built across multiple levels.","16:9 1920x1080 Hidden Industrial America generated editorial infographic / technical illustration; charcoal #171A1C, iron #30363A, warm paper #E6DDC8, ivory #F3EBDD, faded rust #A55235, blueprint gray-blue #5F747D; lower 15% visually quiet for captions; no black caption box; no neon; no horror; no fake archival damage/date stamp/newspaper; no logos unless source-grounded; no unsupported mechanism, measurement, or causal verdict. Generate: surface whirlpool as expression of a much larger underground industrial void across multiple levels.  Keep the visual understandable without dense labels; all nonessential typography stays editor-native.","R3_READY_FOR_QC"
"LP-GFX-029","GFX","LP-B046","6","LP-S01;LP-S04","SOURCE_GEOMETRY_ONLY_WHERE_DOCUMENTED: literal geometry only from the named source; otherwise label the visual conceptual/estimated | GENERATED_EDITORIAL_GRAPHIC: no unsupported mechanism, measurement, or causal verdict","","","Above it, the lake was losing both water and shoreline. Those two systems were now coupled.","16:9 1920x1080 Hidden Industrial America generated editorial infographic / technical illustration; charcoal #171A1C, iron #30363A, warm paper #E6DDC8, ivory #F3EBDD, faded rust #A55235, blueprint gray-blue #5F747D; lower 15% visually quiet for captions; no black caption box; no neon; no horror; no fake archival damage/date stamp/newspaper; no logos unless source-grounded; no unsupported mechanism, measurement, or causal verdict. Generate: lake-water loss and shoreline loss as coupled surface consequences.  Keep the visual understandable without dense labels; all nonessential typography stays editor-native.","R3_READY_FOR_QC"
"LP-GFX-030","GFX","LP-B047","6","LP-S01;LP-S04","SOURCE_GEOMETRY_ONLY_WHERE_DOCUMENTED: literal geometry only from the named source; otherwise label the visual conceptual/estimated | GENERATED_EDITORIAL_GRAPHIC: no unsupported mechanism, measurement, or causal verdict","","","The faster the lake fed the failure, the more the failure could change the route available to the lake.","16:9 1920x1080 Hidden Industrial America generated editorial infographic / technical illustration; charcoal #171A1C, iron #30363A, warm paper #E6DDC8, ivory #F3EBDD, faded rust #A55235, blueprint gray-blue #5F747D; lower 15% visually quiet for captions; no black caption box; no neon; no horror; no fake archival damage/date stamp/newspaper; no logos unless source-grounded; no unsupported mechanism, measurement, or causal verdict. Generate: qualitative increasing-flow ↔ pathway-enlargement relationship; no numerical flow-rate implication.  Keep the visual understandable without dense labels; all nonessential typography stays editor-native.","R3_READY_FOR_QC"
"LP-GFX-031","GFX","LP-B048","6","LP-S01;LP-S04","SOURCE_GEOMETRY_ONLY_WHERE_DOCUMENTED: literal geometry only from the named source; otherwise label the visual conceptual/estimated | GENERATED_EDITORIAL_GRAPHIC: no unsupported mechanism, measurement, or causal verdict","","","The relationship between water, mine, rock and air was being rewritten in real time. And as the lake level dropped, the consequences reached beyond Jefferson Island.","16:9 1920x1080 Hidden Industrial America generated editorial infographic / technical illustration; charcoal #171A1C, iron #30363A, warm paper #E6DDC8, ivory #F3EBDD, faded rust #A55235, blueprint gray-blue #5F747D; lower 15% visually quiet for captions; no black caption box; no neon; no horror; no fake archival damage/date stamp/newspaper; no logos unless source-grounded; no unsupported mechanism, measurement, or causal verdict. Generate: coupled water / mine / rock system, excluding unsupported air-pressure mechanics.  Keep the visual understandable without dense labels; all nonessential typography stays editor-native.","R3_READY_FOR_QC"
"LP-GFX-032","GFX","LP-B049","6","LP-S01;LP-S10","FACTUAL_REFERENCE_ONLY: do not attach, copy, or imitate copyrighted webpage/photo/design; use facts only | GENERATED_EDITORIAL_GRAPHIC: no unsupported mechanism, measurement, or causal verdict","","","They changed the direction of another body of water.","16:9 1920x1080 Hidden Industrial America generated editorial infographic / technical illustration; charcoal #171A1C, iron #30363A, warm paper #E6DDC8, ivory #F3EBDD, faded rust #A55235, blueprint gray-blue #5F747D; lower 15% visually quiet for captions; no black caption box; no neon; no horror; no fake archival damage/date stamp/newspaper; no logos unless source-grounded; no unsupported mechanism, measurement, or causal verdict. Generate: hydraulic-direction flip cue transitioning from lake drawdown to canal reversal.  Keep the visual understandable without dense labels; all nonessential typography stays editor-native.","R3_READY_FOR_QC"
"LP-GFX-033","GFX","LP-B050","7","LP-S06;LP-S07;LP-S10","FACTUAL_REFERENCE_ONLY: do not attach, copy, or imitate copyrighted webpage/photo/design; use facts only | SOURCE_GEOMETRY_ONLY_WHERE_DOCUMENTED: literal geometry only from the named source; otherwise label the visual conceptual/estimated | GENERATED_EDITORIAL_GRAPHIC: no unsupported mechanism, measurement, or causal verdict","","","Lake Peigneur connected southward through the Delcambre Canal toward Vermilion Bay. Under normal conditions, that connection carried water away from the lake.","16:9 1920x1080 Hidden Industrial America generated editorial infographic / technical illustration; charcoal #171A1C, iron #30363A, warm paper #E6DDC8, ivory #F3EBDD, faded rust #A55235, blueprint gray-blue #5F747D; lower 15% visually quiet for captions; no black caption box; no neon; no horror; no fake archival damage/date stamp/newspaper; no logos unless source-grounded; no unsupported mechanism, measurement, or causal verdict. Generate: Lake Peigneur–Delcambre–Vermilion directional sequence with simple normal-flow arrows.  Keep the visual understandable without dense labels; all nonessential typography stays editor-native.","R3_READY_FOR_QC"
"LP-GFX-034","GFX","LP-B051","7","LP-S06;LP-S07;LP-S10","FACTUAL_REFERENCE_ONLY: do not attach, copy, or imitate copyrighted webpage/photo/design; use facts only | SOURCE_GEOMETRY_ONLY_WHERE_DOCUMENTED: literal geometry only from the named source; otherwise label the visual conceptual/estimated | GENERATED_EDITORIAL_GRAPHIC: no unsupported mechanism, measurement, or causal verdict","","","Now the lake had fallen so far that the hydraulic relationship reversed. The lake became the lower destination. The canal began feeding it.","16:9 1920x1080 Hidden Industrial America generated editorial infographic / technical illustration; charcoal #171A1C, iron #30363A, warm paper #E6DDC8, ivory #F3EBDD, faded rust #A55235, blueprint gray-blue #5F747D; lower 15% visually quiet for captions; no black caption box; no neon; no horror; no fake archival damage/date stamp/newspaper; no logos unless source-grounded; no unsupported mechanism, measurement, or causal verdict. Generate: normal versus reversed canal-flow comparison; no exact velocity or elevation values.  Keep the visual understandable without dense labels; all nonessential typography stays editor-native.","R3_READY_FOR_QC"
"LP-GFX-035","GFX","LP-B054","7","LP-S01;LP-S10","FACTUAL_REFERENCE_ONLY: do not attach, copy, or imitate copyrighted webpage/photo/design; use facts only | GENERATED_EDITORIAL_GRAPHIC: no unsupported mechanism, measurement, or causal verdict","","~150 ft reported","A temporary waterfall appearing where there had been no cliff. But the water was still obeying gravity. The landscape had changed underneath it. The canal had not moved on the map.","16:9 1920x1080 Hidden Industrial America generated editorial infographic / technical illustration; charcoal #171A1C, iron #30363A, warm paper #E6DDC8, ivory #F3EBDD, faded rust #A55235, blueprint gray-blue #5F747D; lower 15% visually quiet for captions; no black caption box; no neon; no horror; no fake archival damage/date stamp/newspaper; no logos unless source-grounded; no unsupported mechanism, measurement, or causal verdict. Generate: elevation-reversal cross-section with 'roughly 150 ft' treated as a historical reported estimate, not precise survey. Render only these explicit text/number anchors: ~150 ft reported. All other labels should be minimal or omitted. Keep the visual understandable without dense labels; all nonessential typography stays editor-native.","R3_READY_FOR_QC"
"LP-GFX-036","GFX","LP-B057","8","LP-S01;LP-S02","GENERATED_EDITORIAL_GRAPHIC: no unsupported mechanism, measurement, or causal verdict","","","The lake had been transformed from the shallow basin that existed before the accident into a much deeper one. The industrial system beneath it was finished.","16:9 1920x1080 Hidden Industrial America generated editorial infographic / technical illustration; charcoal #171A1C, iron #30363A, warm paper #E6DDC8, ivory #F3EBDD, faded rust #A55235, blueprint gray-blue #5F747D; lower 15% visually quiet for captions; no black caption box; no neon; no horror; no fake archival damage/date stamp/newspaper; no logos unless source-grounded; no unsupported mechanism, measurement, or causal verdict. Generate: before/after shallow-basin-to-deeper-post-event concept without rendering an unsupported exact final depth.  Keep the visual understandable without dense labels; all nonessential typography stays editor-native.","R3_READY_FOR_QC"
"LP-GFX-037","GFX","LP-B058","8","LP-S01;LP-S02","GENERATED_EDITORIAL_GRAPHIC: no unsupported mechanism, measurement, or causal verdict","","0 deaths;52 escaped","But the most important number is not the final depth. It is zero. No human deaths. All fifty-two people recorded underground escaped.","16:9 1920x1080 Hidden Industrial America generated editorial infographic / technical illustration; charcoal #171A1C, iron #30363A, warm paper #E6DDC8, ivory #F3EBDD, faded rust #A55235, blueprint gray-blue #5F747D; lower 15% visually quiet for captions; no black caption box; no neon; no horror; no fake archival damage/date stamp/newspaper; no logos unless source-grounded; no unsupported mechanism, measurement, or causal verdict. Generate: zero-fatality hero statistic paired with 52 escaped underground; no casualty imagery. Render only these explicit text/number anchors: 0 deaths;52 escaped. All other labels should be minimal or omitted. Keep the visual understandable without dense labels; all nonessential typography stays editor-native.","R3_READY_FOR_QC"
"LP-GFX-038","GFX","LP-B060","8","LP-S01;LP-S02","GENERATED_EDITORIAL_GRAPHIC: no unsupported mechanism, measurement, or causal verdict","","0 deaths","An accident violent enough to erase part of a shoreline, destroy a working mine and reverse a canal ended without a human fatality.","16:9 1920x1080 Hidden Industrial America generated editorial infographic / technical illustration; charcoal #171A1C, iron #30363A, warm paper #E6DDC8, ivory #F3EBDD, faded rust #A55235, blueprint gray-blue #5F747D; lower 15% visually quiet for captions; no black caption box; no neon; no horror; no fake archival damage/date stamp/newspaper; no logos unless source-grounded; no unsupported mechanism, measurement, or causal verdict. Generate: event consequences versus zero fatalities; land/mine/canal icons + 0 deaths. Render only these explicit text/number anchors: 0 deaths. All other labels should be minimal or omitted. Keep the visual understandable without dense labels; all nonessential typography stays editor-native.","R3_READY_FOR_QC"
"LP-GFX-039","GFX","LP-B062","9","LP-S01;LP-S19","SOURCE_GEOMETRY_ONLY_WHERE_DOCUMENTED: literal geometry only from the named source; otherwise label the visual conceptual/estimated | GENERATED_EDITORIAL_GRAPHIC: no unsupported mechanism, measurement, or causal verdict","","","A widely repeated story says a coordinate or surveying error sent the well into the mine. The official federal investigation did not close the case that neatly.","16:9 1920x1080 Hidden Industrial America generated editorial infographic / technical illustration; charcoal #171A1C, iron #30363A, warm paper #E6DDC8, ivory #F3EBDD, faded rust #A55235, blueprint gray-blue #5F747D; lower 15% visually quiet for captions; no black caption box; no neon; no horror; no fake archival damage/date stamp/newspaper; no logos unless source-grounded; no unsupported mechanism, measurement, or causal verdict. Generate: popular coordinate-error story versus unresolved federal finding; neutral evidence hierarchy.  Keep the visual understandable without dense labels; all nonessential typography stays editor-native.","R3_READY_FOR_QC"
"LP-GFX-040","GFX","LP-B064","9","LP-S19","SOURCE_GEOMETRY_ONLY_WHERE_DOCUMENTED: literal geometry only from the named source; otherwise label the visual conceptual/estimated | GENERATED_EDITORIAL_GRAPHIC: no unsupported mechanism, measurement, or causal verdict","","1,300-ft mine level","Critical physical information was underwater, displaced or gone. Federal mine-safety investigators reconstructed an estimated drill-hole location near the mine's thirteen-hundred-foot level.","16:9 1920x1080 Hidden Industrial America generated editorial infographic / technical illustration; charcoal #171A1C, iron #30363A, warm paper #E6DDC8, ivory #F3EBDD, faded rust #A55235, blueprint gray-blue #5F747D; lower 15% visually quiet for captions; no black caption box; no neon; no horror; no fake archival damage/date stamp/newspaper; no logos unless source-grounded; no unsupported mechanism, measurement, or causal verdict. Generate: estimated drill-hole location near the 1,300-ft mine level; never show isolated 1,300 ft as lake depth. Render only these explicit text/number anchors: 1,300-ft mine level. All other labels should be minimal or omitted. Keep the visual understandable without dense labels; all nonessential typography stays editor-native.","R3_READY_FOR_QC"
"LP-GFX-041","GFX","LP-B065","9","LP-S01;LP-S19","SOURCE_GEOMETRY_ONLY_WHERE_DOCUMENTED: literal geometry only from the named source; otherwise label the visual conceptual/estimated | GENERATED_EDITORIAL_GRAPHIC: no unsupported mechanism, measurement, or causal verdict","","","Diamond Crystal argued that the drilling operation had penetrated the roof of an excavated mine room. Other experts disputed that reconstruction.","16:9 1920x1080 Hidden Industrial America generated editorial infographic / technical illustration; charcoal #171A1C, iron #30363A, warm paper #E6DDC8, ivory #F3EBDD, faded rust #A55235, blueprint gray-blue #5F747D; lower 15% visually quiet for captions; no black caption box; no neon; no horror; no fake archival damage/date stamp/newspaper; no logos unless source-grounded; no unsupported mechanism, measurement, or causal verdict. Generate: competing penetration hypotheses shown as disputed models, not a settled cause.  Keep the visual understandable without dense labels; all nonessential typography stays editor-native.","R3_READY_FOR_QC"
"LP-GFX-042","GFX","LP-B066","9","LP-S01;LP-S14;LP-S19","FACTUAL_REFERENCE_ONLY: do not attach, copy, or imitate copyrighted webpage/photo/design; use facts only | SOURCE_GEOMETRY_ONLY_WHERE_DOCUMENTED: literal geometry only from the named source; otherwise label the visual conceptual/estimated | GENERATED_EDITORIAL_GRAPHIC: no unsupported mechanism, measurement, or causal verdict","","","More than two years later, during the settlement process, experts were still disagreeing over whether the well had entered the mined room in the way Diamond Crystal alleged. That distinction matters.","16:9 1920x1080 Hidden Industrial America generated editorial infographic / technical illustration; charcoal #171A1C, iron #30363A, warm paper #E6DDC8, ivory #F3EBDD, faded rust #A55235, blueprint gray-blue #5F747D; lower 15% visually quiet for captions; no black caption box; no neon; no horror; no fake archival damage/date stamp/newspaper; no logos unless source-grounded; no unsupported mechanism, measurement, or causal verdict. Generate: expert disagreement two-model comparison, each marked hypothetical/contested.  Keep the visual understandable without dense labels; all nonessential typography stays editor-native.","R3_READY_FOR_QC"
"LP-GFX-043","GFX","LP-B067","9","LP-S01;LP-S19","SOURCE_GEOMETRY_ONLY_WHERE_DOCUMENTED: literal geometry only from the named source; otherwise label the visual conceptual/estimated | GENERATED_EDITORIAL_GRAPHIC: no unsupported mechanism, measurement, or causal verdict","","","Investigators could document the drilling operation. They could document the mine. They could document the inundation. They could estimate where the well may have intersected the underground system.","16:9 1920x1080 Hidden Industrial America generated editorial infographic / technical illustration; charcoal #171A1C, iron #30363A, warm paper #E6DDC8, ivory #F3EBDD, faded rust #A55235, blueprint gray-blue #5F747D; lower 15% visually quiet for captions; no black caption box; no neon; no horror; no fake archival damage/date stamp/newspaper; no logos unless source-grounded; no unsupported mechanism, measurement, or causal verdict. Generate: evidence chain: drilling documented → mine documented → inundation documented → intersection only estimated.  Keep the visual understandable without dense labels; all nonessential typography stays editor-native.","R3_READY_FOR_QC"
"LP-GFX-044","GFX","LP-B068","9","LP-S01;LP-S19","SOURCE_GEOMETRY_ONLY_WHERE_DOCUMENTED: literal geometry only from the named source; otherwise label the visual conceptual/estimated | GENERATED_EDITORIAL_GRAPHIC: no unsupported mechanism, measurement, or causal verdict","","","But the disaster had made the decisive physical scene inaccessible. So two statements can both be true. The drilling operation and mine became hydraulically connected.","16:9 1920x1080 Hidden Industrial America generated editorial infographic / technical illustration; charcoal #171A1C, iron #30363A, warm paper #E6DDC8, ivory #F3EBDD, faded rust #A55235, blueprint gray-blue #5F747D; lower 15% visually quiet for captions; no black caption box; no neon; no horror; no fake archival damage/date stamp/newspaper; no logos unless source-grounded; no unsupported mechanism, measurement, or causal verdict. Generate: known hydraulic connection versus unknown initiating geometry; do not assign fault.  Keep the visual understandable without dense labels; all nonessential typography stays editor-native.","R3_READY_FOR_QC"
"LP-GFX-045","GFX","LP-B069","9","LP-S01;LP-S19","SOURCE_GEOMETRY_ONLY_WHERE_DOCUMENTED: literal geometry only from the named source; otherwise label the visual conceptual/estimated | GENERATED_EDITORIAL_GRAPHIC: no unsupported mechanism, measurement, or causal verdict","","","And the precise initiating technical error could not later be established with certainty. That is not a weakness in the story. It is the reason evidence matters.","16:9 1920x1080 Hidden Industrial America generated editorial infographic / technical illustration; charcoal #171A1C, iron #30363A, warm paper #E6DDC8, ivory #F3EBDD, faded rust #A55235, blueprint gray-blue #5F747D; lower 15% visually quiet for captions; no black caption box; no neon; no horror; no fake archival damage/date stamp/newspaper; no logos unless source-grounded; no unsupported mechanism, measurement, or causal verdict. Generate: evidence uncertainty graphic centered on inaccessible physical scene and unresolved initiating technical error.  Keep the visual understandable without dense labels; all nonessential typography stays editor-native.","R3_READY_FOR_QC"
"LP-GFX-046","GFX","LP-B070","10","LP-S14","FACTUAL_REFERENCE_ONLY: do not attach, copy, or imitate copyrighted webpage/photo/design; use facts only | GENERATED_EDITORIAL_GRAPHIC: no unsupported mechanism, measurement, or causal verdict","","$260M","The uncertainty did not prevent lawsuits. Diamond Crystal originally sued Texaco for two hundred and sixty million dollars.","16:9 1920x1080 Hidden Industrial America generated editorial infographic / technical illustration; charcoal #171A1C, iron #30363A, warm paper #E6DDC8, ivory #F3EBDD, faded rust #A55235, blueprint gray-blue #5F747D; lower 15% visually quiet for captions; no black caption box; no neon; no horror; no fake archival damage/date stamp/newspaper; no logos unless source-grounded; no unsupported mechanism, measurement, or causal verdict. Generate: lawsuit amount typography as financial-history fact, not evidence of technical blame. Render only these explicit text/number anchors: $260M. All other labels should be minimal or omitted. Keep the visual understandable without dense labels; all nonessential typography stays editor-native.","R3_READY_FOR_QC"
"LP-GFX-047","GFX","LP-B071","10","LP-S14","FACTUAL_REFERENCE_ONLY: do not attach, copy, or imitate copyrighted webpage/photo/design; use facts only | GENERATED_EDITORIAL_GRAPHIC: no unsupported mechanism, measurement, or causal verdict","","$32M","In 1983, Diamond Crystal accepted a thirty-two-million-dollar settlement from Texaco and Wilson Brothers.","16:9 1920x1080 Hidden Industrial America generated editorial infographic / technical illustration; charcoal #171A1C, iron #30363A, warm paper #E6DDC8, ivory #F3EBDD, faded rust #A55235, blueprint gray-blue #5F747D; lower 15% visually quiet for captions; no black caption box; no neon; no horror; no fake archival damage/date stamp/newspaper; no logos unless source-grounded; no unsupported mechanism, measurement, or causal verdict. Generate: 1983 settlement amount typography, explicitly settlement not causation. Render only these explicit text/number anchors: $32M. All other labels should be minimal or omitted. Keep the visual understandable without dense labels; all nonessential typography stays editor-native.","R3_READY_FOR_QC"
"LP-GFX-048","GFX","LP-B072","10","LP-S14","FACTUAL_REFERENCE_ONLY: do not attach, copy, or imitate copyrighted webpage/photo/design; use facts only | GENERATED_EDITORIAL_GRAPHIC: no unsupported mechanism, measurement, or causal verdict","","$12.8M","Live Oak Gardens interests received twelve-point-eight million dollars in a separate settlement involving the companies. Those numbers resolved claims. They did not restore the underground system.","16:9 1920x1080 Hidden Industrial America generated editorial infographic / technical illustration; charcoal #171A1C, iron #30363A, warm paper #E6DDC8, ivory #F3EBDD, faded rust #A55235, blueprint gray-blue #5F747D; lower 15% visually quiet for captions; no black caption box; no neon; no horror; no fake archival damage/date stamp/newspaper; no logos unless source-grounded; no unsupported mechanism, measurement, or causal verdict. Generate: Live Oak Gardens settlement typography, separate from mine restoration or technical findings. Render only these explicit text/number anchors: $12.8M. All other labels should be minimal or omitted. Keep the visual understandable without dense labels; all nonessential typography stays editor-native.","R3_READY_FOR_QC"
"LP-GFX-049","GFX","LP-B074","10","LP-S15","JUDICIAL_FACT_ONLY: use the court-record fact; do not imitate commercial database page design | GENERATED_EDITORIAL_GRAPHIC: no unsupported mechanism, measurement, or causal verdict","","~250 employees","Louisiana appellate records later described approximately two hundred and fifty Diamond Crystal employees being laid off after the closure. That is the quieter scale of the disaster.","16:9 1920x1080 Hidden Industrial America generated editorial infographic / technical illustration; charcoal #171A1C, iron #30363A, warm paper #E6DDC8, ivory #F3EBDD, faded rust #A55235, blueprint gray-blue #5F747D; lower 15% visually quiet for captions; no black caption box; no neon; no horror; no fake archival damage/date stamp/newspaper; no logos unless source-grounded; no unsupported mechanism, measurement, or causal verdict. Generate: employment consequence typography tied to appellate record. Render only these explicit text/number anchors: ~250 employees. All other labels should be minimal or omitted. Keep the visual understandable without dense labels; all nonessential typography stays editor-native.","R3_READY_FOR_QC"
"LP-GFX-050","GFX","LP-B078","11","LP-S03;LP-S16","FACTUAL_REFERENCE_ONLY: do not attach, copy, or imitate copyrighted webpage/photo/design; use facts only | SOURCE_GEOMETRY_ONLY_WHERE_DOCUMENTED: literal geometry only from the named source; otherwise label the visual conceptual/estimated | GENERATED_EDITORIAL_GRAPHIC: no unsupported mechanism, measurement, or causal verdict","","","Today, Jefferson Island Storage & Hub operates as a salt-cavern natural-gas storage facility. One Oak says the facility connects with eight major pipelines.","16:9 1920x1080 Hidden Industrial America generated editorial infographic / technical illustration; charcoal #171A1C, iron #30363A, warm paper #E6DDC8, ivory #F3EBDD, faded rust #A55235, blueprint gray-blue #5F747D; lower 15% visually quiet for captions; no black caption box; no neon; no horror; no fake archival damage/date stamp/newspaper; no logos unless source-grounded; no unsupported mechanism, measurement, or causal verdict. Generate: salt-cavern gas-storage principle as modern industrial context; conceptual storage cavern, not literal current facility layout.  Keep the visual understandable without dense labels; all nonessential typography stays editor-native.","R3_READY_FOR_QC"
"LP-GFX-051","GFX","LP-B078","11","LP-S16","FACTUAL_REFERENCE_ONLY: do not attach, copy, or imitate copyrighted webpage/photo/design; use facts only | GENERATED_EDITORIAL_GRAPHIC: no unsupported mechanism, measurement, or causal verdict","","8 pipelines","Today, Jefferson Island Storage & Hub operates as a salt-cavern natural-gas storage facility. One Oak says the facility connects with eight major pipelines.","16:9 1920x1080 Hidden Industrial America generated editorial infographic / technical illustration; charcoal #171A1C, iron #30363A, warm paper #E6DDC8, ivory #F3EBDD, faded rust #A55235, blueprint gray-blue #5F747D; lower 15% visually quiet for captions; no black caption box; no neon; no horror; no fake archival damage/date stamp/newspaper; no logos unless source-grounded; no unsupported mechanism, measurement, or causal verdict. Generate: current JISH connectivity graphic with eight major pipelines; source-dated current context, generic network only. Render only these explicit text/number anchors: 8 pipelines. All other labels should be minimal or omitted. Keep the visual understandable without dense labels; all nonessential typography stays editor-native.","R3_READY_FOR_QC"
"LP-GFX-052","GFX","LP-B083","12","LP-S01;LP-S03","SOURCE_GEOMETRY_ONLY_WHERE_DOCUMENTED: literal geometry only from the named source; otherwise label the visual conceptual/estimated | GENERATED_EDITORIAL_GRAPHIC: no unsupported mechanism, measurement, or causal verdict","","","When those worlds became connected, gravity and salt amplified the failure. The mine flooded. The shoreline collapsed. The canal reversed.","16:9 1920x1080 Hidden Industrial America generated editorial infographic / technical illustration; charcoal #171A1C, iron #30363A, warm paper #E6DDC8, ivory #F3EBDD, faded rust #A55235, blueprint gray-blue #5F747D; lower 15% visually quiet for captions; no black caption box; no neon; no horror; no fake archival damage/date stamp/newspaper; no logos unless source-grounded; no unsupported mechanism, measurement, or causal verdict. Generate: three-part consequence graphic: mine flooded / shoreline collapsed / canal reversed; descriptive, no causal overclaim.  Keep the visual understandable without dense labels; all nonessential typography stays editor-native.","R3_READY_FOR_QC"
"LP-GFX-053","GFX","LP-B083","12","LP-S01;LP-S04","SOURCE_GEOMETRY_ONLY_WHERE_DOCUMENTED: literal geometry only from the named source; otherwise label the visual conceptual/estimated | GENERATED_EDITORIAL_GRAPHIC: no unsupported mechanism, measurement, or causal verdict","","","When those worlds became connected, gravity and salt amplified the failure. The mine flooded. The shoreline collapsed. The canal reversed.","16:9 1920x1080 Hidden Industrial America generated editorial infographic / technical illustration; charcoal #171A1C, iron #30363A, warm paper #E6DDC8, ivory #F3EBDD, faded rust #A55235, blueprint gray-blue #5F747D; lower 15% visually quiet for captions; no black caption box; no neon; no horror; no fake archival damage/date stamp/newspaper; no logos unless source-grounded; no unsupported mechanism, measurement, or causal verdict. Generate: gravity + salt amplification concept with no exact breach path or measured rates.  Keep the visual understandable without dense labels; all nonessential typography stays editor-native.","R3_READY_FOR_QC"
"LP-GFX-054","GFX","LP-B086","12","LP-S01;LP-S03","SOURCE_GEOMETRY_ONLY_WHERE_DOCUMENTED: literal geometry only from the named source; otherwise label the visual conceptual/estimated | GENERATED_EDITORIAL_GRAPHIC: no unsupported mechanism, measurement, or causal verdict","","","The visible landscape was only one layer of the system. The decisive infrastructure was hidden. Lake Peigneur is remembered because a lake disappeared.","16:9 1920x1080 Hidden Industrial America generated editorial infographic / technical illustration; charcoal #171A1C, iron #30363A, warm paper #E6DDC8, ivory #F3EBDD, faded rust #A55235, blueprint gray-blue #5F747D; lower 15% visually quiet for captions; no black caption box; no neon; no horror; no fake archival damage/date stamp/newspaper; no logos unless source-grounded; no unsupported mechanism, measurement, or causal verdict. Generate: surface landscape / hidden infrastructure dual-layer thesis, visually distinct from maps by using editorial cutaway symbols.  Keep the visual understandable without dense labels; all nonessential typography stays editor-native.","R3_READY_FOR_QC"
"LP-GFX-055","GFX","LP-B087","12","LP-S01;LP-S03","SOURCE_GEOMETRY_ONLY_WHERE_DOCUMENTED: literal geometry only from the named source; otherwise label the visual conceptual/estimated | GENERATED_EDITORIAL_GRAPHIC: no unsupported mechanism, measurement, or causal verdict","","","The deeper lesson is why. Infrastructure does not stop at the surface. And the systems we cannot see can be the systems that matter most.","16:9 1920x1080 Hidden Industrial America generated editorial infographic / technical illustration; charcoal #171A1C, iron #30363A, warm paper #E6DDC8, ivory #F3EBDD, faded rust #A55235, blueprint gray-blue #5F747D; lower 15% visually quiet for captions; no black caption box; no neon; no horror; no fake archival damage/date stamp/newspaper; no logos unless source-grounded; no unsupported mechanism, measurement, or causal verdict. Generate: final thesis graphic: infrastructure does not stop at the surface; restrained vertical-layer composition, not another calm-lake hero image.  Keep the visual understandable without dense labels; all nonessential typography stays editor-native.","R3_READY_FOR_QC"
"LP-REC-001","RECONSTRUCTION","LP-B001","0","LP-S01","SYNTHETIC_RECONSTRUCTION: never label HISTORICAL SOURCE; no exact unseen breach geometry; no invented human reactions or unsupported action","","","On November 20, 1980, a drilling crew on Lake Peigneur had a problem. More than a thousand feet below them, a salt mine had a different one.","16:9 1920x1080 Hidden Industrial America cinematic documentary reconstruction; charcoal #171A1C, iron #30363A, warm paper #E6DDC8, ivory #F3EBDD, faded rust #A55235, blueprint gray-blue #5F747D; lower 15% visually quiet for captions; no black caption box; no neon; no horror; no fake archival damage/date stamp/newspaper. Modern source-grounded historical reconstruction, never an archival photograph: pre-event wide Lake Peigneur establishing view with a floating drilling platform in restrained November 1980 industrial context; no disaster action yet.  Louisiana, November 1980 where historical; believable period equipment/clothing where people appear; restrained natural light; documentary realism; no sensational disaster spectacle; no exact unseen breach geometry or invented causation.","R3_READY_FOR_QC"
"LP-REC-002","RECONSTRUCTION","LP-B002","0","LP-S01","SYNTHETIC_RECONSTRUCTION: never label HISTORICAL SOURCE; no exact unseen breach geometry; no invented human reactions or unsupported action","","","At the surface, the drill assembly was stuck at roughly twelve hundred and twenty-eight feet. Underground, workers were finding water where water should never have been. In a salt mine.","16:9 1920x1080 Hidden Industrial America cinematic documentary reconstruction; charcoal #171A1C, iron #30363A, warm paper #E6DDC8, ivory #F3EBDD, faded rust #A55235, blueprint gray-blue #5F747D; lower 15% visually quiet for captions; no black caption box; no neon; no horror; no fake archival damage/date stamp/newspaper. Modern source-grounded historical reconstruction, never an archival photograph: drill-floor close view showing a stuck drill assembly as an operational problem; no invented gauges, readings, or emotional reactions.  Louisiana, November 1980 where historical; believable period equipment/clothing where people appear; restrained natural light; documentary realism; no sensational disaster spectacle; no exact unseen breach geometry or invented causation.","R3_READY_FOR_QC"
"LP-REC-003","RECONSTRUCTION","LP-B002","0","LP-S01","SYNTHETIC_RECONSTRUCTION: never label HISTORICAL SOURCE; no exact unseen breach geometry; no invented human reactions or unsupported action","","","At the surface, the drill assembly was stuck at roughly twelve hundred and twenty-eight feet. Underground, workers were finding water where water should never have been. In a salt mine.","16:9 1920x1080 Hidden Industrial America cinematic documentary reconstruction; charcoal #171A1C, iron #30363A, warm paper #E6DDC8, ivory #F3EBDD, faded rust #A55235, blueprint gray-blue #5F747D; lower 15% visually quiet for captions; no black caption box; no neon; no horror; no fake archival damage/date stamp/newspaper. Modern source-grounded historical reconstruction, never an archival photograph: underground salt-mine worker noticing unexpected water at floor level; calm urgency, no exact breach source visible.  Louisiana, November 1980 where historical; believable period equipment/clothing where people appear; restrained natural light; documentary realism; no sensational disaster spectacle; no exact unseen breach geometry or invented causation.","R3_READY_FOR_QC"
"LP-REC-004","RECONSTRUCTION","LP-B003","0","LP-S01;LP-S02","SYNTHETIC_RECONSTRUCTION: never label HISTORICAL SOURCE; no exact unseen breach geometry; no invented human reactions or unsupported action","","","Fifty-two people were below ground. Seven more were on the drilling platform above them. Within hours, the platform would be gone. Part of the shoreline would be gone.","16:9 1920x1080 Hidden Industrial America cinematic documentary reconstruction; charcoal #171A1C, iron #30363A, warm paper #E6DDC8, ivory #F3EBDD, faded rust #A55235, blueprint gray-blue #5F747D; lower 15% visually quiet for captions; no black caption box; no neon; no horror; no fake archival damage/date stamp/newspaper. Modern source-grounded historical reconstruction, never an archival photograph: wide underground mine scale with dispersed workers in separate working areas; do not imply exact individual positions.  Louisiana, November 1980 where historical; believable period equipment/clothing where people appear; restrained natural light; documentary realism; no sensational disaster spectacle; no exact unseen breach geometry or invented causation.","R3_READY_FOR_QC"
"LP-REC-005","RECONSTRUCTION","LP-B004","0","LP-S01","SYNTHETIC_RECONSTRUCTION: never label HISTORICAL SOURCE; no exact unseen breach geometry; no invented human reactions or unsupported action","","","And the canal connected to the lake would begin flowing in the wrong direction. Everyone would survive. But the industrial landscape beneath Jefferson Island would never be the same.","16:9 1920x1080 Hidden Industrial America cinematic documentary reconstruction; charcoal #171A1C, iron #30363A, warm paper #E6DDC8, ivory #F3EBDD, faded rust #A55235, blueprint gray-blue #5F747D; lower 15% visually quiet for captions; no black caption box; no neon; no horror; no fake archival damage/date stamp/newspaper. Modern source-grounded historical reconstruction, never an archival photograph: surface lake with distant platform and calm shoreline before visible landscape failure; distinct telephoto composition from REC-001.  Louisiana, November 1980 where historical; believable period equipment/clothing where people appear; restrained natural light; documentary realism; no sensational disaster spectacle; no exact unseen breach geometry or invented causation.","R3_READY_FOR_QC"
"LP-REC-006","RECONSTRUCTION","LP-B007","1","LP-S01;LP-S03","SOURCE_GEOMETRY_ONLY_WHERE_DOCUMENTED: literal geometry only from the named source; otherwise label the visual conceptual/estimated | SYNTHETIC_RECONSTRUCTION: never label HISTORICAL SOURCE; no exact unseen breach geometry; no invented human reactions or unsupported action","","","Lake Peigneur looked simple from the surface. A shallow Louisiana lake. Trees and gardens around Jefferson Island. A drilling platform floating on the water.","16:9 1920x1080 Hidden Industrial America cinematic documentary reconstruction; charcoal #171A1C, iron #30363A, warm paper #E6DDC8, ivory #F3EBDD, faded rust #A55235, blueprint gray-blue #5F747D; lower 15% visually quiet for captions; no black caption box; no neon; no horror; no fake archival damage/date stamp/newspaper. Modern source-grounded historical reconstruction, never an archival photograph: low shoreline pre-event establishing frame with trees/gardens foreground and drilling platform distant on the lake; distinct from prior wide shots.  Louisiana, November 1980 where historical; believable period equipment/clothing where people appear; restrained natural light; documentary realism; no sensational disaster spectacle; no exact unseen breach geometry or invented causation.","R3_READY_FOR_QC"
"LP-REC-007","RECONSTRUCTION","LP-B010","1","LP-S01","SYNTHETIC_RECONSTRUCTION: never label HISTORICAL SOURCE; no exact unseen breach geometry; no invented human reactions or unsupported action","","","By 1980, Diamond Crystal Salt Company operated a room-and-pillar mine beneath the area.","16:9 1920x1080 Hidden Industrial America cinematic documentary reconstruction; charcoal #171A1C, iron #30363A, warm paper #E6DDC8, ivory #F3EBDD, faded rust #A55235, blueprint gray-blue #5F747D; lower 15% visually quiet for captions; no black caption box; no neon; no horror; no fake archival damage/date stamp/newspaper. Modern source-grounded historical reconstruction, never an archival photograph: working room-and-pillar salt-mine interior circa 1980 with believable equipment and scale; no exact historical layout claim.  Louisiana, November 1980 where historical; believable period equipment/clothing where people appear; restrained natural light; documentary realism; no sensational disaster spectacle; no exact unseen breach geometry or invented causation.","R3_READY_FOR_QC"
"LP-REC-008","RECONSTRUCTION","LP-B014","1","LP-S01","SYNTHETIC_RECONSTRUCTION: never label HISTORICAL SOURCE; no exact unseen breach geometry; no invented human reactions or unsupported action","","","Wilson Brothers was drilling the exploratory well from a floating platform. So one industry was moving horizontally through the salt underground. Another was drilling vertically from the lake above.","16:9 1920x1080 Hidden Industrial America cinematic documentary reconstruction; charcoal #171A1C, iron #30363A, warm paper #E6DDC8, ivory #F3EBDD, faded rust #A55235, blueprint gray-blue #5F747D; lower 15% visually quiet for captions; no black caption box; no neon; no horror; no fake archival damage/date stamp/newspaper. Modern source-grounded historical reconstruction, never an archival photograph: floating exploratory drilling operation from a deck-level industrial angle; no corporate logos or copied press image composition.  Louisiana, November 1980 where historical; believable period equipment/clothing where people appear; restrained natural light; documentary realism; no sensational disaster spectacle; no exact unseen breach geometry or invented causation.","R3_READY_FOR_QC"
"LP-REC-009","RECONSTRUCTION","LP-B014","1","LP-S01;LP-S19","SOURCE_GEOMETRY_ONLY_WHERE_DOCUMENTED: literal geometry only from the named source; otherwise label the visual conceptual/estimated | SYNTHETIC_RECONSTRUCTION: never label HISTORICAL SOURCE; no exact unseen breach geometry; no invented human reactions or unsupported action","","","Wilson Brothers was drilling the exploratory well from a floating platform. So one industry was moving horizontally through the salt underground. Another was drilling vertically from the lake above.","16:9 1920x1080 Hidden Industrial America cinematic documentary reconstruction; charcoal #171A1C, iron #30363A, warm paper #E6DDC8, ivory #F3EBDD, faded rust #A55235, blueprint gray-blue #5F747D; lower 15% visually quiet for captions; no black caption box; no neon; no horror; no fake archival damage/date stamp/newspaper. Modern source-grounded historical reconstruction, never an archival photograph: conceptual cinematic cutaway with vertical drill above and horizontal mine workings below as separate systems in proximity; no confirmed intersection.  Louisiana, November 1980 where historical; believable period equipment/clothing where people appear; restrained natural light; documentary realism; no sensational disaster spectacle; no exact unseen breach geometry or invented causation.","R3_READY_FOR_QC"
"LP-REC-010","RECONSTRUCTION","LP-B015","1","LP-S01;LP-S04","SOURCE_GEOMETRY_ONLY_WHERE_DOCUMENTED: literal geometry only from the named source; otherwise label the visual conceptual/estimated | SYNTHETIC_RECONSTRUCTION: never label HISTORICAL SOURCE; no exact unseen breach geometry; no invented human reactions or unsupported action","","","Each could work safely only if the geometry separating them remained understood. And there was one physical rule that made that separation critical. Fresh water dissolves salt.","16:9 1920x1080 Hidden Industrial America cinematic documentary reconstruction; charcoal #171A1C, iron #30363A, warm paper #E6DDC8, ivory #F3EBDD, faded rust #A55235, blueprint gray-blue #5F747D; lower 15% visually quiet for captions; no black caption box; no neon; no horror; no fake archival damage/date stamp/newspaper. Modern source-grounded historical reconstruction, never an archival photograph: macro salt-wall detail with fresh water beginning to dissolve the surface; material mechanism only.  Louisiana, November 1980 where historical; believable period equipment/clothing where people appear; restrained natural light; documentary realism; no sensational disaster spectacle; no exact unseen breach geometry or invented causation.","R3_READY_FOR_QC"
"LP-REC-011","RECONSTRUCTION","LP-B016","2","LP-S01","SYNTHETIC_RECONSTRUCTION: never label HISTORICAL SOURCE; no exact unseen breach geometry; no invented human reactions or unsupported action","","","That morning, the drill assembly would not come free. Later reconstructions placed it at roughly twelve hundred and twenty-eight feet — close enough to the mine's thirteen-hundred-foot level to become central to the investigation.","16:9 1920x1080 Hidden Industrial America cinematic documentary reconstruction; charcoal #171A1C, iron #30363A, warm paper #E6DDC8, ivory #F3EBDD, faded rust #A55235, blueprint gray-blue #5F747D; lower 15% visually quiet for captions; no black caption box; no neon; no horror; no fake archival damage/date stamp/newspaper. Modern source-grounded historical reconstruction, never an archival photograph: drill crew working around the stuck assembly without staged panic or invented reactions; approximate depth is conveyed later by GFX, not visually guessed.  Louisiana, November 1980 where historical; believable period equipment/clothing where people appear; restrained natural light; documentary realism; no sensational disaster spectacle; no exact unseen breach geometry or invented causation.","R3_READY_FOR_QC"
"LP-REC-012","RECONSTRUCTION","LP-B016","2","LP-S01;LP-S19","SOURCE_GEOMETRY_ONLY_WHERE_DOCUMENTED: literal geometry only from the named source; otherwise label the visual conceptual/estimated | SYNTHETIC_RECONSTRUCTION: never label HISTORICAL SOURCE; no exact unseen breach geometry; no invented human reactions or unsupported action","","","That morning, the drill assembly would not come free. Later reconstructions placed it at roughly twelve hundred and twenty-eight feet — close enough to the mine's thirteen-hundred-foot level to become central to the investigation.","16:9 1920x1080 Hidden Industrial America cinematic documentary reconstruction; charcoal #171A1C, iron #30363A, warm paper #E6DDC8, ivory #F3EBDD, faded rust #A55235, blueprint gray-blue #5F747D; lower 15% visually quiet for captions; no black caption box; no neon; no horror; no fake archival damage/date stamp/newspaper. Modern source-grounded historical reconstruction, never an archival photograph: underground perspective at a generic deep working level, emphasizing distance and scale; do not depict a confirmed breach or exact 1,300-ft room geometry.  Louisiana, November 1980 where historical; believable period equipment/clothing where people appear; restrained natural light; documentary realism; no sensational disaster spectacle; no exact unseen breach geometry or invented causation.","R3_READY_FOR_QC"
"LP-REC-013","RECONSTRUCTION","LP-B017","2","LP-S01","SYNTHETIC_RECONSTRUCTION: never label HISTORICAL SOURCE; no exact unseen breach geometry; no invented human reactions or unsupported action","","","Then the problem changed. Water began entering the mine. For the people underground, that transformed the situation immediately. Salt mines are built to manage normal underground conditions.","16:9 1920x1080 Hidden Industrial America cinematic documentary reconstruction; charcoal #171A1C, iron #30363A, warm paper #E6DDC8, ivory #F3EBDD, faded rust #A55235, blueprint gray-blue #5F747D; lower 15% visually quiet for captions; no black caption box; no neon; no horror; no fake archival damage/date stamp/newspaper. Modern source-grounded historical reconstruction, never an archival photograph: first water entering a mine passage at floor level, source of water kept off-screen/unknown.  Louisiana, November 1980 where historical; believable period equipment/clothing where people appear; restrained natural light; documentary realism; no sensational disaster spectacle; no exact unseen breach geometry or invented causation.","R3_READY_FOR_QC"
"LP-REC-014","RECONSTRUCTION","LP-B018","2","LP-S01","SYNTHETIC_RECONSTRUCTION: never label HISTORICAL SOURCE; no exact unseen breach geometry; no invented human reactions or unsupported action","","","They are not designed to accept a lake. And because the surrounding structure itself was soluble, no one could assume that an opening would remain the same size once water began moving through it.","16:9 1920x1080 Hidden Industrial America cinematic documentary reconstruction; charcoal #171A1C, iron #30363A, warm paper #E6DDC8, ivory #F3EBDD, faded rust #A55235, blueprint gray-blue #5F747D; lower 15% visually quiet for captions; no black caption box; no neon; no horror; no fake archival damage/date stamp/newspaper. Modern source-grounded historical reconstruction, never an archival photograph: water spreading across mine floor through a generic salt working; no exact route or flow rate.  Louisiana, November 1980 where historical; believable period equipment/clothing where people appear; restrained natural light; documentary realism; no sensational disaster spectacle; no exact unseen breach geometry or invented causation.","R3_READY_FOR_QC"
"LP-REC-015","RECONSTRUCTION","LP-B020","2","LP-S01;LP-S02","SYNTHETIC_RECONSTRUCTION: never label HISTORICAL SOURCE; no exact unseen breach geometry; no invented human reactions or unsupported action","","","What exactly connected the drilling operation to the mine would become the great argument after the disaster. The connection itself was now the emergency.","16:9 1920x1080 Hidden Industrial America cinematic documentary reconstruction; charcoal #171A1C, iron #30363A, warm paper #E6DDC8, ivory #F3EBDD, faded rust #A55235, blueprint gray-blue #5F747D; lower 15% visually quiet for captions; no black caption box; no neon; no horror; no fake archival damage/date stamp/newspaper. Modern source-grounded historical reconstruction, never an archival photograph: miners responding to a worsening water emergency with purposeful movement, not panic; connection source remains unseen.  Louisiana, November 1980 where historical; believable period equipment/clothing where people appear; restrained natural light; documentary realism; no sensational disaster spectacle; no exact unseen breach geometry or invented causation.","R3_READY_FOR_QC"
"LP-REC-016","RECONSTRUCTION","LP-B021","3","LP-S01;LP-S02","SYNTHETIC_RECONSTRUCTION: never label HISTORICAL SOURCE; no exact unseen breach geometry; no invented human reactions or unsupported action","","","The Mine Safety and Health Administration later recorded fifty-two people underground. They were not standing together beside an exit.","16:9 1920x1080 Hidden Industrial America cinematic documentary reconstruction; charcoal #171A1C, iron #30363A, warm paper #E6DDC8, ivory #F3EBDD, faded rust #A55235, blueprint gray-blue #5F747D; lower 15% visually quiet for captions; no black caption box; no neon; no horror; no fake archival damage/date stamp/newspaper. Modern source-grounded historical reconstruction, never an archival photograph: workers on separate mine levels receiving an evacuation warning through ordinary workplace communication; no invented signage or named people.  Louisiana, November 1980 where historical; believable period equipment/clothing where people appear; restrained natural light; documentary realism; no sensational disaster spectacle; no exact unseen breach geometry or invented causation.","R3_READY_FOR_QC"
"LP-REC-017","RECONSTRUCTION","LP-B022","3","LP-S01;LP-S02","SYNTHETIC_RECONSTRUCTION: never label HISTORICAL SOURCE; no exact unseen breach geometry; no invented human reactions or unsupported action","","","They were working inside a mine spread through multiple levels and workings. Now water was entering that system.","16:9 1920x1080 Hidden Industrial America cinematic documentary reconstruction; charcoal #171A1C, iron #30363A, warm paper #E6DDC8, ivory #F3EBDD, faded rust #A55235, blueprint gray-blue #5F747D; lower 15% visually quiet for captions; no black caption box; no neon; no horror; no fake archival damage/date stamp/newspaper. Modern source-grounded historical reconstruction, never an archival photograph: wide multi-level mine work environment transitioning from routine work to evacuation, with crews separated spatially.  Louisiana, November 1980 where historical; believable period equipment/clothing where people appear; restrained natural light; documentary realism; no sensational disaster spectacle; no exact unseen breach geometry or invented causation.","R3_READY_FOR_QC"
"LP-REC-018","RECONSTRUCTION","LP-B023","3","LP-S01;LP-S02","SYNTHETIC_RECONSTRUCTION: never label HISTORICAL SOURCE; no exact unseen breach geometry; no invented human reactions or unsupported action","","","The mine had only one safe strategy left: move people out before flooding, ground failure or loss of access turned distance into a trap.","16:9 1920x1080 Hidden Industrial America cinematic documentary reconstruction; charcoal #171A1C, iron #30363A, warm paper #E6DDC8, ivory #F3EBDD, faded rust #A55235, blueprint gray-blue #5F747D; lower 15% visually quiet for captions; no black caption box; no neon; no horror; no fake archival damage/date stamp/newspaper. Modern source-grounded historical reconstruction, never an archival photograph: miners moving quickly and orderly through a long salt-mine corridor toward egress.  Louisiana, November 1980 where historical; believable period equipment/clothing where people appear; restrained natural light; documentary realism; no sensational disaster spectacle; no exact unseen breach geometry or invented causation.","R3_READY_FOR_QC"
"LP-REC-019","RECONSTRUCTION","LP-B023","3","LP-S01;LP-S02","SYNTHETIC_RECONSTRUCTION: never label HISTORICAL SOURCE; no exact unseen breach geometry; no invented human reactions or unsupported action","","","The mine had only one safe strategy left: move people out before flooding, ground failure or loss of access turned distance into a trap.","16:9 1920x1080 Hidden Industrial America cinematic documentary reconstruction; charcoal #171A1C, iron #30363A, warm paper #E6DDC8, ivory #F3EBDD, faded rust #A55235, blueprint gray-blue #5F747D; lower 15% visually quiet for captions; no black caption box; no neon; no horror; no fake archival damage/date stamp/newspaper. Modern source-grounded historical reconstruction, never an archival photograph: wide underground junction with workers choosing a known egress direction; no fabricated exit signs/arrows.  Louisiana, November 1980 where historical; believable period equipment/clothing where people appear; restrained natural light; documentary realism; no sensational disaster spectacle; no exact unseen breach geometry or invented causation.","R3_READY_FOR_QC"
"LP-REC-020","RECONSTRUCTION","LP-B024","3","LP-S01;LP-S02","SYNTHETIC_RECONSTRUCTION: never label HISTORICAL SOURCE; no exact unseen breach geometry; no invented human reactions or unsupported action","","","Workers began moving toward the exit. Supervisors and crew members had to account for people who had been distributed through the workings. Some had to be found.","16:9 1920x1080 Hidden Industrial America cinematic documentary reconstruction; charcoal #171A1C, iron #30363A, warm paper #E6DDC8, ivory #F3EBDD, faded rust #A55235, blueprint gray-blue #5F747D; lower 15% visually quiet for captions; no black caption box; no neon; no horror; no fake archival damage/date stamp/newspaper. Modern source-grounded historical reconstruction, never an archival photograph: supervisor/crew lead performing generic accountability check with workers; no invented named-person likenesses.  Louisiana, November 1980 where historical; believable period equipment/clothing where people appear; restrained natural light; documentary realism; no sensational disaster spectacle; no exact unseen breach geometry or invented causation.","R3_READY_FOR_QC"
"LP-REC-021","RECONSTRUCTION","LP-B024","3","LP-S01;LP-S02","SYNTHETIC_RECONSTRUCTION: never label HISTORICAL SOURCE; no exact unseen breach geometry; no invented human reactions or unsupported action","","","Workers began moving toward the exit. Supervisors and crew members had to account for people who had been distributed through the workings. Some had to be found.","16:9 1920x1080 Hidden Industrial America cinematic documentary reconstruction; charcoal #171A1C, iron #30363A, warm paper #E6DDC8, ivory #F3EBDD, faded rust #A55235, blueprint gray-blue #5F747D; lower 15% visually quiet for captions; no black caption box; no neon; no horror; no fake archival damage/date stamp/newspaper. Modern source-grounded historical reconstruction, never an archival photograph: two workers searching a mine passage for remaining crew members; generic action grounded in recorded search efforts.  Louisiana, November 1980 where historical; believable period equipment/clothing where people appear; restrained natural light; documentary realism; no sensational disaster spectacle; no exact unseen breach geometry or invented causation.","R3_READY_FOR_QC"
"LP-REC-022","RECONSTRUCTION","LP-B025","3","LP-S01;LP-S02","SYNTHETIC_RECONSTRUCTION: never label HISTORICAL SOURCE; no exact unseen breach geometry; no invented human reactions or unsupported action","","","Some had to travel through a mine that was changing from a workplace into an emergency scene. The official investigation later recognized several employees for leadership and search actions during the evacuation.","16:9 1920x1080 Hidden Industrial America cinematic documentary reconstruction; charcoal #171A1C, iron #30363A, warm paper #E6DDC8, ivory #F3EBDD, faded rust #A55235, blueprint gray-blue #5F747D; lower 15% visually quiet for captions; no black caption box; no neon; no horror; no fake archival damage/date stamp/newspaper. Modern source-grounded historical reconstruction, never an archival photograph: workers crossing a wet, changing mine environment during evacuation; no collapse spectacle around them.  Louisiana, November 1980 where historical; believable period equipment/clothing where people appear; restrained natural light; documentary realism; no sensational disaster spectacle; no exact unseen breach geometry or invented causation.","R3_READY_FOR_QC"
"LP-REC-023","RECONSTRUCTION","LP-B026","3","LP-S01;LP-S02","SYNTHETIC_RECONSTRUCTION: never label HISTORICAL SOURCE; no exact unseen breach geometry; no invented human reactions or unsupported action","","","That matters because successful evacuations can look inevitable after the fact. They are not. The workers did not know how large the connection would become.","16:9 1920x1080 Hidden Industrial America cinematic documentary reconstruction; charcoal #171A1C, iron #30363A, warm paper #E6DDC8, ivory #F3EBDD, faded rust #A55235, blueprint gray-blue #5F747D; lower 15% visually quiet for captions; no black caption box; no neon; no horror; no fake archival damage/date stamp/newspaper. Modern source-grounded historical reconstruction, never an archival photograph: human-scale evacuation under uncertainty: close view of boots/lights/movement through salt passage, avoiding invented facial emotion.  Louisiana, November 1980 where historical; believable period equipment/clothing where people appear; restrained natural light; documentary realism; no sensational disaster spectacle; no exact unseen breach geometry or invented causation.","R3_READY_FOR_QC"
"LP-REC-024","RECONSTRUCTION","LP-B027","3","LP-S01;LP-S02","SYNTHETIC_RECONSTRUCTION: never label HISTORICAL SOURCE; no exact unseen breach geometry; no invented human reactions or unsupported action","","","They did not know how quickly the inflow would grow. They only knew that water was entering a salt mine beneath a lake. And less than an hour after the inflow was discovered, all fifty-two people were out.","16:9 1920x1080 Hidden Industrial America cinematic documentary reconstruction; charcoal #171A1C, iron #30363A, warm paper #E6DDC8, ivory #F3EBDD, faded rust #A55235, blueprint gray-blue #5F747D; lower 15% visually quiet for captions; no black caption box; no neon; no horror; no fake archival damage/date stamp/newspaper. Modern source-grounded historical reconstruction, never an archival photograph: final group approaching a generic shaft/elevator egress zone; do not reproduce an exact historical shaft layout.  Louisiana, November 1980 where historical; believable period equipment/clothing where people appear; restrained natural light; documentary realism; no sensational disaster spectacle; no exact unseen breach geometry or invented causation.","R3_READY_FOR_QC"
"LP-REC-025","RECONSTRUCTION","LP-B028","3","LP-S01;LP-S02","SYNTHETIC_RECONSTRUCTION: never label HISTORICAL SOURCE; no exact unseen breach geometry; no invented human reactions or unsupported action","","","No one underground was injured in the inundation. The spectacle of Lake Peigneur can make that fact feel secondary. It is not.","16:9 1920x1080 Hidden Industrial America cinematic documentary reconstruction; charcoal #171A1C, iron #30363A, warm paper #E6DDC8, ivory #F3EBDD, faded rust #A55235, blueprint gray-blue #5F747D; lower 15% visually quiet for captions; no black caption box; no neon; no horror; no fake archival damage/date stamp/newspaper. Modern source-grounded historical reconstruction, never an archival photograph: emptying mine passage after evacuation with water continuing to advance; no people in danger.  Louisiana, November 1980 where historical; believable period equipment/clothing where people appear; restrained natural light; documentary realism; no sensational disaster spectacle; no exact unseen breach geometry or invented causation.","R3_READY_FOR_QC"
"LP-REC-026","RECONSTRUCTION","LP-B029","3","LP-S01;LP-S02","SYNTHETIC_RECONSTRUCTION: never label HISTORICAL SOURCE; no exact unseen breach geometry; no invented human reactions or unsupported action","","","Before the lake became a national story, this was a mine emergency with more than fifty people below ground. And the emergency plan worked.","16:9 1920x1080 Hidden Industrial America cinematic documentary reconstruction; charcoal #171A1C, iron #30363A, warm paper #E6DDC8, ivory #F3EBDD, faded rust #A55235, blueprint gray-blue #5F747D; lower 15% visually quiet for captions; no black caption box; no neon; no horror; no fake archival damage/date stamp/newspaper. Modern source-grounded historical reconstruction, never an archival photograph: workers safely gathered in a generic surface industrial area after exit; relief conveyed by calm posture, not theatrical celebration.  Louisiana, November 1980 where historical; believable period equipment/clothing where people appear; restrained natural light; documentary realism; no sensational disaster spectacle; no exact unseen breach geometry or invented causation.","R3_READY_FOR_QC"
"LP-REC-027","RECONSTRUCTION","LP-B030","4","LP-S01;LP-S11","FACTUAL_REFERENCE_ONLY: do not attach, copy, or imitate copyrighted webpage/photo/design; use facts only | SYNTHETIC_RECONSTRUCTION: never label HISTORICAL SOURCE; no exact unseen breach geometry; no invented human reactions or unsupported action","","","Above them, the seven-man drilling crew also got clear. Then the drilling platform disappeared.","16:9 1920x1080 Hidden Industrial America cinematic documentary reconstruction; charcoal #171A1C, iron #30363A, warm paper #E6DDC8, ivory #F3EBDD, faded rust #A55235, blueprint gray-blue #5F747D; lower 15% visually quiet for captions; no black caption box; no neon; no horror; no fake archival damage/date stamp/newspaper. Modern source-grounded historical reconstruction, never an archival photograph: seven-person drilling crew leaving the platform area quickly and safely; do not copy wire-service imagery or stage a leap/panic scene.  Louisiana, November 1980 where historical; believable period equipment/clothing where people appear; restrained natural light; documentary realism; no sensational disaster spectacle; no exact unseen breach geometry or invented causation.","R3_READY_FOR_QC"
"LP-REC-028","RECONSTRUCTION","LP-B030","4","LP-S01;LP-S11","FACTUAL_REFERENCE_ONLY: do not attach, copy, or imitate copyrighted webpage/photo/design; use facts only | SYNTHETIC_RECONSTRUCTION: never label HISTORICAL SOURCE; no exact unseen breach geometry; no invented human reactions or unsupported action","","","Above them, the seven-man drilling crew also got clear. Then the drilling platform disappeared.","16:9 1920x1080 Hidden Industrial America cinematic documentary reconstruction; charcoal #171A1C, iron #30363A, warm paper #E6DDC8, ivory #F3EBDD, faded rust #A55235, blueprint gray-blue #5F747D; lower 15% visually quiet for captions; no black caption box; no neon; no horror; no fake archival damage/date stamp/newspaper. Modern source-grounded historical reconstruction, never an archival photograph: empty drilling platform on the lake shortly before its documented disappearance; no invented tilt or collapse posture.  Louisiana, November 1980 where historical; believable period equipment/clothing where people appear; restrained natural light; documentary realism; no sensational disaster spectacle; no exact unseen breach geometry or invented causation.","R3_READY_FOR_QC"
"LP-REC-029","RECONSTRUCTION","LP-B031","4","LP-S01","SYNTHETIC_RECONSTRUCTION: never label HISTORICAL SOURCE; no exact unseen breach geometry; no invented human reactions or unsupported action","","","That was the point where the failure stopped looking like a problem inside an industrial system and started looking like the landscape itself was moving. The lake began pulling toward the failure zone.","16:9 1920x1080 Hidden Industrial America cinematic documentary reconstruction; charcoal #171A1C, iron #30363A, warm paper #E6DDC8, ivory #F3EBDD, faded rust #A55235, blueprint gray-blue #5F747D; lower 15% visually quiet for captions; no black caption box; no neon; no horror; no fake archival damage/date stamp/newspaper. Modern source-grounded historical reconstruction, never an archival photograph: lake surface visibly pulling toward a developing failure zone; restrained scale, no impossible vortex geometry.  Louisiana, November 1980 where historical; believable period equipment/clothing where people appear; restrained natural light; documentary realism; no sensational disaster spectacle; no exact unseen breach geometry or invented causation.","R3_READY_FOR_QC"
"LP-REC-030","RECONSTRUCTION","LP-B032","4","LP-S01;LP-S11","FACTUAL_REFERENCE_ONLY: do not attach, copy, or imitate copyrighted webpage/photo/design; use facts only | SYNTHETIC_RECONSTRUCTION: never label HISTORICAL SOURCE; no exact unseen breach geometry; no invented human reactions or unsupported action","","","Floating equipment, boats, trees and shoreline material moved with it. The opening at the surface expanded as the ground beneath it failed.","16:9 1920x1080 Hidden Industrial America cinematic documentary reconstruction; charcoal #171A1C, iron #30363A, warm paper #E6DDC8, ivory #F3EBDD, faded rust #A55235, blueprint gray-blue #5F747D; lower 15% visually quiet for captions; no black caption box; no neon; no horror; no fake archival damage/date stamp/newspaper. Modern source-grounded historical reconstruction, never an archival photograph: floating equipment and shoreline material drifting toward the failure area; qualitative movement only.  Louisiana, November 1980 where historical; believable period equipment/clothing where people appear; restrained natural light; documentary realism; no sensational disaster spectacle; no exact unseen breach geometry or invented causation.","R3_READY_FOR_QC"
"LP-REC-031","RECONSTRUCTION","LP-B033","4","LP-S01","SYNTHETIC_RECONSTRUCTION: never label HISTORICAL SOURCE; no exact unseen breach geometry; no invented human reactions or unsupported action","","","Water was not simply draining from a stable bowl. The bowl was changing. The edge of the lake was collapsing into the process.","16:9 1920x1080 Hidden Industrial America cinematic documentary reconstruction; charcoal #171A1C, iron #30363A, warm paper #E6DDC8, ivory #F3EBDD, faded rust #A55235, blueprint gray-blue #5F747D; lower 15% visually quiet for captions; no black caption box; no neon; no horror; no fake archival damage/date stamp/newspaper. Modern source-grounded historical reconstruction, never an archival photograph: shoreline edge failing into moving water; no exact historical footprint or camera-copy from archival images.  Louisiana, November 1980 where historical; believable period equipment/clothing where people appear; restrained natural light; documentary realism; no sensational disaster spectacle; no exact unseen breach geometry or invented causation.","R3_READY_FOR_QC"
"LP-REC-032","RECONSTRUCTION","LP-B035","4","LP-S01;LP-S09","SYNTHETIC_RECONSTRUCTION: never label HISTORICAL SOURCE; no exact unseen breach geometry; no invented human reactions or unsupported action","","","That number is easier to understand if you imagine the shoreline as part of the machinery of the accident. Every section of ground lost around the opening changed the shape of the basin.","16:9 1920x1080 Hidden Industrial America cinematic documentary reconstruction; charcoal #171A1C, iron #30363A, warm paper #E6DDC8, ivory #F3EBDD, faded rust #A55235, blueprint gray-blue #5F747D; lower 15% visually quiet for captions; no black caption box; no neon; no horror; no fake archival damage/date stamp/newspaper. Modern source-grounded historical reconstruction, never an archival photograph: ground and shoreline slumping as basin geometry changes, with broad documentary scale and no precise traced acreage outline.  Louisiana, November 1980 where historical; believable period equipment/clothing where people appear; restrained natural light; documentary realism; no sensational disaster spectacle; no exact unseen breach geometry or invented causation.","R3_READY_FOR_QC"
"LP-REC-033","RECONSTRUCTION","LP-B036","4","LP-S01;LP-S09","SYNTHETIC_RECONSTRUCTION: never label HISTORICAL SOURCE; no exact unseen breach geometry; no invented human reactions or unsupported action","","","Every change in shape gave the moving water a new path. What had begun as a drilling emergency was now reshaping Jefferson Island.","16:9 1920x1080 Hidden Industrial America cinematic documentary reconstruction; charcoal #171A1C, iron #30363A, warm paper #E6DDC8, ivory #F3EBDD, faded rust #A55235, blueprint gray-blue #5F747D; lower 15% visually quiet for captions; no black caption box; no neon; no horror; no fake archival damage/date stamp/newspaper. Modern source-grounded historical reconstruction, never an archival photograph: wide Jefferson Island shoreline after substantial subsidence, emphasizing transformed terrain without claiming exact mapped shape.  Louisiana, November 1980 where historical; believable period equipment/clothing where people appear; restrained natural light; documentary realism; no sensational disaster spectacle; no exact unseen breach geometry or invented causation.","R3_READY_FOR_QC"
"LP-REC-034","RECONSTRUCTION","LP-B037","5","LP-S01;LP-S04","SOURCE_GEOMETRY_ONLY_WHERE_DOCUMENTED: literal geometry only from the named source; otherwise label the visual conceptual/estimated | SYNTHETIC_RECONSTRUCTION: never label HISTORICAL SOURCE; no exact unseen breach geometry; no invented human reactions or unsupported action","","","A normal pipe stays roughly the same size while water passes through it. A failure through salt does not have to. Fresh water contacts the salt surface.","16:9 1920x1080 Hidden Industrial America cinematic documentary reconstruction; charcoal #171A1C, iron #30363A, warm paper #E6DDC8, ivory #F3EBDD, faded rust #A55235, blueprint gray-blue #5F747D; lower 15% visually quiet for captions; no black caption box; no neon; no horror; no fake archival damage/date stamp/newspaper. Modern source-grounded historical reconstruction, never an archival photograph: cinematic material-detail view of fresh water carving irregular channels in salt; conceptual mechanism, not event geometry.  Louisiana, November 1980 where historical; believable period equipment/clothing where people appear; restrained natural light; documentary realism; no sensational disaster spectacle; no exact unseen breach geometry or invented causation.","R3_READY_FOR_QC"
"LP-REC-035","RECONSTRUCTION","LP-B038","5","LP-S01;LP-S04","SOURCE_GEOMETRY_ONLY_WHERE_DOCUMENTED: literal geometry only from the named source; otherwise label the visual conceptual/estimated | SYNTHETIC_RECONSTRUCTION: never label HISTORICAL SOURCE; no exact unseen breach geometry; no invented human reactions or unsupported action","","","Salt dissolves into the flow. A narrow path can enlarge. Loss of salt can weaken the roof, pillars or surrounding ground. That creates more space for water.","16:9 1920x1080 Hidden Industrial America cinematic documentary reconstruction; charcoal #171A1C, iron #30363A, warm paper #E6DDC8, ivory #F3EBDD, faded rust #A55235, blueprint gray-blue #5F747D; lower 15% visually quiet for captions; no black caption box; no neon; no horror; no fake archival damage/date stamp/newspaper. Modern source-grounded historical reconstruction, never an archival photograph: close underground salt/pillar surface weakening under sustained water contact; no literal reconstruction of unseen failure chamber.  Louisiana, November 1980 where historical; believable period equipment/clothing where people appear; restrained natural light; documentary realism; no sensational disaster spectacle; no exact unseen breach geometry or invented causation.","R3_READY_FOR_QC"
"LP-REC-036","RECONSTRUCTION","LP-B043","6","LP-S01","SYNTHETIC_RECONSTRUCTION: never label HISTORICAL SOURCE; no exact unseen breach geometry; no invented human reactions or unsupported action","","","Once enough water was moving underground, gravity supplied the energy. The lake itself became part of the failure mechanism. Water rushed toward the opening.","16:9 1920x1080 Hidden Industrial America cinematic documentary reconstruction; charcoal #171A1C, iron #30363A, warm paper #E6DDC8, ivory #F3EBDD, faded rust #A55235, blueprint gray-blue #5F747D; lower 15% visually quiet for captions; no black caption box; no neon; no horror; no fake archival damage/date stamp/newspaper. Modern source-grounded historical reconstruction, never an archival photograph: dark generic mine void receiving increasing water; geometry deliberately non-specific.  Louisiana, November 1980 where historical; believable period equipment/clothing where people appear; restrained natural light; documentary realism; no sensational disaster spectacle; no exact unseen breach geometry or invented causation.","R3_READY_FOR_QC"
"LP-REC-037","RECONSTRUCTION","LP-B044","6","LP-S01","SYNTHETIC_RECONSTRUCTION: never label HISTORICAL SOURCE; no exact unseen breach geometry; no invented human reactions or unsupported action","","","Ground continued to collapse. The receiving space was not a concrete reservoir with fixed walls. It was a mine carved through a soluble salt structure.","16:9 1920x1080 Hidden Industrial America cinematic documentary reconstruction; charcoal #171A1C, iron #30363A, warm paper #E6DDC8, ivory #F3EBDD, faded rust #A55235, blueprint gray-blue #5F747D; lower 15% visually quiet for captions; no black caption box; no neon; no horror; no fake archival damage/date stamp/newspaper. Modern source-grounded historical reconstruction, never an archival photograph: large generic salt-mine chamber under flooding stress, with no depicted origin point for the water.  Louisiana, November 1980 where historical; believable period equipment/clothing where people appear; restrained natural light; documentary realism; no sensational disaster spectacle; no exact unseen breach geometry or invented causation.","R3_READY_FOR_QC"
"LP-REC-038","RECONSTRUCTION","LP-B047","6","LP-S01;LP-S04","SOURCE_GEOMETRY_ONLY_WHERE_DOCUMENTED: literal geometry only from the named source; otherwise label the visual conceptual/estimated | SYNTHETIC_RECONSTRUCTION: never label HISTORICAL SOURCE; no exact unseen breach geometry; no invented human reactions or unsupported action","","","The faster the lake fed the failure, the more the failure could change the route available to the lake.","16:9 1920x1080 Hidden Industrial America cinematic documentary reconstruction; charcoal #171A1C, iron #30363A, warm paper #E6DDC8, ivory #F3EBDD, faded rust #A55235, blueprint gray-blue #5F747D; lower 15% visually quiet for captions; no black caption box; no neon; no horror; no fake archival damage/date stamp/newspaper. Modern source-grounded historical reconstruction, never an archival photograph: water accelerating through an enlarging conceptual salt pathway shown as modern reconstruction, not a verified breach tunnel.  Louisiana, November 1980 where historical; believable period equipment/clothing where people appear; restrained natural light; documentary realism; no sensational disaster spectacle; no exact unseen breach geometry or invented causation.","R3_READY_FOR_QC"
"LP-REC-039","RECONSTRUCTION","LP-B052","7","LP-S06;LP-S07;LP-S10","FACTUAL_REFERENCE_ONLY: do not attach, copy, or imitate copyrighted webpage/photo/design; use facts only | SOURCE_GEOMETRY_ONLY_WHERE_DOCUMENTED: literal geometry only from the named source; otherwise label the visual conceptual/estimated | SYNTHETIC_RECONSTRUCTION: never label HISTORICAL SOURCE; no exact unseen breach geometry; no invented human reactions or unsupported action","","","Water from the Gulf side moved inland toward the emptied basin. Historical Louisiana accounts describe what happened next as a temporary waterfall roughly one hundred and fifty feet high.","16:9 1920x1080 Hidden Industrial America cinematic documentary reconstruction; charcoal #171A1C, iron #30363A, warm paper #E6DDC8, ivory #F3EBDD, faded rust #A55235, blueprint gray-blue #5F747D; lower 15% visually quiet for captions; no black caption box; no neon; no horror; no fake archival damage/date stamp/newspaper. Modern source-grounded historical reconstruction, never an archival photograph: Delcambre Canal water rushing inland toward the lowered lake; no exact waterfall shape, no copied secondary imagery.  Louisiana, November 1980 where historical; believable period equipment/clothing where people appear; restrained natural light; documentary realism; no sensational disaster spectacle; no exact unseen breach geometry or invented causation.","R3_READY_FOR_QC"
"LP-REC-040","RECONSTRUCTION","LP-B053","7","LP-S06;LP-S07;LP-S10","FACTUAL_REFERENCE_ONLY: do not attach, copy, or imitate copyrighted webpage/photo/design; use facts only | SOURCE_GEOMETRY_ONLY_WHERE_DOCUMENTED: literal geometry only from the named source; otherwise label the visual conceptual/estimated | SYNTHETIC_RECONSTRUCTION: never label HISTORICAL SOURCE; no exact unseen breach geometry; no invented human reactions or unsupported action","","","For a place as flat as coastal Louisiana, the image is almost absurd. A canal flowing the wrong way. Salt water moving inland.","16:9 1920x1080 Hidden Industrial America cinematic documentary reconstruction; charcoal #171A1C, iron #30363A, warm paper #E6DDC8, ivory #F3EBDD, faded rust #A55235, blueprint gray-blue #5F747D; lower 15% visually quiet for captions; no black caption box; no neon; no horror; no fake archival damage/date stamp/newspaper. Modern source-grounded historical reconstruction, never an archival photograph: low coastal-canal perspective emphasizing reversed current in flat Louisiana terrain; no precise current speed or copied news composition.  Louisiana, November 1980 where historical; believable period equipment/clothing where people appear; restrained natural light; documentary realism; no sensational disaster spectacle; no exact unseen breach geometry or invented causation.","R3_READY_FOR_QC"
"LP-REC-041","RECONSTRUCTION","LP-B056","8","LP-S01","SYNTHETIC_RECONSTRUCTION: never label HISTORICAL SOURCE; no exact unseen breach geometry; no invented human reactions or unsupported action","","","When the major physical sequence ended, the mine was inundated. The drilling platform was gone. The shoreline had been cut back.","16:9 1920x1080 Hidden Industrial America cinematic documentary reconstruction; charcoal #171A1C, iron #30363A, warm paper #E6DDC8, ivory #F3EBDD, faded rust #A55235, blueprint gray-blue #5F747D; lower 15% visually quiet for captions; no black caption box; no neon; no horror; no fake archival damage/date stamp/newspaper. Modern source-grounded historical reconstruction, never an archival photograph: post-event shoreline aftermath with drilling platform absent and landscape visibly changed; no exact archival camera recreation.  Louisiana, November 1980 where historical; believable period equipment/clothing where people appear; restrained natural light; documentary realism; no sensational disaster spectacle; no exact unseen breach geometry or invented causation.","R3_READY_FOR_QC"
"LP-REC-042","RECONSTRUCTION","LP-B059","8","LP-S01;LP-S11","FACTUAL_REFERENCE_ONLY: do not attach, copy, or imitate copyrighted webpage/photo/design; use facts only | SYNTHETIC_RECONSTRUCTION: never label HISTORICAL SOURCE; no exact unseen breach geometry; no invented human reactions or unsupported action","","","The seven drilling workers above them got clear. That does not make the event small. It makes the evacuation extraordinary.","16:9 1920x1080 Hidden Industrial America cinematic documentary reconstruction; charcoal #171A1C, iron #30363A, warm paper #E6DDC8, ivory #F3EBDD, faded rust #A55235, blueprint gray-blue #5F747D; lower 15% visually quiet for captions; no black caption box; no neon; no horror; no fake archival damage/date stamp/newspaper. Modern source-grounded historical reconstruction, never an archival photograph: seven drilling workers safely clear in a generic staging area near the lake; do not stage them looking back or mimic a press photograph.  Louisiana, November 1980 where historical; believable period equipment/clothing where people appear; restrained natural light; documentary realism; no sensational disaster spectacle; no exact unseen breach geometry or invented causation.","R3_READY_FOR_QC"
"LP-REC-043","RECONSTRUCTION","LP-B060","8","LP-S01","SYNTHETIC_RECONSTRUCTION: never label HISTORICAL SOURCE; no exact unseen breach geometry; no invented human reactions or unsupported action","","","An accident violent enough to erase part of a shoreline, destroy a working mine and reverse a canal ended without a human fatality.","16:9 1920x1080 Hidden Industrial America cinematic documentary reconstruction; charcoal #171A1C, iron #30363A, warm paper #E6DDC8, ivory #F3EBDD, faded rust #A55235, blueprint gray-blue #5F747D; lower 15% visually quiet for captions; no black caption box; no neon; no horror; no fake archival damage/date stamp/newspaper. Modern source-grounded historical reconstruction, never an archival photograph: quiet aftermath landscape emphasizing survival and industrial loss rather than spectacle.  Louisiana, November 1980 where historical; believable period equipment/clothing where people appear; restrained natural light; documentary realism; no sensational disaster spectacle; no exact unseen breach geometry or invented causation.","R3_READY_FOR_QC"
"LP-REC-044","RECONSTRUCTION","LP-B063","9","LP-S01","SYNTHETIC_RECONSTRUCTION: never label HISTORICAL SOURCE; no exact unseen breach geometry; no invented human reactions or unsupported action","","","After the inundation, the relevant mine workings could not simply be entered and inspected. The accident had destroyed access to the best evidence.","16:9 1920x1080 Hidden Industrial America cinematic documentary reconstruction; charcoal #171A1C, iron #30363A, warm paper #E6DDC8, ivory #F3EBDD, faded rust #A55235, blueprint gray-blue #5F747D; lower 15% visually quiet for captions; no black caption box; no neon; no horror; no fake archival damage/date stamp/newspaper. Modern source-grounded historical reconstruction, never an archival photograph: generic inaccessible post-event mine access / evidence-loss scene; no assertion of a visibly flooded shaft or exact entrance condition.  Louisiana, November 1980 where historical; believable period equipment/clothing where people appear; restrained natural light; documentary realism; no sensational disaster spectacle; no exact unseen breach geometry or invented causation.","R3_READY_FOR_QC"
"LP-REC-045","RECONSTRUCTION","LP-B064","9","LP-S01;LP-S19","SOURCE_GEOMETRY_ONLY_WHERE_DOCUMENTED: literal geometry only from the named source; otherwise label the visual conceptual/estimated | SYNTHETIC_RECONSTRUCTION: never label HISTORICAL SOURCE; no exact unseen breach geometry; no invented human reactions or unsupported action","","","Critical physical information was underwater, displaced or gone. Federal mine-safety investigators reconstructed an estimated drill-hole location near the mine's thirteen-hundred-foot level.","16:9 1920x1080 Hidden Industrial America cinematic documentary reconstruction; charcoal #171A1C, iron #30363A, warm paper #E6DDC8, ivory #F3EBDD, faded rust #A55235, blueprint gray-blue #5F747D; lower 15% visually quiet for captions; no black caption box; no neon; no horror; no fake archival damage/date stamp/newspaper. Modern source-grounded historical reconstruction, never an archival photograph: forensic reconstruction workspace using simplified mine-plan shapes and a dotted estimated drill path; no fake document text or exact coordinates.  Louisiana, November 1980 where historical; believable period equipment/clothing where people appear; restrained natural light; documentary realism; no sensational disaster spectacle; no exact unseen breach geometry or invented causation.","R3_READY_FOR_QC"
"LP-REC-046","RECONSTRUCTION","LP-B073","10","LP-S15","JUDICIAL_FACT_ONLY: use the court-record fact; do not imitate commercial database page design | SYNTHETIC_RECONSTRUCTION: never label HISTORICAL SOURCE; no exact unseen breach geometry; no invented human reactions or unsupported action","","","They did not reopen the mine. And they did not turn the settlement into a scientific finding about one exact cause.","16:9 1920x1080 Hidden Industrial America cinematic documentary reconstruction; charcoal #171A1C, iron #30363A, warm paper #E6DDC8, ivory #F3EBDD, faded rust #A55235, blueprint gray-blue #5F747D; lower 15% visually quiet for captions; no black caption box; no neon; no horror; no fake archival damage/date stamp/newspaper. Modern source-grounded historical reconstruction, never an archival photograph: closed industrial salt-mine operations context after the disaster using generic infrastructure, not an exact unverified exterior likeness.  Louisiana, November 1980 where historical; believable period equipment/clothing where people appear; restrained natural light; documentary realism; no sensational disaster spectacle; no exact unseen breach geometry or invented causation.","R3_READY_FOR_QC"
"LP-REC-047","RECONSTRUCTION","LP-B074","10","LP-S15","JUDICIAL_FACT_ONLY: use the court-record fact; do not imitate commercial database page design | SYNTHETIC_RECONSTRUCTION: never label HISTORICAL SOURCE; no exact unseen breach geometry; no invented human reactions or unsupported action","","","Louisiana appellate records later described approximately two hundred and fifty Diamond Crystal employees being laid off after the closure. That is the quieter scale of the disaster.","16:9 1920x1080 Hidden Industrial America cinematic documentary reconstruction; charcoal #171A1C, iron #30363A, warm paper #E6DDC8, ivory #F3EBDD, faded rust #A55235, blueprint gray-blue #5F747D; lower 15% visually quiet for captions; no black caption box; no neon; no horror; no fake archival damage/date stamp/newspaper. Modern source-grounded historical reconstruction, never an archival photograph: empty industrial work area suggesting employment loss without staging identifiable laid-off workers or signs.  Louisiana, November 1980 where historical; believable period equipment/clothing where people appear; restrained natural light; documentary realism; no sensational disaster spectacle; no exact unseen breach geometry or invented causation.","R3_READY_FOR_QC"
"LP-REC-048","RECONSTRUCTION","LP-B081","12","LP-S01;LP-S03","SOURCE_GEOMETRY_ONLY_WHERE_DOCUMENTED: literal geometry only from the named source; otherwise label the visual conceptual/estimated | SYNTHETIC_RECONSTRUCTION: never label HISTORICAL SOURCE; no exact unseen breach geometry; no invented human reactions or unsupported action","","","Before November 20, 1980, Lake Peigneur looked like a surface landscape. Water. Trees. Gardens. A drilling platform.","16:9 1920x1080 Hidden Industrial America cinematic documentary reconstruction; charcoal #171A1C, iron #30363A, warm paper #E6DDC8, ivory #F3EBDD, faded rust #A55235, blueprint gray-blue #5F747D; lower 15% visually quiet for captions; no black caption box; no neon; no horror; no fake archival damage/date stamp/newspaper. Modern source-grounded historical reconstruction, never an archival photograph: pre-event lake surface at morning light with platform far in the distance, framed from water level; distinct visual role: surface normalcy before the thesis.  Louisiana, November 1980 where historical; believable period equipment/clothing where people appear; restrained natural light; documentary realism; no sensational disaster spectacle; no exact unseen breach geometry or invented causation.","R3_READY_FOR_QC"
"LP-REC-049","RECONSTRUCTION","LP-B083","12","LP-S01;LP-S04","SOURCE_GEOMETRY_ONLY_WHERE_DOCUMENTED: literal geometry only from the named source; otherwise label the visual conceptual/estimated | SYNTHETIC_RECONSTRUCTION: never label HISTORICAL SOURCE; no exact unseen breach geometry; no invented human reactions or unsupported action","","","When those worlds became connected, gravity and salt amplified the failure. The mine flooded. The shoreline collapsed. The canal reversed.","16:9 1920x1080 Hidden Industrial America cinematic documentary reconstruction; charcoal #171A1C, iron #30363A, warm paper #E6DDC8, ivory #F3EBDD, faded rust #A55235, blueprint gray-blue #5F747D; lower 15% visually quiet for captions; no black caption box; no neon; no horror; no fake archival damage/date stamp/newspaper. Modern source-grounded historical reconstruction, never an archival photograph: abstract-cinematic reconstruction of water entering salt and broad shoreline movement as two separate planes; no exact breach and no reused calm-lake composition.  Louisiana, November 1980 where historical; believable period equipment/clothing where people appear; restrained natural light; documentary realism; no sensational disaster spectacle; no exact unseen breach geometry or invented causation.","R3_READY_FOR_QC"
"LP-REC-050","RECONSTRUCTION","LP-B085","12","LP-S01","SYNTHETIC_RECONSTRUCTION: never label HISTORICAL SOURCE; no exact unseen breach geometry; no invented human reactions or unsupported action","","","But part of the evidence had vanished inside the event itself. That is why Lake Peigneur survives as more than a bizarre engineering story.","16:9 1920x1080 Hidden Industrial America cinematic documentary reconstruction; charcoal #171A1C, iron #30363A, warm paper #E6DDC8, ivory #F3EBDD, faded rust #A55235, blueprint gray-blue #5F747D; lower 15% visually quiet for captions; no black caption box; no neon; no horror; no fake archival damage/date stamp/newspaper. Modern source-grounded historical reconstruction, never an archival photograph: evidence-loss ending image: dark inaccessible underground void fading into an unresolved diagram-like space, emphasizing what could no longer be inspected.  Louisiana, November 1980 where historical; believable period equipment/clothing where people appear; restrained natural light; documentary realism; no sensational disaster spectacle; no exact unseen breach geometry or invented causation.","R3_READY_FOR_QC"
"LP-REC-051","RECONSTRUCTION","LP-B087","12","LP-S01;LP-S03","SOURCE_GEOMETRY_ONLY_WHERE_DOCUMENTED: literal geometry only from the named source; otherwise label the visual conceptual/estimated | SYNTHETIC_RECONSTRUCTION: never label HISTORICAL SOURCE; no exact unseen breach geometry; no invented human reactions or unsupported action","","","The deeper lesson is why. Infrastructure does not stop at the surface. And the systems we cannot see can be the systems that matter most.","16:9 1920x1080 Hidden Industrial America cinematic documentary reconstruction; charcoal #171A1C, iron #30363A, warm paper #E6DDC8, ivory #F3EBDD, faded rust #A55235, blueprint gray-blue #5F747D; lower 15% visually quiet for captions; no black caption box; no neon; no horror; no fake archival damage/date stamp/newspaper. Modern source-grounded historical reconstruction, never an archival photograph: final hero image focused on a vertical cutaway silhouette: calm lake surface at top, hidden industrial layers below fading into darkness; no duplicate reflective-lake composition.  Louisiana, November 1980 where historical; believable period equipment/clothing where people appear; restrained natural light; documentary realism; no sensational disaster spectacle; no exact unseen breach geometry or invented causation.","R3_READY_FOR_QC"
