"ASSET_ID","CATEGORY","BEATS","SECTION","SOURCE_FILES","SOURCE_USAGE","SOURCE_ANCHOR","TEXT_MODE","EXACT_TEXT_TO_RENDER","NUMBERS_TO_RENDER","NARRATION","PROMPT","STATUS"
"LP-DOC-001","DOCUMENT","LP-B005","0","LP-S01","EDITORIAL_EVIDENCE_VISUALIZATION_ONLY: do not fabricate a source page, seal, signature, quotation, agency facsimile, or unverified body text; render only verified editorial wording supplied in EXACT_TEXT_TO_RENDER","MSHA 1981 report — Possible Causes, p.57","RENDER_EXACT_TEXT","MSHA FEDERAL INVESTIGATION | EVIDENCE CARD | SOURCE: MSHA 1981 | POSSIBLE CAUSES — p.57 | ONE-ERROR EXPLANATION | ≠ | THE WHOLE RECORD","","What happened here is often reduced to one bad drilling mistake. The real story is larger.","16:9 1920x1080 Hidden Industrial America editorial evidence visualization; charcoal #171A1C, iron #30363A, warm paper #E6DDC8, ivory #F3EBDD, faded rust #A55235, blueprint gray-blue #5F747D; strong cinematic hierarchy; lower 15% visually quiet for subtitles; no black caption box; no fake archival damage; no fake date stamp; no invented newspaper; no fake seal, signature, letterhead, agency-logo facsimile, report-page facsimile, or invented quotation; do not imitate an official source page. Scene: MSHA federal-investigation evidence card centered on the unresolved-cause framing. Use a clean HIA evidence layout visually emphasize that the popular one-error explanation is not the whole record. ALL REQUIRED ON-SCREEN TEXT MUST BE GENERATED DIRECTLY IN THE IMAGE. Render EXACTLY the following wording and no other readable text: [MSHA FEDERAL INVESTIGATION | EVIDENCE CARD | SOURCE: MSHA 1981 | POSSIBLE CAUSES — p.57 | ONE-ERROR EXPLANATION | ≠ | THE WHOLE RECORD]. No blank text boxes, no empty excerpt panel, no placeholder copy, no lorem ipsum. Use large readable condensed sans-serif typography, mobile-readable hierarchy, short factual blocks only. Source authority remains editorially attributed, not visually impersonated.","R4_READY_FOR_HARD_QC"
"LP-DOC-002","DOCUMENT","LP-B016","2","LP-S01;LP-S19","SOURCE_GEOMETRY_ONLY_WHERE_DOCUMENTED: literal geometry only from the named source; otherwise label the visual conceptual/estimated | EDITORIAL_EVIDENCE_VISUALIZATION_ONLY: do not fabricate a source page, seal, signature, quotation, agency facsimile, or unverified body text; render only verified editorial wording supplied in EXACT_TEXT_TO_RENDER","MSHA 1981 — Texaco Drilling Operation / event reconstruction + Appendix T Estimated Drill Hole Location","RENDER_EXACT_TEXT","DRILL DEPTH / MINE LEVEL | ≈1,228 FT | 1,300-FT MINE LEVEL | ESTIMATED RELATIONSHIP","","That morning, the drill assembly would not come free. Later reconstructions placed it at roughly twelve hundred and twenty-eight feet — close enough to the mine's thirteen-hundred-foot level to become central to the investigation.","16:9 1920x1080 Hidden Industrial America editorial evidence visualization; charcoal #171A1C, iron #30363A, warm paper #E6DDC8, ivory #F3EBDD, faded rust #A55235, blueprint gray-blue #5F747D; strong cinematic hierarchy; lower 15% visually quiet for subtitles; no black caption box; no fake archival damage; no fake date stamp; no invented newspaper; no fake seal, signature, letterhead, agency-logo facsimile, report-page facsimile, or invented quotation; do not imitate an official source page. Scene: Technical evidence card for the stuck drill depth and nearby mine level. Show two large factual anchors only: approximately 1,228 ft and 1,300-ft mine level; no fake report prose. ALL REQUIRED ON-SCREEN TEXT MUST BE GENERATED DIRECTLY IN THE IMAGE. Render EXACTLY the following wording and no other readable text: [DRILL DEPTH / MINE LEVEL | ≈1,228 FT | 1,300-FT MINE LEVEL | ESTIMATED RELATIONSHIP]. No blank text boxes, no empty excerpt panel, no placeholder copy, no lorem ipsum. Use large readable condensed sans-serif typography, mobile-readable hierarchy, short factual blocks only. Source authority remains editorially attributed, not visually impersonated.","R4_READY_FOR_HARD_QC"
"LP-DOC-003","DOCUMENT","LP-B021","3","LP-S02","EDITORIAL_EVIDENCE_VISUALIZATION_ONLY: do not fabricate a source page, seal, signature, quotation, agency facsimile, or unverified body text; render only verified editorial wording supplied in EXACT_TEXT_TO_RENDER","MSHA FY1981 annual report — Jefferson Island mine inundation summary","RENDER_EXACT_TEXT","UNDERGROUND WORKFORCE | 52 PEOPLE UNDERGROUND | MSHA FY1981","","The Mine Safety and Health Administration later recorded fifty-two people underground. They were not standing together beside an exit.","16:9 1920x1080 Hidden Industrial America editorial evidence visualization; charcoal #171A1C, iron #30363A, warm paper #E6DDC8, ivory #F3EBDD, faded rust #A55235, blueprint gray-blue #5F747D; strong cinematic hierarchy; lower 15% visually quiet for subtitles; no black caption box; no fake archival damage; no fake date stamp; no invented newspaper; no fake seal, signature, letterhead, agency-logo facsimile, report-page facsimile, or invented quotation; do not imitate an official source page. Scene: Federal evidence card for the underground headcount. Make 52 the dominant verified figure and use a compact evidence layout. ALL REQUIRED ON-SCREEN TEXT MUST BE GENERATED DIRECTLY IN THE IMAGE. Render EXACTLY the following wording and no other readable text: [UNDERGROUND WORKFORCE | 52 PEOPLE UNDERGROUND | MSHA FY1981]. No blank text boxes, no empty excerpt panel, no placeholder copy, no lorem ipsum. Use large readable condensed sans-serif typography, mobile-readable hierarchy, short factual blocks only. Source authority remains editorially attributed, not visually impersonated.","R4_READY_FOR_HARD_QC"
"LP-DOC-004","DOCUMENT","LP-B025","3","LP-S01","EDITORIAL_EVIDENCE_VISUALIZATION_ONLY: do not fabricate a source page, seal, signature, quotation, agency facsimile, or unverified body text; render only verified editorial wording supplied in EXACT_TEXT_TO_RENDER","MSHA incident report — Mine Emergency Operations, p.37","RENDER_EXACT_TEXT","MINE EMERGENCY OPERATIONS | LEADERSHIP + SEARCH ACTIONS | MSHA INCIDENT REPORT — p.37","","Some had to travel through a mine that was changing from a workplace into an emergency scene. The official investigation later recognized several employees for leadership and search actions during the evacuation.","16:9 1920x1080 Hidden Industrial America editorial evidence visualization; charcoal #171A1C, iron #30363A, warm paper #E6DDC8, ivory #F3EBDD, faded rust #A55235, blueprint gray-blue #5F747D; strong cinematic hierarchy; lower 15% visually quiet for subtitles; no black caption box; no fake archival damage; no fake date stamp; no invented newspaper; no fake seal, signature, letterhead, agency-logo facsimile, report-page facsimile, or invented quotation; do not imitate an official source page. Scene: Federal evidence card for recognized leadership/search actions during evacuation. No invented names or quote text in the generated image; use a compact evidence layout. ALL REQUIRED ON-SCREEN TEXT MUST BE GENERATED DIRECTLY IN THE IMAGE. Render EXACTLY the following wording and no other readable text: [MINE EMERGENCY OPERATIONS | LEADERSHIP + SEARCH ACTIONS | MSHA INCIDENT REPORT — p.37]. No blank text boxes, no empty excerpt panel, no placeholder copy, no lorem ipsum. Use large readable condensed sans-serif typography, mobile-readable hierarchy, short factual blocks only. Source authority remains editorially attributed, not visually impersonated.","R4_READY_FOR_HARD_QC"
"LP-DOC-005","DOCUMENT","LP-B060","8","LP-S01;LP-S02","EDITORIAL_EVIDENCE_VISUALIZATION_ONLY: do not fabricate a source page, seal, signature, quotation, agency facsimile, or unverified body text; render only verified editorial wording supplied in EXACT_TEXT_TO_RENDER","MSHA incident report + FY1981 annual report — evacuation/injury outcome","RENDER_EXACT_TEXT","EVACUATION OUTCOME | 52 EVACUATED | LESS THAN 1 HOUR | NO HUMAN FATALITIES","","An accident violent enough to erase part of a shoreline, destroy a working mine and reverse a canal ended without a human fatality.","16:9 1920x1080 Hidden Industrial America editorial evidence visualization; charcoal #171A1C, iron #30363A, warm paper #E6DDC8, ivory #F3EBDD, faded rust #A55235, blueprint gray-blue #5F747D; strong cinematic hierarchy; lower 15% visually quiet for subtitles; no black caption box; no fake archival damage; no fake date stamp; no invented newspaper; no fake seal, signature, letterhead, agency-logo facsimile, report-page facsimile, or invented quotation; do not imitate an official source page. Scene: Federal evidence card for the survival outcome: no human fatality and successful evacuation; no fake document body text. ALL REQUIRED ON-SCREEN TEXT MUST BE GENERATED DIRECTLY IN THE IMAGE. Render EXACTLY the following wording and no other readable text: [EVACUATION OUTCOME | 52 EVACUATED | LESS THAN 1 HOUR | NO HUMAN FATALITIES]. No blank text boxes, no empty excerpt panel, no placeholder copy, no lorem ipsum. Use large readable condensed sans-serif typography, mobile-readable hierarchy, short factual blocks only. Source authority remains editorially attributed, not visually impersonated.","R4_READY_FOR_HARD_QC"
"LP-DOC-006","DOCUMENT","LP-B061","9","LP-S01","EDITORIAL_EVIDENCE_VISUALIZATION_ONLY: do not fabricate a source page, seal, signature, quotation, agency facsimile, or unverified body text; render only verified editorial wording supplied in EXACT_TEXT_TO_RENDER","MSHA 1981 report — Possible Causes, p.57","RENDER_EXACT_TEXT","INVESTIGATION LIMIT | PRECISE INITIATING CAUSE | NOT CONCLUSIVELY ESTABLISHED | MSHA 1981 — p.57","","By now, the natural question seems obvious. Who put the drill in the wrong place? That is where the popular version of Lake Peigneur often becomes cleaner than the evidence.","16:9 1920x1080 Hidden Industrial America editorial evidence visualization; charcoal #171A1C, iron #30363A, warm paper #E6DDC8, ivory #F3EBDD, faded rust #A55235, blueprint gray-blue #5F747D; strong cinematic hierarchy; lower 15% visually quiet for subtitles; no black caption box; no fake archival damage; no fake date stamp; no invented newspaper; no fake seal, signature, letterhead, agency-logo facsimile, report-page facsimile, or invented quotation; do not imitate an official source page. Scene: Investigation-pivot evidence card: the physical scene became inaccessible and the precise initiating cause could not be established conclusively. No fake quotation. ALL REQUIRED ON-SCREEN TEXT MUST BE GENERATED DIRECTLY IN THE IMAGE. Render EXACTLY the following wording and no other readable text: [INVESTIGATION LIMIT | PRECISE INITIATING CAUSE | NOT CONCLUSIVELY ESTABLISHED | MSHA 1981 — p.57]. No blank text boxes, no empty excerpt panel, no placeholder copy, no lorem ipsum. Use large readable condensed sans-serif typography, mobile-readable hierarchy, short factual blocks only. Source authority remains editorially attributed, not visually impersonated. Do not render MSHA letterhead, an MSHA logo, a fake report cover, or anything resembling a scanned government page.","R4_READY_FOR_HARD_QC"
"LP-DOC-007","DOCUMENT","LP-B062","9","LP-S01;LP-S19","SOURCE_GEOMETRY_ONLY_WHERE_DOCUMENTED: literal geometry only from the named source; otherwise label the visual conceptual/estimated | EDITORIAL_EVIDENCE_VISUALIZATION_ONLY: do not fabricate a source page, seal, signature, quotation, agency facsimile, or unverified body text; render only verified editorial wording supplied in EXACT_TEXT_TO_RENDER","MSHA Possible Causes + Appendix T Estimated Drill Hole Location","RENDER_EXACT_TEXT","POPULAR CLAIM | COORDINATE / SURVEYING ERROR | FEDERAL FINDING | CAUSE NOT CLOSED THAT NEATLY","","A widely repeated story says a coordinate or surveying error sent the well into the mine. The official federal investigation did not close the case that neatly.","16:9 1920x1080 Hidden Industrial America editorial evidence visualization; charcoal #171A1C, iron #30363A, warm paper #E6DDC8, ivory #F3EBDD, faded rust #A55235, blueprint gray-blue #5F747D; strong cinematic hierarchy; lower 15% visually quiet for subtitles; no black caption box; no fake archival damage; no fake date stamp; no invented newspaper; no fake seal, signature, letterhead, agency-logo facsimile, report-page facsimile, or invented quotation; do not imitate an official source page. Scene: Evidence card contrasting a widely repeated coordinate/surveying explanation with the federal investigation's unresolved conclusion. Use a neutral split layout; no fabricated newspaper or quotation. ALL REQUIRED ON-SCREEN TEXT MUST BE GENERATED DIRECTLY IN THE IMAGE. Render EXACTLY the following wording and no other readable text: [POPULAR CLAIM | COORDINATE / SURVEYING ERROR | FEDERAL FINDING | CAUSE NOT CLOSED THAT NEATLY]. No blank text boxes, no empty excerpt panel, no placeholder copy, no lorem ipsum. Use large readable condensed sans-serif typography, mobile-readable hierarchy, short factual blocks only. Source authority remains editorially attributed, not visually impersonated.","R4_READY_FOR_HARD_QC"
"LP-DOC-008","DOCUMENT","LP-B065","9","LP-S01;LP-S19","SOURCE_GEOMETRY_ONLY_WHERE_DOCUMENTED: literal geometry only from the named source; otherwise label the visual conceptual/estimated | EDITORIAL_EVIDENCE_VISUALIZATION_ONLY: do not fabricate a source page, seal, signature, quotation, agency facsimile, or unverified body text; render only verified editorial wording supplied in EXACT_TEXT_TO_RENDER","MSHA Possible Causes + Appendix T","RENDER_EXACT_TEXT","CLAIM | DRILL PENETRATED A MINED ROOM | DISPUTED | EXACT GEOMETRY UNRESOLVED","","Diamond Crystal argued that the drilling operation had penetrated the roof of an excavated mine room. Other experts disputed that reconstruction.","16:9 1920x1080 Hidden Industrial America editorial evidence visualization; charcoal #171A1C, iron #30363A, warm paper #E6DDC8, ivory #F3EBDD, faded rust #A55235, blueprint gray-blue #5F747D; strong cinematic hierarchy; lower 15% visually quiet for subtitles; no black caption box; no fake archival damage; no fake date stamp; no invented newspaper; no fake seal, signature, letterhead, agency-logo facsimile, report-page facsimile, or invented quotation; do not imitate an official source page. Scene: Evidence card for Diamond Crystal's penetration theory versus disputed reconstruction. Present 'claim' versus 'disputed' as editorial labels only; no fabricated legal document. ALL REQUIRED ON-SCREEN TEXT MUST BE GENERATED DIRECTLY IN THE IMAGE. Render EXACTLY the following wording and no other readable text: [CLAIM | DRILL PENETRATED A MINED ROOM | DISPUTED | EXACT GEOMETRY UNRESOLVED]. No blank text boxes, no empty excerpt panel, no placeholder copy, no lorem ipsum. Use large readable condensed sans-serif typography, mobile-readable hierarchy, short factual blocks only. Source authority remains editorially attributed, not visually impersonated.","R4_READY_FOR_HARD_QC"
"LP-DOC-009","DOCUMENT","LP-B008","1","LP-S04","SOURCE_GEOMETRY_ONLY_WHERE_DOCUMENTED: literal geometry only from the named source; otherwise label the visual conceptual/estimated | EDITORIAL_EVIDENCE_VISUALIZATION_ONLY: do not fabricate a source page, seal, signature, quotation, agency facsimile, or unverified body text; render only verified editorial wording supplied in EXACT_TEXT_TO_RENDER","USGS Bulletin 845 — Jefferson Island / Gulf Coast salt-dome geology section","RENDER_EXACT_TEXT","JEFFERSON ISLAND | SALT-DOME GEOLOGY | ANCIENT SALT | YOUNGER SEDIMENTS | SOURCE: USGS BULLETIN 845","","But the landscape was three-dimensional. Jefferson Island rises above the coastal plain because of a salt dome — a mass of ancient salt pushed upward through younger sediments.","16:9 1920x1080 Hidden Industrial America editorial evidence visualization; charcoal #171A1C, iron #30363A, warm paper #E6DDC8, ivory #F3EBDD, faded rust #A55235, blueprint gray-blue #5F747D; strong cinematic hierarchy; lower 15% visually quiet for subtitles; no black caption box; no fake archival damage; no fake date stamp; no invented newspaper; no fake seal, signature, letterhead, agency-logo facsimile, report-page facsimile, or invented quotation; do not imitate an official source page. Scene: scientific-source evidence card explaining Jefferson Island as a salt-dome topographic high with ancient salt rising through younger sediments; use a clean geology evidence layout, not a fake report page. ALL REQUIRED ON-SCREEN TEXT MUST BE GENERATED DIRECTLY IN THE IMAGE. Render EXACTLY the following wording and no other readable text: [JEFFERSON ISLAND | SALT-DOME GEOLOGY | ANCIENT SALT | YOUNGER SEDIMENTS | SOURCE: USGS BULLETIN 845]. No blank text boxes, no empty excerpt panel, no placeholder copy, no lorem ipsum. Use large readable condensed sans-serif typography, mobile-readable hierarchy, short factual blocks only. Source authority remains editorially attributed, not visually impersonated.","R4_READY_FOR_HARD_QC"
"LP-DOC-010","DOCUMENT","LP-B069","9","LP-S01","EDITORIAL_EVIDENCE_VISUALIZATION_ONLY: do not fabricate a source page, seal, signature, quotation, agency facsimile, or unverified body text; render only verified editorial wording supplied in EXACT_TEXT_TO_RENDER","MSHA 1981 report — Possible Causes, p.57","RENDER_EXACT_TEXT","KNOWN | DRILLING | MINE | INUNDATION | UNKNOWN | PRECISE INITIATING TECHNICAL ERROR","","And the precise initiating technical error could not later be established with certainty. That is not a weakness in the story. It is the reason evidence matters.","16:9 1920x1080 Hidden Industrial America editorial evidence visualization; charcoal #171A1C, iron #30363A, warm paper #E6DDC8, ivory #F3EBDD, faded rust #A55235, blueprint gray-blue #5F747D; strong cinematic hierarchy; lower 15% visually quiet for subtitles; no black caption box; no fake archival damage; no fake date stamp; no invented newspaper; no fake seal, signature, letterhead, agency-logo facsimile, report-page facsimile, or invented quotation; do not imitate an official source page. Scene: Federal evidence card for uncertainty: documented drilling, mine and inundation, but no conclusive initiating technical error. use a compact evidence layout . ALL REQUIRED ON-SCREEN TEXT MUST BE GENERATED DIRECTLY IN THE IMAGE. Render EXACTLY the following wording and no other readable text: [KNOWN | DRILLING | MINE | INUNDATION | UNKNOWN | PRECISE INITIATING TECHNICAL ERROR]. No blank text boxes, no empty excerpt panel, no placeholder copy, no lorem ipsum. Use large readable condensed sans-serif typography, mobile-readable hierarchy, short factual blocks only. Source authority remains editorially attributed, not visually impersonated.","R4_READY_FOR_HARD_QC"
"LP-DOC-011","DOCUMENT","LP-B070","10","LP-S14","FACTUAL_REFERENCE_ONLY: do not attach, copy, or imitate copyrighted webpage/photo/design; use facts only | EDITORIAL_EVIDENCE_VISUALIZATION_ONLY: do not fabricate a source page, seal, signature, quotation, agency facsimile, or unverified body text; render only verified editorial wording supplied in EXACT_TEXT_TO_RENDER","UPI July 7, 1983 — $260M original claim / $32M settlement","RENDER_EXACT_TEXT","LEGAL AFTERMATH | $260M ORIGINAL CLAIM | $32M SETTLEMENT | SETTLEMENT ≠ CAUSATION","","The uncertainty did not prevent lawsuits. Diamond Crystal originally sued Texaco for two hundred and sixty million dollars.","16:9 1920x1080 Hidden Industrial America editorial evidence visualization; charcoal #171A1C, iron #30363A, warm paper #E6DDC8, ivory #F3EBDD, faded rust #A55235, blueprint gray-blue #5F747D; strong cinematic hierarchy; lower 15% visually quiet for subtitles; no black caption box; no fake archival damage; no fake date stamp; no invented newspaper; no fake seal, signature, letterhead, agency-logo facsimile, report-page facsimile, or invented quotation; do not imitate an official source page. Scene: Legal-aftermath evidence card showing the original Diamond Crystal claim and later settlement as separate financial facts, not proof of causation. Render only $260M and $32M. ALL REQUIRED ON-SCREEN TEXT MUST BE GENERATED DIRECTLY IN THE IMAGE. Render EXACTLY the following wording and no other readable text: [LEGAL AFTERMATH | $260M ORIGINAL CLAIM | $32M SETTLEMENT | SETTLEMENT ≠ CAUSATION]. No blank text boxes, no empty excerpt panel, no placeholder copy, no lorem ipsum. Use large readable condensed sans-serif typography, mobile-readable hierarchy, short factual blocks only. Source authority remains editorially attributed, not visually impersonated.","R4_READY_FOR_HARD_QC"
"LP-DOC-012","DOCUMENT","LP-B072","10","LP-S14;LP-S15","FACTUAL_REFERENCE_ONLY: do not attach, copy, or imitate copyrighted webpage/photo/design; use facts only | JUDICIAL_FACT_ONLY: use the court-record fact; do not imitate commercial database page design | EDITORIAL_EVIDENCE_VISUALIZATION_ONLY: do not fabricate a source page, seal, signature, quotation, agency facsimile, or unverified body text; render only verified editorial wording supplied in EXACT_TEXT_TO_RENDER","UPI July 7, 1983 + Babin v. Texaco factual record","RENDER_EXACT_TEXT","ECONOMIC AFTERMATH | $12.8M SETTLEMENT | ≈250 EMPLOYEES LAID OFF | CLAIMS RESOLVED — MINE NOT RESTORED","","Live Oak Gardens interests received twelve-point-eight million dollars in a separate settlement involving the companies. Those numbers resolved claims. They did not restore the underground system.","16:9 1920x1080 Hidden Industrial America editorial evidence visualization; charcoal #171A1C, iron #30363A, warm paper #E6DDC8, ivory #F3EBDD, faded rust #A55235, blueprint gray-blue #5F747D; strong cinematic hierarchy; lower 15% visually quiet for subtitles; no black caption box; no fake archival damage; no fake date stamp; no invented newspaper; no fake seal, signature, letterhead, agency-logo facsimile, report-page facsimile, or invented quotation; do not imitate an official source page. Scene: Legal/economic evidence card pairing the $12.8M Live Oak Gardens settlement with approximately 250 Diamond Crystal layoffs; clearly separate settlement and employment consequences. Render only $12.8M and ~250 employees. ALL REQUIRED ON-SCREEN TEXT MUST BE GENERATED DIRECTLY IN THE IMAGE. Render EXACTLY the following wording and no other readable text: [ECONOMIC AFTERMATH | $12.8M SETTLEMENT | ≈250 EMPLOYEES LAID OFF | CLAIMS RESOLVED — MINE NOT RESTORED]. No blank text boxes, no empty excerpt panel, no placeholder copy, no lorem ipsum. Use large readable condensed sans-serif typography, mobile-readable hierarchy, short factual blocks only. Source authority remains editorially attributed, not visually impersonated.","R4_READY_FOR_HARD_QC"
"LP-MAP-001","MAP","LP-B003","0","LP-S01;LP-S02;LP-S11","FACTUAL_REFERENCE_ONLY: do not attach, copy, or imitate copyrighted webpage/photo/design; use facts only | GENERATED_SPATIAL_EXPLAINER: not a survey; do not invent exact coordinates, shoreline, mine plan, shaft route, or breach path","","RENDER_EXACT_TEXT","52 UNDERGROUND | 7 ON DRILLING PLATFORM | CONCEPTUAL VERTICAL RELATIONSHIP","","Fifty-two people were below ground. Seven more were on the drilling platform above them. Within hours, the platform would be gone. Part of the shoreline would be gone.","16:9 1920x1080 Hidden Industrial America generated spatial explainer; charcoal #171A1C, iron #30363A, warm paper #E6DDC8, ivory #F3EBDD, faded rust #A55235, blueprint gray-blue #5F747D; lower 15% visually quiet for subtitles; no black caption box; no neon; no fake archive styling; no invented coordinates; no exact unseen breach geometry; no synthetic exact pipeline-route geography unless source-traced. Scene: split-level spatial explainer: lake surface with drilling platform above and underground mine below, using 52 underground and 7 surface only as count anchors; no exact breach path. Literal geometry may be used only where the named source documents it; otherwise use dashed, conceptual, estimated, or schematic geometry. ALL REQUIRED LABELS MUST BE GENERATED DIRECTLY IN THE IMAGE. Render EXACTLY the following text and no other readable text: [52 UNDERGROUND | 7 ON DRILLING PLATFORM | CONCEPTUAL VERTICAL RELATIONSHIP]. No blank callout boxes, no placeholder legends. Keep labels large, sparse, and mobile-readable. The numbers 52 and 7 must be visually dominant and placed next to underground and surface groups respectively.","R4_READY_FOR_HARD_QC"
"LP-MAP-002","MAP","LP-B004","0","LP-S06;LP-S07;LP-S10","FACTUAL_REFERENCE_ONLY: do not attach, copy, or imitate copyrighted webpage/photo/design; use facts only | SOURCE_GEOMETRY_ONLY_WHERE_DOCUMENTED: literal geometry only from the named source; otherwise label the visual conceptual/estimated | GENERATED_SPATIAL_EXPLAINER: not a survey; do not invent exact coordinates, shoreline, mine plan, shaft route, or breach path","","RENDER_EXACT_TEXT","LAKE PEIGNEUR | DELCAMBRE CANAL | VERMILION BAY | NORMAL FLOW — PRE-EVENT","","And the canal connected to the lake would begin flowing in the wrong direction. Everyone would survive. But the industrial landscape beneath Jefferson Island would never be the same.","16:9 1920x1080 Hidden Industrial America generated spatial explainer; charcoal #171A1C, iron #30363A, warm paper #E6DDC8, ivory #F3EBDD, faded rust #A55235, blueprint gray-blue #5F747D; lower 15% visually quiet for subtitles; no black caption box; no neon; no fake archive styling; no invented coordinates; no exact unseen breach geometry; no synthetic exact pipeline-route geography unless source-traced. Scene: Lake Peigneur–Delcambre Canal–Vermilion Bay relationship before reversal; directional flow shown as normal pre-event context, not exact hydrology. Literal geometry may be used only where the named source documents it; otherwise use dashed, conceptual, estimated, or schematic geometry. ALL REQUIRED LABELS MUST BE GENERATED DIRECTLY IN THE IMAGE. Render EXACTLY the following text and no other readable text: [LAKE PEIGNEUR | DELCAMBRE CANAL | VERMILION BAY | NORMAL FLOW — PRE-EVENT]. No blank callout boxes, no placeholder legends. Keep labels large, sparse, and mobile-readable.","R4_READY_FOR_HARD_QC"
"LP-MAP-003","MAP","LP-B006","0","LP-S01;LP-S04","SOURCE_GEOMETRY_ONLY_WHERE_DOCUMENTED: literal geometry only from the named source; otherwise label the visual conceptual/estimated | GENERATED_SPATIAL_EXPLAINER: not a survey; do not invent exact coordinates, shoreline, mine plan, shaft route, or breach path","","RENDER_EXACT_TEXT","LAKE PEIGNEUR | JEFFERSON ISLAND | SURFACE | UNDERGROUND MINE","","It is about two industrial systems occupying the same geology — and what happened when the boundary between them disappeared.","16:9 1920x1080 Hidden Industrial America generated spatial explainer; charcoal #171A1C, iron #30363A, warm paper #E6DDC8, ivory #F3EBDD, faded rust #A55235, blueprint gray-blue #5F747D; lower 15% visually quiet for subtitles; no black caption box; no neon; no fake archive styling; no invented coordinates; no exact unseen breach geometry; no synthetic exact pipeline-route geography unless source-traced. Scene: conceptual three-dimensional section showing two industrial systems occupying the same salt-dome setting while remaining visually separate; no intersection point. Literal geometry may be used only where the named source documents it; otherwise use dashed, conceptual, estimated, or schematic geometry. ALL REQUIRED LABELS MUST BE GENERATED DIRECTLY IN THE IMAGE. Render EXACTLY the following text and no other readable text: [LAKE PEIGNEUR | JEFFERSON ISLAND | SURFACE | UNDERGROUND MINE]. No blank callout boxes, no placeholder legends. Keep labels large, sparse, and mobile-readable.","R4_READY_FOR_HARD_QC"
"LP-MAP-004","MAP","LP-B007","1","LP-S03;LP-S07","SOURCE_GEOMETRY_ONLY_WHERE_DOCUMENTED: literal geometry only from the named source; otherwise label the visual conceptual/estimated | GENERATED_SPATIAL_EXPLAINER: not a survey; do not invent exact coordinates, shoreline, mine plan, shaft route, or breach path","","RENDER_EXACT_TEXT","PRE-EVENT SURFACE CONTEXT | LAKE PEIGNEUR | DRILLING PLATFORM — ESTIMATED AREA | JEFFERSON ISLAND","","Lake Peigneur looked simple from the surface. A shallow Louisiana lake. Trees and gardens around Jefferson Island. A drilling platform floating on the water.","16:9 1920x1080 Hidden Industrial America generated spatial explainer; charcoal #171A1C, iron #30363A, warm paper #E6DDC8, ivory #F3EBDD, faded rust #A55235, blueprint gray-blue #5F747D; lower 15% visually quiet for subtitles; no black caption box; no neon; no fake archive styling; no invented coordinates; no exact unseen breach geometry; no synthetic exact pipeline-route geography unless source-traced. Scene: regional orientation of Lake Peigneur and Jefferson Island within coastal Louisiana; simplified geography grounded in USGS/OSM. Literal geometry may be used only where the named source documents it; otherwise use dashed, conceptual, estimated, or schematic geometry. ALL REQUIRED LABELS MUST BE GENERATED DIRECTLY IN THE IMAGE. Render EXACTLY the following text and no other readable text: [PRE-EVENT SURFACE CONTEXT | LAKE PEIGNEUR | DRILLING PLATFORM — ESTIMATED AREA | JEFFERSON ISLAND]. No blank callout boxes, no placeholder legends. Keep labels large, sparse, and mobile-readable.","R4_READY_FOR_HARD_QC"
"LP-MAP-005","MAP","LP-B013","1","LP-S04;LP-S05","SOURCE_GEOMETRY_ONLY_WHERE_DOCUMENTED: literal geometry only from the named source; otherwise label the visual conceptual/estimated | GENERATED_SPATIAL_EXPLAINER: not a survey; do not invent exact coordinates, shoreline, mine plan, shaft route, or breach path","","RENDER_EXACT_TEXT","LAKE | SALT DOME | MINE WORKINGS | CONCEPTUAL — NOT TO SCALE","","At the same time, the same salt structure made the area interesting to the petroleum industry. Oil can accumulate around salt structures. Texaco held an oil lease beneath Lake Peigneur.","16:9 1920x1080 Hidden Industrial America generated spatial explainer; charcoal #171A1C, iron #30363A, warm paper #E6DDC8, ivory #F3EBDD, faded rust #A55235, blueprint gray-blue #5F747D; lower 15% visually quiet for subtitles; no black caption box; no neon; no fake archive styling; no invented coordinates; no exact unseen breach geometry; no synthetic exact pipeline-route geography unless source-traced. Scene: salt-dome / petroleum-interest spatial context: oil-bearing structures around a salt-dome setting with Lake Peigneur above; conceptual geology, not a lease-boundary survey. Literal geometry may be used only where the named source documents it; otherwise use dashed, conceptual, estimated, or schematic geometry. ALL REQUIRED LABELS MUST BE GENERATED DIRECTLY IN THE IMAGE. Render EXACTLY the following text and no other readable text: [LAKE | SALT DOME | MINE WORKINGS | CONCEPTUAL — NOT TO SCALE]. No blank callout boxes, no placeholder legends. Keep labels large, sparse, and mobile-readable.","R4_READY_FOR_HARD_QC"
"LP-MAP-006","MAP","LP-B015","1","LP-S01;LP-S19","SOURCE_GEOMETRY_ONLY_WHERE_DOCUMENTED: literal geometry only from the named source; otherwise label the visual conceptual/estimated | GENERATED_SPATIAL_EXPLAINER: not a survey; do not invent exact coordinates, shoreline, mine plan, shaft route, or breach path","","RENDER_EXACT_TEXT","LAKE | DRILL PATH | MINE WORKINGS | UNCERTAINTY GAP | NO CONFIRMED CONTACT POINT","","Each could work safely only if the geometry separating them remained understood. And there was one physical rule that made that separation critical. Fresh water dissolves salt.","16:9 1920x1080 Hidden Industrial America generated spatial explainer; charcoal #171A1C, iron #30363A, warm paper #E6DDC8, ivory #F3EBDD, faded rust #A55235, blueprint gray-blue #5F747D; lower 15% visually quiet for subtitles; no black caption box; no neon; no fake archive styling; no invented coordinates; no exact unseen breach geometry; no synthetic exact pipeline-route geography unless source-traced. Scene: conceptual vertical relationship of lake, drilling path and mine workings with a clear uncertainty gap; no confirmed contact point. Literal geometry may be used only where the named source documents it; otherwise use dashed, conceptual, estimated, or schematic geometry. ALL REQUIRED LABELS MUST BE GENERATED DIRECTLY IN THE IMAGE. Render EXACTLY the following text and no other readable text: [LAKE | DRILL PATH | MINE WORKINGS | UNCERTAINTY GAP | NO CONFIRMED CONTACT POINT]. No blank callout boxes, no placeholder legends. Keep labels large, sparse, and mobile-readable.","R4_READY_FOR_HARD_QC"
"LP-MAP-007","MAP","LP-B016","2","LP-S01;LP-S19","SOURCE_GEOMETRY_ONLY_WHERE_DOCUMENTED: literal geometry only from the named source; otherwise label the visual conceptual/estimated | GENERATED_SPATIAL_EXPLAINER: not a survey; do not invent exact coordinates, shoreline, mine plan, shaft route, or breach path","","RENDER_EXACT_TEXT","ROOM-AND-PILLAR CONCEPT | ROOMS | SALT PILLARS | CONCEPTUAL LAYOUT","","That morning, the drill assembly would not come free. Later reconstructions placed it at roughly twelve hundred and twenty-eight feet — close enough to the mine's thirteen-hundred-foot level to become central to the investigation.","16:9 1920x1080 Hidden Industrial America generated spatial explainer; charcoal #171A1C, iron #30363A, warm paper #E6DDC8, ivory #F3EBDD, faded rust #A55235, blueprint gray-blue #5F747D; lower 15% visually quiet for subtitles; no black caption box; no neon; no fake archive styling; no invented coordinates; no exact unseen breach geometry; no synthetic exact pipeline-route geography unless source-traced. Scene: depth-comparison diagram: ≈1,228-ft stuck-drill depth versus 1,300-ft mine level; vertical scale conceptual, labels exact only as qualified facts. Literal geometry may be used only where the named source documents it; otherwise use dashed, conceptual, estimated, or schematic geometry. ALL REQUIRED LABELS MUST BE GENERATED DIRECTLY IN THE IMAGE. Render EXACTLY the following text and no other readable text: [ROOM-AND-PILLAR CONCEPT | ROOMS | SALT PILLARS | CONCEPTUAL LAYOUT]. No blank callout boxes, no placeholder legends. Keep labels large, sparse, and mobile-readable.","R4_READY_FOR_HARD_QC"
"LP-MAP-008","MAP","LP-B020","2","LP-S01;LP-S19","SOURCE_GEOMETRY_ONLY_WHERE_DOCUMENTED: literal geometry only from the named source; otherwise label the visual conceptual/estimated | GENERATED_SPATIAL_EXPLAINER: not a survey; do not invent exact coordinates, shoreline, mine plan, shaft route, or breach path","","RENDER_EXACT_TEXT","MINE ACCESS CONCEPT | WORKINGS | EGRESS | NOT A SURVEY","","What exactly connected the drilling operation to the mine would become the great argument after the disaster. The connection itself was now the emergency.","16:9 1920x1080 Hidden Industrial America generated spatial explainer; charcoal #171A1C, iron #30363A, warm paper #E6DDC8, ivory #F3EBDD, faded rust #A55235, blueprint gray-blue #5F747D; lower 15% visually quiet for subtitles; no black caption box; no neon; no fake archive styling; no invented coordinates; no exact unseen breach geometry; no synthetic exact pipeline-route geography unless source-traced. Scene: uncertainty-zone spatial diagram showing that the hydraulic connection existed while the exact initiating geometry remained unknown; use dashed/faded possible zone, not a single route. Literal geometry may be used only where the named source documents it; otherwise use dashed, conceptual, estimated, or schematic geometry. ALL REQUIRED LABELS MUST BE GENERATED DIRECTLY IN THE IMAGE. Render EXACTLY the following text and no other readable text: [MINE ACCESS CONCEPT | WORKINGS | EGRESS | NOT A SURVEY]. No blank callout boxes, no placeholder legends. Keep labels large, sparse, and mobile-readable.","R4_READY_FOR_HARD_QC"
"LP-MAP-009","MAP","LP-B021","3","LP-S01;LP-S02","GENERATED_SPATIAL_EXPLAINER: not a survey; do not invent exact coordinates, shoreline, mine plan, shaft route, or breach path","","RENDER_EXACT_TEXT","DRILLING PLATFORM | ESTIMATED DRILL PATH | MINE FIELD — CONCEPTUAL | ESTIMATED RELATIONSHIP","","The Mine Safety and Health Administration later recorded fifty-two people underground. They were not standing together beside an exit.","16:9 1920x1080 Hidden Industrial America generated spatial explainer; charcoal #171A1C, iron #30363A, warm paper #E6DDC8, ivory #F3EBDD, faded rust #A55235, blueprint gray-blue #5F747D; lower 15% visually quiet for subtitles; no black caption box; no neon; no fake archive styling; no invented coordinates; no exact unseen breach geometry; no synthetic exact pipeline-route geography unless source-traced. Scene: distributed-workforce concept map across multiple underground work areas feeding toward a generic egress direction; no exact evacuation route. Literal geometry may be used only where the named source documents it; otherwise use dashed, conceptual, estimated, or schematic geometry. ALL REQUIRED LABELS MUST BE GENERATED DIRECTLY IN THE IMAGE. Render EXACTLY the following text and no other readable text: [DRILLING PLATFORM | ESTIMATED DRILL PATH | MINE FIELD — CONCEPTUAL | ESTIMATED RELATIONSHIP]. No blank callout boxes, no placeholder legends. Keep labels large, sparse, and mobile-readable.","R4_READY_FOR_HARD_QC"
"LP-MAP-010","MAP","LP-B022","3","LP-S01","GENERATED_SPATIAL_EXPLAINER: not a survey; do not invent exact coordinates, shoreline, mine plan, shaft route, or breach path","","RENDER_EXACT_TEXT","MINE LEVELS | 800 FT | 1,000 FT | 1,300 FT | 1,500 FT | CONCEPTUAL","","They were working inside a mine spread through multiple levels and workings. Now water was entering that system.","16:9 1920x1080 Hidden Industrial America generated spatial explainer; charcoal #171A1C, iron #30363A, warm paper #E6DDC8, ivory #F3EBDD, faded rust #A55235, blueprint gray-blue #5F747D; lower 15% visually quiet for subtitles; no black caption box; no neon; no fake archive styling; no invented coordinates; no exact unseen breach geometry; no synthetic exact pipeline-route geography unless source-traced. Scene: multi-level mine occupancy concept: several working levels and separated crews, with no invented shaft/portal coordinates. Literal geometry may be used only where the named source documents it; otherwise use dashed, conceptual, estimated, or schematic geometry. ALL REQUIRED LABELS MUST BE GENERATED DIRECTLY IN THE IMAGE. Render EXACTLY the following text and no other readable text: [MINE LEVELS | 800 FT | 1,000 FT | 1,300 FT | 1,500 FT | CONCEPTUAL]. No blank callout boxes, no placeholder legends. Keep labels large, sparse, and mobile-readable.","R4_READY_FOR_HARD_QC"
"LP-MAP-011","MAP","LP-B036","4","LP-S01;LP-S09","GENERATED_SPATIAL_EXPLAINER: not a survey; do not invent exact coordinates, shoreline, mine plan, shaft route, or breach path","","RENDER_EXACT_TEXT","POSSIBLE INGRESS ZONE | HYDRAULIC CONNECTION | EXACT PATH UNKNOWN","","Every change in shape gave the moving water a new path. What had begun as a drilling emergency was now reshaping Jefferson Island.","16:9 1920x1080 Hidden Industrial America generated spatial explainer; charcoal #171A1C, iron #30363A, warm paper #E6DDC8, ivory #F3EBDD, faded rust #A55235, blueprint gray-blue #5F747D; lower 15% visually quiet for subtitles; no black caption box; no neon; no fake archive styling; no invented coordinates; no exact unseen breach geometry; no synthetic exact pipeline-route geography unless source-traced. Scene: conceptual shoreline-change explainer showing land loss reshaping basin geometry; no literal traced post-event shoreline unless sourced, label as conceptual. Literal geometry may be used only where the named source documents it; otherwise use dashed, conceptual, estimated, or schematic geometry. ALL REQUIRED LABELS MUST BE GENERATED DIRECTLY IN THE IMAGE. Render EXACTLY the following text and no other readable text: [POSSIBLE INGRESS ZONE | HYDRAULIC CONNECTION | EXACT PATH UNKNOWN]. No blank callout boxes, no placeholder legends. Keep labels large, sparse, and mobile-readable.","R4_READY_FOR_HARD_QC"
"LP-MAP-012","MAP","LP-B045","6","LP-S01;LP-S04","SOURCE_GEOMETRY_ONLY_WHERE_DOCUMENTED: literal geometry only from the named source; otherwise label the visual conceptual/estimated | GENERATED_SPATIAL_EXPLAINER: not a survey; do not invent exact coordinates, shoreline, mine plan, shaft route, or breach path","","RENDER_EXACT_TEXT","DISTRIBUTED WORK AREAS | EGRESS DIRECTION | CONCEPTUAL — NOT EXACT ROUTES","","The famous whirlpool was only the surface expression. Below it, water was entering an industrial void built across multiple levels.","16:9 1920x1080 Hidden Industrial America generated spatial explainer; charcoal #171A1C, iron #30363A, warm paper #E6DDC8, ivory #F3EBDD, faded rust #A55235, blueprint gray-blue #5F747D; lower 15% visually quiet for subtitles; no black caption box; no neon; no fake archive styling; no invented coordinates; no exact unseen breach geometry; no synthetic exact pipeline-route geography unless source-traced. Scene: surface whirlpool above multi-level industrial void: conceptual vertical section with no exact underground breach geometry. Literal geometry may be used only where the named source documents it; otherwise use dashed, conceptual, estimated, or schematic geometry. ALL REQUIRED LABELS MUST BE GENERATED DIRECTLY IN THE IMAGE. Render EXACTLY the following text and no other readable text: [DISTRIBUTED WORK AREAS | EGRESS DIRECTION | CONCEPTUAL — NOT EXACT ROUTES]. No blank callout boxes, no placeholder legends. Keep labels large, sparse, and mobile-readable.","R4_READY_FOR_HARD_QC"
"LP-MAP-013","MAP","LP-B048","6","LP-S01;LP-S04;LP-S06;LP-S07","SOURCE_GEOMETRY_ONLY_WHERE_DOCUMENTED: literal geometry only from the named source; otherwise label the visual conceptual/estimated | GENERATED_SPATIAL_EXPLAINER: not a survey; do not invent exact coordinates, shoreline, mine plan, shaft route, or breach path","","RENDER_EXACT_TEXT","LAKE SURFACE | DEVELOPING FAILURE ZONE | DIRECTION OF FLOW | CONCEPTUAL","","The relationship between water, mine, rock and air was being rewritten in real time. And as the lake level dropped, the consequences reached beyond Jefferson Island.","16:9 1920x1080 Hidden Industrial America generated spatial explainer; charcoal #171A1C, iron #30363A, warm paper #E6DDC8, ivory #F3EBDD, faded rust #A55235, blueprint gray-blue #5F747D; lower 15% visually quiet for subtitles; no black caption box; no neon; no fake archive styling; no invented coordinates; no exact unseen breach geometry; no synthetic exact pipeline-route geography unless source-traced. Scene: water–mine–rock system relationship extending toward the canal; conceptual system map, not quantitative hydraulics. Literal geometry may be used only where the named source documents it; otherwise use dashed, conceptual, estimated, or schematic geometry. ALL REQUIRED LABELS MUST BE GENERATED DIRECTLY IN THE IMAGE. Render EXACTLY the following text and no other readable text: [LAKE SURFACE | DEVELOPING FAILURE ZONE | DIRECTION OF FLOW | CONCEPTUAL]. No blank callout boxes, no placeholder legends. Keep labels large, sparse, and mobile-readable.","R4_READY_FOR_HARD_QC"
"LP-MAP-014","MAP","LP-B050","7","LP-S06;LP-S07;LP-S10","FACTUAL_REFERENCE_ONLY: do not attach, copy, or imitate copyrighted webpage/photo/design; use facts only | SOURCE_GEOMETRY_ONLY_WHERE_DOCUMENTED: literal geometry only from the named source; otherwise label the visual conceptual/estimated | GENERATED_SPATIAL_EXPLAINER: not a survey; do not invent exact coordinates, shoreline, mine plan, shaft route, or breach path","","RENDER_EXACT_TEXT","LAND LOSS | ≈68 ACRES | CONCEPTUAL SHORELINE CHANGE","","Lake Peigneur connected southward through the Delcambre Canal toward Vermilion Bay. Under normal conditions, that connection carried water away from the lake.","16:9 1920x1080 Hidden Industrial America generated spatial explainer; charcoal #171A1C, iron #30363A, warm paper #E6DDC8, ivory #F3EBDD, faded rust #A55235, blueprint gray-blue #5F747D; lower 15% visually quiet for subtitles; no black caption box; no neon; no fake archive styling; no invented coordinates; no exact unseen breach geometry; no synthetic exact pipeline-route geography unless source-traced. Scene: Lake Peigneur southward connection through Delcambre Canal toward Vermilion Bay; geography grounded in USACE/OSM, normal direction shown simply. Literal geometry may be used only where the named source documents it; otherwise use dashed, conceptual, estimated, or schematic geometry. ALL REQUIRED LABELS MUST BE GENERATED DIRECTLY IN THE IMAGE. Render EXACTLY the following text and no other readable text: [LAND LOSS | ≈68 ACRES | CONCEPTUAL SHORELINE CHANGE]. No blank callout boxes, no placeholder legends. Keep labels large, sparse, and mobile-readable.","R4_READY_FOR_HARD_QC"
"LP-MAP-015","MAP","LP-B053","7","LP-S06;LP-S07;LP-S10","FACTUAL_REFERENCE_ONLY: do not attach, copy, or imitate copyrighted webpage/photo/design; use facts only | SOURCE_GEOMETRY_ONLY_WHERE_DOCUMENTED: literal geometry only from the named source; otherwise label the visual conceptual/estimated | GENERATED_SPATIAL_EXPLAINER: not a survey; do not invent exact coordinates, shoreline, mine plan, shaft route, or breach path","","RENDER_EXACT_TEXT","LAKE PEIGNEUR | DELCAMBRE CANAL | FLOW TOWARD LOWERED BASIN","","For a place as flat as coastal Louisiana, the image is almost absurd. A canal flowing the wrong way. Salt water moving inland.","16:9 1920x1080 Hidden Industrial America generated spatial explainer; charcoal #171A1C, iron #30363A, warm paper #E6DDC8, ivory #F3EBDD, faded rust #A55235, blueprint gray-blue #5F747D; lower 15% visually quiet for subtitles; no black caption box; no neon; no fake archive styling; no invented coordinates; no exact unseen breach geometry; no synthetic exact pipeline-route geography unless source-traced. Scene: reversed canal-flow spatial explainer with arrows toward the lowered lake; directional concept only, no fabricated exact velocities or elevations. Literal geometry may be used only where the named source documents it; otherwise use dashed, conceptual, estimated, or schematic geometry. ALL REQUIRED LABELS MUST BE GENERATED DIRECTLY IN THE IMAGE. Render EXACTLY the following text and no other readable text: [LAKE PEIGNEUR | DELCAMBRE CANAL | FLOW TOWARD LOWERED BASIN]. No blank callout boxes, no placeholder legends. Keep labels large, sparse, and mobile-readable.","R4_READY_FOR_HARD_QC"
"LP-MAP-016","MAP","LP-B054","7","LP-S01;LP-S10","FACTUAL_REFERENCE_ONLY: do not attach, copy, or imitate copyrighted webpage/photo/design; use facts only | GENERATED_SPATIAL_EXPLAINER: not a survey; do not invent exact coordinates, shoreline, mine plan, shaft route, or breach path","","RENDER_EXACT_TEXT","REVERSED FLOW | LOWERED BASIN | ≈150 FT — REPORTED ESTIMATE | CONCEPTUAL CROSS-SECTION","","A temporary waterfall appearing where there had been no cliff. But the water was still obeying gravity. The landscape had changed underneath it. The canal had not moved on the map.","16:9 1920x1080 Hidden Industrial America generated spatial explainer; charcoal #171A1C, iron #30363A, warm paper #E6DDC8, ivory #F3EBDD, faded rust #A55235, blueprint gray-blue #5F747D; lower 15% visually quiet for subtitles; no black caption box; no neon; no fake archive styling; no invented coordinates; no exact unseen breach geometry; no synthetic exact pipeline-route geography unless source-traced. Scene: elevation-reversal cross-section explaining why water could fall toward the lowered basin while the canal stayed in place; approximate 'roughly 150 ft' only if shown. Literal geometry may be used only where the named source documents it; otherwise use dashed, conceptual, estimated, or schematic geometry. ALL REQUIRED LABELS MUST BE GENERATED DIRECTLY IN THE IMAGE. Render EXACTLY the following text and no other readable text: [REVERSED FLOW | LOWERED BASIN | ≈150 FT — REPORTED ESTIMATE | CONCEPTUAL CROSS-SECTION]. No blank callout boxes, no placeholder legends. Keep labels large, sparse, and mobile-readable. The approximate symbol ≈ and the words REPORTED ESTIMATE are mandatory; never render 150 FT as an exact surveyed dimension.","R4_READY_FOR_HARD_QC"
"LP-MAP-017","MAP","LP-B062","9","LP-S01;LP-S19","SOURCE_GEOMETRY_ONLY_WHERE_DOCUMENTED: literal geometry only from the named source; otherwise label the visual conceptual/estimated | GENERATED_SPATIAL_EXPLAINER: not a survey; do not invent exact coordinates, shoreline, mine plan, shaft route, or breach path","","RENDER_EXACT_TEXT","FLOATING MATERIAL | INWARD MOVEMENT | QUALITATIVE PATHS ONLY","","A widely repeated story says a coordinate or surveying error sent the well into the mine. The official federal investigation did not close the case that neatly.","16:9 1920x1080 Hidden Industrial America generated spatial explainer; charcoal #171A1C, iron #30363A, warm paper #E6DDC8, ivory #F3EBDD, faded rust #A55235, blueprint gray-blue #5F747D; lower 15% visually quiet for subtitles; no black caption box; no neon; no fake archive styling; no invented coordinates; no exact unseen breach geometry; no synthetic exact pipeline-route geography unless source-traced. Scene: myth-versus-evidence spatial comparison: simplified 'single coordinate error' iconography on one side, federal estimated-location uncertainty on the other; no claim that the myth is proven. Literal geometry may be used only where the named source documents it; otherwise use dashed, conceptual, estimated, or schematic geometry. ALL REQUIRED LABELS MUST BE GENERATED DIRECTLY IN THE IMAGE. Render EXACTLY the following text and no other readable text: [FLOATING MATERIAL | INWARD MOVEMENT | QUALITATIVE PATHS ONLY]. No blank callout boxes, no placeholder legends. Keep labels large, sparse, and mobile-readable.","R4_READY_FOR_HARD_QC"
"LP-MAP-018","MAP","LP-B064","9","LP-S19","SOURCE_GEOMETRY_ONLY_WHERE_DOCUMENTED: literal geometry only from the named source; otherwise label the visual conceptual/estimated | GENERATED_SPATIAL_EXPLAINER: not a survey; do not invent exact coordinates, shoreline, mine plan, shaft route, or breach path","","RENDER_EXACT_TEXT","BEFORE | AFTER | SHORELINE CHANGE — CONCEPTUAL | NOT A SURVEY","","Critical physical information was underwater, displaced or gone. Federal mine-safety investigators reconstructed an estimated drill-hole location near the mine's thirteen-hundred-foot level.","16:9 1920x1080 Hidden Industrial America generated spatial explainer; charcoal #171A1C, iron #30363A, warm paper #E6DDC8, ivory #F3EBDD, faded rust #A55235, blueprint gray-blue #5F747D; lower 15% visually quiet for subtitles; no black caption box; no neon; no fake archive styling; no invented coordinates; no exact unseen breach geometry; no synthetic exact pipeline-route geography unless source-traced. Scene: estimated drill-hole location near the 1,300-ft mine level using Appendix T logic; clearly mark ESTIMATED and do not show the lake as 1,300 ft deep. Literal geometry may be used only where the named source documents it; otherwise use dashed, conceptual, estimated, or schematic geometry. ALL REQUIRED LABELS MUST BE GENERATED DIRECTLY IN THE IMAGE. Render EXACTLY the following text and no other readable text: [BEFORE | AFTER | SHORELINE CHANGE — CONCEPTUAL | NOT A SURVEY]. No blank callout boxes, no placeholder legends. Keep labels large, sparse, and mobile-readable.","R4_READY_FOR_HARD_QC"
"LP-MAP-019","MAP","LP-B065","9","LP-S01;LP-S19","SOURCE_GEOMETRY_ONLY_WHERE_DOCUMENTED: literal geometry only from the named source; otherwise label the visual conceptual/estimated | GENERATED_SPATIAL_EXPLAINER: not a survey; do not invent exact coordinates, shoreline, mine plan, shaft route, or breach path","","RENDER_EXACT_TEXT","POST-EVENT BASIN | ALTERED SHORELINE — CONCEPTUAL | NOT A SURVEY","","Diamond Crystal argued that the drilling operation had penetrated the roof of an excavated mine room. Other experts disputed that reconstruction.","16:9 1920x1080 Hidden Industrial America generated spatial explainer; charcoal #171A1C, iron #30363A, warm paper #E6DDC8, ivory #F3EBDD, faded rust #A55235, blueprint gray-blue #5F747D; lower 15% visually quiet for subtitles; no black caption box; no neon; no fake archive styling; no invented coordinates; no exact unseen breach geometry; no synthetic exact pipeline-route geography unless source-traced. Scene: two competing penetration models shown as hypotheses A/B with dotted uncertainty zones; neither model presented as established fact. Literal geometry may be used only where the named source documents it; otherwise use dashed, conceptual, estimated, or schematic geometry. ALL REQUIRED LABELS MUST BE GENERATED DIRECTLY IN THE IMAGE. Render EXACTLY the following text and no other readable text: [POST-EVENT BASIN | ALTERED SHORELINE — CONCEPTUAL | NOT A SURVEY]. No blank callout boxes, no placeholder legends. Keep labels large, sparse, and mobile-readable.","R4_READY_FOR_HARD_QC"
"LP-MAP-020","MAP","LP-B066","9","LP-S01;LP-S19;LP-S14","FACTUAL_REFERENCE_ONLY: do not attach, copy, or imitate copyrighted webpage/photo/design; use facts only | SOURCE_GEOMETRY_ONLY_WHERE_DOCUMENTED: literal geometry only from the named source; otherwise label the visual conceptual/estimated | GENERATED_SPATIAL_EXPLAINER: not a survey; do not invent exact coordinates, shoreline, mine plan, shaft route, or breach path","","RENDER_EXACT_TEXT","JEFFERSON ISLAND | LAKE PEIGNEUR | SURFACE LANDMARKS | POST-EVENT CONTEXT","","More than two years later, during the settlement process, experts were still disagreeing over whether the well had entered the mined room in the way Diamond Crystal alleged. That distinction matters.","16:9 1920x1080 Hidden Industrial America generated spatial explainer; charcoal #171A1C, iron #30363A, warm paper #E6DDC8, ivory #F3EBDD, faded rust #A55235, blueprint gray-blue #5F747D; lower 15% visually quiet for subtitles; no black caption box; no neon; no fake archive styling; no invented coordinates; no exact unseen breach geometry; no synthetic exact pipeline-route geography unless source-traced. Scene: expert-disagreement comparison of two possible underground relationships; conceptual models only, no confirmed intersection. Literal geometry may be used only where the named source documents it; otherwise use dashed, conceptual, estimated, or schematic geometry. ALL REQUIRED LABELS MUST BE GENERATED DIRECTLY IN THE IMAGE. Render EXACTLY the following text and no other readable text: [JEFFERSON ISLAND | LAKE PEIGNEUR | SURFACE LANDMARKS | POST-EVENT CONTEXT]. No blank callout boxes, no placeholder legends. Keep labels large, sparse, and mobile-readable.","R4_READY_FOR_HARD_QC"
"LP-MAP-021","MAP","LP-B068","9","LP-S01;LP-S19","SOURCE_GEOMETRY_ONLY_WHERE_DOCUMENTED: literal geometry only from the named source; otherwise label the visual conceptual/estimated | GENERATED_SPATIAL_EXPLAINER: not a survey; do not invent exact coordinates, shoreline, mine plan, shaft route, or breach path","","RENDER_EXACT_TEXT","LOCAL INDUSTRIAL LANDSCAPE | SALT MINE | EMPLOYMENT | CONCEPTUAL ECONOMIC CONTEXT","","But the disaster had made the decisive physical scene inaccessible. So two statements can both be true. The drilling operation and mine became hydraulically connected.","16:9 1920x1080 Hidden Industrial America generated spatial explainer; charcoal #171A1C, iron #30363A, warm paper #E6DDC8, ivory #F3EBDD, faded rust #A55235, blueprint gray-blue #5F747D; lower 15% visually quiet for subtitles; no black caption box; no neon; no fake archive styling; no invented coordinates; no exact unseen breach geometry; no synthetic exact pipeline-route geography unless source-traced. Scene: known-versus-unknown spatial explainer: known hydraulic connection, unknown exact initiating geometry; no single definitive breach path. Literal geometry may be used only where the named source documents it; otherwise use dashed, conceptual, estimated, or schematic geometry. ALL REQUIRED LABELS MUST BE GENERATED DIRECTLY IN THE IMAGE. Render EXACTLY the following text and no other readable text: [LOCAL INDUSTRIAL LANDSCAPE | SALT MINE | EMPLOYMENT | CONCEPTUAL ECONOMIC CONTEXT]. No blank callout boxes, no placeholder legends. Keep labels large, sparse, and mobile-readable.","R4_READY_FOR_HARD_QC"
"LP-MAP-022","MAP","LP-B079","11","LP-S03;LP-S16","FACTUAL_REFERENCE_ONLY: do not attach, copy, or imitate copyrighted webpage/photo/design; use facts only | SOURCE_GEOMETRY_ONLY_WHERE_DOCUMENTED: literal geometry only from the named source; otherwise label the visual conceptual/estimated | GENERATED_SPATIAL_EXPLAINER: not a survey; do not invent exact coordinates, shoreline, mine plan, shaft route, or breach path | CURRENT_FACT_AS_OF_2026-09-27: ONEOK official current-context source; do not present as a 1980 fact","","RENDER_EXACT_TEXT","JEFFERSON ISLAND | SALT GEOLOGY | MODERN GAS STORAGE | CURRENT CONTEXT","","That does not mean today's storage system is the old mine. It means the same geological feature that created one industrial economy continued to support another.","16:9 1920x1080 Hidden Industrial America generated spatial explainer; charcoal #171A1C, iron #30363A, warm paper #E6DDC8, ivory #F3EBDD, faded rust #A55235, blueprint gray-blue #5F747D; lower 15% visually quiet for subtitles; no black caption box; no neon; no fake archive styling; no invented coordinates; no exact unseen breach geometry; no synthetic exact pipeline-route geography unless source-traced. Scene: conceptual continuity map: same salt-dome geology supporting earlier salt mining and later gas-storage use; explicitly state these are different industrial systems. Literal geometry may be used only where the named source documents it; otherwise use dashed, conceptual, estimated, or schematic geometry. ALL REQUIRED LABELS MUST BE GENERATED DIRECTLY IN THE IMAGE. Render EXACTLY the following text and no other readable text: [JEFFERSON ISLAND | SALT GEOLOGY | MODERN GAS STORAGE | CURRENT CONTEXT]. No blank callout boxes, no placeholder legends. Keep labels large, sparse, and mobile-readable.","R4_READY_FOR_HARD_QC"
"LP-MAP-023","MAP","LP-B079","11","LP-S16","FACTUAL_REFERENCE_ONLY: do not attach, copy, or imitate copyrighted webpage/photo/design; use facts only | GENERATED_SPATIAL_EXPLAINER: not a survey; do not invent exact coordinates, shoreline, mine plan, shaft route, or breach path | CURRENT_FACT_AS_OF_2026-09-27: ONEOK official current-context source; do not present as a 1980 fact","","RENDER_EXACT_TEXT","JEFFERSON ISLAND STORAGE & HUB | 8 MAJOR PIPELINE CONNECTIONS | CURRENT CONTEXT | SCHEMATIC ONLY — NO ROUTE GEOGRAPHY","","That does not mean today's storage system is the old mine. It means the same geological feature that created one industrial economy continued to support another.","16:9 1920x1080 Hidden Industrial America generated spatial explainer; charcoal #171A1C, iron #30363A, warm paper #E6DDC8, ivory #F3EBDD, faded rust #A55235, blueprint gray-blue #5F747D; lower 15% visually quiet for subtitles; no black caption box; no neon; no fake archive styling; no invented coordinates; no exact unseen breach geometry; no synthetic exact pipeline-route geography unless source-traced. Scene: current Jefferson Island Storage & Hub pipeline-context map showing eight major pipeline connections as a present-day sourced fact; generic network geometry, not copied corporate map. Literal geometry may be used only where the named source documents it; otherwise use dashed, conceptual, estimated, or schematic geometry. ALL REQUIRED LABELS MUST BE GENERATED DIRECTLY IN THE IMAGE. Render EXACTLY the following text and no other readable text: [JEFFERSON ISLAND STORAGE & HUB | 8 MAJOR PIPELINE CONNECTIONS | CURRENT CONTEXT | SCHEMATIC ONLY — NO ROUTE GEOGRAPHY]. No blank callout boxes, no placeholder legends. Keep labels large, sparse, and mobile-readable. Show one central hub with eight abstract connection lines only; do not draw a U.S. map, state map, named routes, or geographically plausible pipeline paths.","R4_READY_FOR_HARD_QC"
"LP-MAP-024","MAP","LP-B082","12","LP-S01;LP-S19","SOURCE_GEOMETRY_ONLY_WHERE_DOCUMENTED: literal geometry only from the named source; otherwise label the visual conceptual/estimated | GENERATED_SPATIAL_EXPLAINER: not a survey; do not invent exact coordinates, shoreline, mine plan, shaft route, or breach path","","RENDER_EXACT_TEXT","SURFACE LANDSCAPE | HIDDEN INFRASTRUCTURE | CONCEPTUAL","","The dangerous map was the one underneath it. Mine levels cut through salt. A drilling path descending from above. Two industries occupying the same three-dimensional space.","16:9 1920x1080 Hidden Industrial America generated spatial explainer; charcoal #171A1C, iron #30363A, warm paper #E6DDC8, ivory #F3EBDD, faded rust #A55235, blueprint gray-blue #5F747D; lower 15% visually quiet for subtitles; no black caption box; no neon; no fake archive styling; no invented coordinates; no exact unseen breach geometry; no synthetic exact pipeline-route geography unless source-traced. Scene: final three-dimensional systems map: mine levels through salt below, drilling path descending from above, with uncertain separation/contact region. Literal geometry may be used only where the named source documents it; otherwise use dashed, conceptual, estimated, or schematic geometry. ALL REQUIRED LABELS MUST BE GENERATED DIRECTLY IN THE IMAGE. Render EXACTLY the following text and no other readable text: [SURFACE LANDSCAPE | HIDDEN INFRASTRUCTURE | CONCEPTUAL]. No blank callout boxes, no placeholder legends. Keep labels large, sparse, and mobile-readable.","R4_READY_FOR_HARD_QC"
"LP-MAP-025","MAP","LP-B086","12","LP-S01;LP-S03","SOURCE_GEOMETRY_ONLY_WHERE_DOCUMENTED: literal geometry only from the named source; otherwise label the visual conceptual/estimated | GENERATED_SPATIAL_EXPLAINER: not a survey; do not invent exact coordinates, shoreline, mine plan, shaft route, or breach path","","RENDER_EXACT_TEXT","LAKE | DRILLING | MINE | CANAL | MULTI-SYSTEM FAILURE | NO SINGLE-ARROW CAUSE","","The visible landscape was only one layer of the system. The decisive infrastructure was hidden. Lake Peigneur is remembered because a lake disappeared.","16:9 1920x1080 Hidden Industrial America generated spatial explainer; charcoal #171A1C, iron #30363A, warm paper #E6DDC8, ivory #F3EBDD, faded rust #A55235, blueprint gray-blue #5F747D; lower 15% visually quiet for subtitles; no black caption box; no neon; no fake archive styling; no invented coordinates; no exact unseen breach geometry; no synthetic exact pipeline-route geography unless source-traced. Scene: visible surface landscape versus hidden underground infrastructure map; conceptual layers, no invented exact geometry. Literal geometry may be used only where the named source documents it; otherwise use dashed, conceptual, estimated, or schematic geometry. ALL REQUIRED LABELS MUST BE GENERATED DIRECTLY IN THE IMAGE. Render EXACTLY the following text and no other readable text: [LAKE | DRILLING | MINE | CANAL | MULTI-SYSTEM FAILURE | NO SINGLE-ARROW CAUSE]. No blank callout boxes, no placeholder legends. Keep labels large, sparse, and mobile-readable.","R4_READY_FOR_HARD_QC"
"LP-MAP-026","MAP","LP-B087","12","LP-S01;LP-S03","SOURCE_GEOMETRY_ONLY_WHERE_DOCUMENTED: literal geometry only from the named source; otherwise label the visual conceptual/estimated | GENERATED_SPATIAL_EXPLAINER: not a survey; do not invent exact coordinates, shoreline, mine plan, shaft route, or breach path","","RENDER_EXACT_TEXT","LAKE PEIGNEUR | ALTERED LANDSCAPE | HIDDEN INDUSTRIAL GEOMETRY","","The deeper lesson is why. Infrastructure does not stop at the surface. And the systems we cannot see can be the systems that matter most.","16:9 1920x1080 Hidden Industrial America generated spatial explainer; charcoal #171A1C, iron #30363A, warm paper #E6DDC8, ivory #F3EBDD, faded rust #A55235, blueprint gray-blue #5F747D; lower 15% visually quiet for subtitles; no black caption box; no neon; no fake archive styling; no invented coordinates; no exact unseen breach geometry; no synthetic exact pipeline-route geography unless source-traced. Scene: closing spatial thesis: ordinary lake surface over hidden industrial systems, using a restrained cutaway silhouette rather than literal mine survey. Literal geometry may be used only where the named source documents it; otherwise use dashed, conceptual, estimated, or schematic geometry. ALL REQUIRED LABELS MUST BE GENERATED DIRECTLY IN THE IMAGE. Render EXACTLY the following text and no other readable text: [LAKE PEIGNEUR | ALTERED LANDSCAPE | HIDDEN INDUSTRIAL GEOMETRY]. No blank callout boxes, no placeholder legends. Keep labels large, sparse, and mobile-readable.","R4_READY_FOR_HARD_QC"
"LP-GFX-001","GFX","LP-B003","0","LP-S01;LP-S02;LP-S11","FACTUAL_REFERENCE_ONLY: do not attach, copy, or imitate copyrighted webpage/photo/design; use facts only | GENERATED_EDITORIAL_GRAPHIC: no unsupported mechanism, measurement, or causal verdict","","RENDER_EXACT_TEXT","7 | 52 | SURFACE | UNDERGROUND","52;7","Fifty-two people were below ground. Seven more were on the drilling platform above them. Within hours, the platform would be gone. Part of the shoreline would be gone.","16:9 1920x1080 Hidden Industrial America generated editorial infographic / technical illustration; charcoal #171A1C, iron #30363A, warm paper #E6DDC8, ivory #F3EBDD, faded rust #A55235, blueprint gray-blue #5F747D; lower 15% visually quiet for subtitles; no black caption box; no neon; no horror; no fake archival damage/date stamp/newspaper; no unsupported mechanism, measurement, or causal verdict; no synthetic exact pipeline-route geography unless source-traced. Scene: 52 underground / 7 surface split-level count, with underground and platform planes clearly separated. ALL REQUIRED TEXT AND NUMBERS MUST BE GENERATED DIRECTLY IN THE IMAGE. Render EXACTLY the following text and no other readable text: [7 | 52 | SURFACE | UNDERGROUND]. No blank panels, no placeholder labels. Use bold condensed sans-serif, large readable hierarchy, minimal short labels, and accurate symbols for ≈, <, ↔, and ≠ where listed.","R4_READY_FOR_HARD_QC"
"LP-GFX-002","GFX","LP-B006","0","LP-S01;LP-S04","SOURCE_GEOMETRY_ONLY_WHERE_DOCUMENTED: literal geometry only from the named source; otherwise label the visual conceptual/estimated | GENERATED_EDITORIAL_GRAPHIC: no unsupported mechanism, measurement, or causal verdict","","RENDER_EXACT_TEXT","SURFACE | HIDDEN INDUSTRIAL SYSTEM","","It is about two industrial systems occupying the same geology — and what happened when the boundary between them disappeared.","16:9 1920x1080 Hidden Industrial America generated editorial infographic / technical illustration; charcoal #171A1C, iron #30363A, warm paper #E6DDC8, ivory #F3EBDD, faded rust #A55235, blueprint gray-blue #5F747D; lower 15% visually quiet for subtitles; no black caption box; no neon; no horror; no fake archival damage/date stamp/newspaper; no unsupported mechanism, measurement, or causal verdict; no synthetic exact pipeline-route geography unless source-traced. Scene: two industrial systems occupying one geological setting; horizontal mining versus vertical drilling, with no contact point shown. ALL REQUIRED TEXT AND NUMBERS MUST BE GENERATED DIRECTLY IN THE IMAGE. Render EXACTLY the following text and no other readable text: [SURFACE | HIDDEN INDUSTRIAL SYSTEM]. No blank panels, no placeholder labels. Use bold condensed sans-serif, large readable hierarchy, minimal short labels, and accurate symbols for ≈, <, ↔, and ≠ where listed.","R4_READY_FOR_HARD_QC"
"LP-GFX-003","GFX","LP-B008","1","LP-S04;LP-S05","SOURCE_GEOMETRY_ONLY_WHERE_DOCUMENTED: literal geometry only from the named source; otherwise label the visual conceptual/estimated | GENERATED_EDITORIAL_GRAPHIC: no unsupported mechanism, measurement, or causal verdict","","RENDER_EXACT_TEXT","LAKE PEIGNEUR | HIDDEN INDUSTRIAL AMERICA","","But the landscape was three-dimensional. Jefferson Island rises above the coastal plain because of a salt dome — a mass of ancient salt pushed upward through younger sediments.","16:9 1920x1080 Hidden Industrial America generated editorial infographic / technical illustration; charcoal #171A1C, iron #30363A, warm paper #E6DDC8, ivory #F3EBDD, faded rust #A55235, blueprint gray-blue #5F747D; lower 15% visually quiet for subtitles; no black caption box; no neon; no horror; no fake archival damage/date stamp/newspaper; no unsupported mechanism, measurement, or causal verdict; no synthetic exact pipeline-route geography unless source-traced. Scene: salt dome rising through younger coastal sediments, conceptual geology grounded in federal/Louisiana sources. ALL REQUIRED TEXT AND NUMBERS MUST BE GENERATED DIRECTLY IN THE IMAGE. Render EXACTLY the following text and no other readable text: [LAKE PEIGNEUR | HIDDEN INDUSTRIAL AMERICA]. No blank panels, no placeholder labels. Use bold condensed sans-serif, large readable hierarchy, minimal short labels, and accurate symbols for ≈, <, ↔, and ≠ where listed.","R4_READY_FOR_HARD_QC"
"LP-GFX-004","GFX","LP-B009","1","LP-S01;LP-S04","SOURCE_GEOMETRY_ONLY_WHERE_DOCUMENTED: literal geometry only from the named source; otherwise label the visual conceptual/estimated | GENERATED_EDITORIAL_GRAPHIC: no unsupported mechanism, measurement, or causal verdict","","RENDER_EXACT_TEXT","DRILLING | LAKE | MINE | CONCEPTUAL RELATIONSHIP","","That hidden salt created industrial value long before the disaster. For decades, it had been mined.","16:9 1920x1080 Hidden Industrial America generated editorial infographic / technical illustration; charcoal #171A1C, iron #30363A, warm paper #E6DDC8, ivory #F3EBDD, faded rust #A55235, blueprint gray-blue #5F747D; lower 15% visually quiet for subtitles; no black caption box; no neon; no horror; no fake archival damage/date stamp/newspaper; no unsupported mechanism, measurement, or causal verdict; no synthetic exact pipeline-route geography unless source-traced. Scene: salt mining inside a salt-dome industrial setting; simple extraction concept, no exact mine plan. ALL REQUIRED TEXT AND NUMBERS MUST BE GENERATED DIRECTLY IN THE IMAGE. Render EXACTLY the following text and no other readable text: [DRILLING | LAKE | MINE | CONCEPTUAL RELATIONSHIP]. No blank panels, no placeholder labels. Use bold condensed sans-serif, large readable hierarchy, minimal short labels, and accurate symbols for ≈, <, ↔, and ≠ where listed.","R4_READY_FOR_HARD_QC"
"LP-GFX-005","GFX","LP-B011","1","LP-S01;LP-S04","SOURCE_GEOMETRY_ONLY_WHERE_DOCUMENTED: literal geometry only from the named source; otherwise label the visual conceptual/estimated | GENERATED_EDITORIAL_GRAPHIC: no unsupported mechanism, measurement, or causal verdict","","RENDER_EXACT_TEXT","LAKE | SALT DOME | INDUSTRIAL CONTEXT","","In a room-and-pillar mine, workers remove large volumes of material while deliberately leaving columns behind to support the roof. That means the underground is not one giant empty cave.","16:9 1920x1080 Hidden Industrial America generated editorial infographic / technical illustration; charcoal #171A1C, iron #30363A, warm paper #E6DDC8, ivory #F3EBDD, faded rust #A55235, blueprint gray-blue #5F747D; lower 15% visually quiet for subtitles; no black caption box; no neon; no horror; no fake archival damage/date stamp/newspaper; no unsupported mechanism, measurement, or causal verdict; no synthetic exact pipeline-route geography unless source-traced. Scene: room-and-pillar principle: excavated rooms separated by supporting salt pillars. ALL REQUIRED TEXT AND NUMBERS MUST BE GENERATED DIRECTLY IN THE IMAGE. Render EXACTLY the following text and no other readable text: [LAKE | SALT DOME | INDUSTRIAL CONTEXT]. No blank panels, no placeholder labels. Use bold condensed sans-serif, large readable hierarchy, minimal short labels, and accurate symbols for ≈, <, ↔, and ≠ where listed.","R4_READY_FOR_HARD_QC"
"LP-GFX-006","GFX","LP-B011","1","LP-S01;LP-S04","SOURCE_GEOMETRY_ONLY_WHERE_DOCUMENTED: literal geometry only from the named source; otherwise label the visual conceptual/estimated | GENERATED_EDITORIAL_GRAPHIC: no unsupported mechanism, measurement, or causal verdict","","RENDER_EXACT_TEXT","JEFFERSON ISLAND | LAKE PEIGNEUR | HIDDEN DEPTH","","In a room-and-pillar mine, workers remove large volumes of material while deliberately leaving columns behind to support the roof. That means the underground is not one giant empty cave.","16:9 1920x1080 Hidden Industrial America generated editorial infographic / technical illustration; charcoal #171A1C, iron #30363A, warm paper #E6DDC8, ivory #F3EBDD, faded rust #A55235, blueprint gray-blue #5F747D; lower 15% visually quiet for subtitles; no black caption box; no neon; no horror; no fake archival damage/date stamp/newspaper; no unsupported mechanism, measurement, or causal verdict; no synthetic exact pipeline-route geography unless source-traced. Scene: close technical view distinguishing open rooms from supporting pillars; clearly different crop/scale from the previous shot. ALL REQUIRED TEXT AND NUMBERS MUST BE GENERATED DIRECTLY IN THE IMAGE. Render EXACTLY the following text and no other readable text: [JEFFERSON ISLAND | LAKE PEIGNEUR | HIDDEN DEPTH]. No blank panels, no placeholder labels. Use bold condensed sans-serif, large readable hierarchy, minimal short labels, and accurate symbols for ≈, <, ↔, and ≠ where listed.","R4_READY_FOR_HARD_QC"
"LP-GFX-007","GFX","LP-B012","1","LP-S01","GENERATED_EDITORIAL_GRAPHIC: no unsupported mechanism, measurement, or causal verdict","","RENDER_EXACT_TEXT","DIAMOND CRYSTAL SALT MINE | UNDERGROUND INDUSTRIAL SCALE","800 ft;1,000 ft;1,300 ft;1,500 ft","It is a network of rooms, pillars, passages and working levels. Federal records describe workings around eight hundred, one thousand, thirteen hundred and fifteen hundred feet below the surface.","16:9 1920x1080 Hidden Industrial America generated editorial infographic / technical illustration; charcoal #171A1C, iron #30363A, warm paper #E6DDC8, ivory #F3EBDD, faded rust #A55235, blueprint gray-blue #5F747D; lower 15% visually quiet for subtitles; no black caption box; no neon; no horror; no fake archival damage/date stamp/newspaper; no unsupported mechanism, measurement, or causal verdict; no synthetic exact pipeline-route geography unless source-traced. Scene: vertical stack of major working levels; 800 ft, 1,000 ft, 1,300 ft, 1,500 ft, explicitly labeled MINE LEVELS. ALL REQUIRED TEXT AND NUMBERS MUST BE GENERATED DIRECTLY IN THE IMAGE. Render EXACTLY the following text and no other readable text: [DIAMOND CRYSTAL SALT MINE | UNDERGROUND INDUSTRIAL SCALE]. No blank panels, no placeholder labels. Use bold condensed sans-serif, large readable hierarchy, minimal short labels, and accurate symbols for ≈, <, ↔, and ≠ where listed.","R4_READY_FOR_HARD_QC"
"LP-GFX-008","GFX","LP-B041","5","LP-S01;LP-S04","SOURCE_GEOMETRY_ONLY_WHERE_DOCUMENTED: literal geometry only from the named source; otherwise label the visual conceptual/estimated | GENERATED_EDITORIAL_GRAPHIC: no unsupported mechanism, measurement, or causal verdict","","RENDER_EXACT_TEXT","ROOM-AND-PILLAR MINING | ROOMS | SALT PILLARS","","That is why the phrase ""one small hole drained the lake"" misses the engineering story. Whatever the initiating pathway looked like, it did not have to stay that size.","16:9 1920x1080 Hidden Industrial America generated editorial infographic / technical illustration; charcoal #171A1C, iron #30363A, warm paper #E6DDC8, ivory #F3EBDD, faded rust #A55235, blueprint gray-blue #5F747D; lower 15% visually quiet for subtitles; no black caption box; no neon; no horror; no fake archival damage/date stamp/newspaper; no unsupported mechanism, measurement, or causal verdict; no synthetic exact pipeline-route geography unless source-traced. Scene: a second, visually distinct uncertainty-preserving diagram showing that an initiating opening through salt does not have to remain small; use a side-profile material section rather than the earlier feedback-loop grammar. ALL REQUIRED TEXT AND NUMBERS MUST BE GENERATED DIRECTLY IN THE IMAGE. Render EXACTLY the following text and no other readable text: [ROOM-AND-PILLAR MINING | ROOMS | SALT PILLARS]. No blank panels, no placeholder labels. Use bold condensed sans-serif, large readable hierarchy, minimal short labels, and accurate symbols for ≈, <, ↔, and ≠ where listed.","R4_READY_FOR_HARD_QC"
"LP-GFX-009","GFX","LP-B015","1","LP-S01;LP-S04","SOURCE_GEOMETRY_ONLY_WHERE_DOCUMENTED: literal geometry only from the named source; otherwise label the visual conceptual/estimated | GENERATED_EDITORIAL_GRAPHIC: no unsupported mechanism, measurement, or causal verdict","","RENDER_EXACT_TEXT","MINE ACCESS | WORKINGS | EGRESS | CONCEPTUAL","","Each could work safely only if the geometry separating them remained understood. And there was one physical rule that made that separation critical. Fresh water dissolves salt.","16:9 1920x1080 Hidden Industrial America generated editorial infographic / technical illustration; charcoal #171A1C, iron #30363A, warm paper #E6DDC8, ivory #F3EBDD, faded rust #A55235, blueprint gray-blue #5F747D; lower 15% visually quiet for subtitles; no black caption box; no neon; no horror; no fake archival damage/date stamp/newspaper; no unsupported mechanism, measurement, or causal verdict; no synthetic exact pipeline-route geography unless source-traced. Scene: fresh water contacting salt and beginning dissolution at a material-detail scale; conceptual mechanism only. ALL REQUIRED TEXT AND NUMBERS MUST BE GENERATED DIRECTLY IN THE IMAGE. Render EXACTLY the following text and no other readable text: [MINE ACCESS | WORKINGS | EGRESS | CONCEPTUAL]. No blank panels, no placeholder labels. Use bold condensed sans-serif, large readable hierarchy, minimal short labels, and accurate symbols for ≈, <, ↔, and ≠ where listed.","R4_READY_FOR_HARD_QC"
"LP-GFX-010","GFX","LP-B016","2","LP-S01;LP-S19","SOURCE_GEOMETRY_ONLY_WHERE_DOCUMENTED: literal geometry only from the named source; otherwise label the visual conceptual/estimated | GENERATED_EDITORIAL_GRAPHIC: no unsupported mechanism, measurement, or causal verdict","","RENDER_EXACT_TEXT","≈1,228 FT | 1,300-FT MINE LEVEL | APPROXIMATE","≈1,228 ft;1,300-ft mine level","That morning, the drill assembly would not come free. Later reconstructions placed it at roughly twelve hundred and twenty-eight feet — close enough to the mine's thirteen-hundred-foot level to become central to the investigation.","16:9 1920x1080 Hidden Industrial America generated editorial infographic / technical illustration; charcoal #171A1C, iron #30363A, warm paper #E6DDC8, ivory #F3EBDD, faded rust #A55235, blueprint gray-blue #5F747D; lower 15% visually quiet for subtitles; no black caption box; no neon; no horror; no fake archival damage/date stamp/newspaper; no unsupported mechanism, measurement, or causal verdict; no synthetic exact pipeline-route geography unless source-traced. Scene: qualified depth comparison: ≈1,228 ft drill depth and 1,300-ft mine level, with both labels unambiguous. ALL REQUIRED TEXT AND NUMBERS MUST BE GENERATED DIRECTLY IN THE IMAGE. Render EXACTLY the following text and no other readable text: [≈1,228 FT | 1,300-FT MINE LEVEL | APPROXIMATE]. No blank panels, no placeholder labels. Use bold condensed sans-serif, large readable hierarchy, minimal short labels, and accurate symbols for ≈, <, ↔, and ≠ where listed.","R4_READY_FOR_HARD_QC"
"LP-GFX-011","GFX","LP-B017","2","LP-S01","GENERATED_EDITORIAL_GRAPHIC: no unsupported mechanism, measurement, or causal verdict","","RENDER_EXACT_TEXT","POSSIBLE WATER PATH | UNCERTAINTY ZONE | EXACT ROUTE UNKNOWN","","Then the problem changed. Water began entering the mine. For the people underground, that transformed the situation immediately. Salt mines are built to manage normal underground conditions.","16:9 1920x1080 Hidden Industrial America generated editorial infographic / technical illustration; charcoal #171A1C, iron #30363A, warm paper #E6DDC8, ivory #F3EBDD, faded rust #A55235, blueprint gray-blue #5F747D; lower 15% visually quiet for subtitles; no black caption box; no neon; no horror; no fake archival damage/date stamp/newspaper; no unsupported mechanism, measurement, or causal verdict; no synthetic exact pipeline-route geography unless source-traced. Scene: conceptual water ingress into a salt-mine system with a broad uncertainty zone; no verified route. ALL REQUIRED TEXT AND NUMBERS MUST BE GENERATED DIRECTLY IN THE IMAGE. Render EXACTLY the following text and no other readable text: [POSSIBLE WATER PATH | UNCERTAINTY ZONE | EXACT ROUTE UNKNOWN]. No blank panels, no placeholder labels. Use bold condensed sans-serif, large readable hierarchy, minimal short labels, and accurate symbols for ≈, <, ↔, and ≠ where listed.","R4_READY_FOR_HARD_QC"
"LP-GFX-012","GFX","LP-B019","2","LP-S01;LP-S02","GENERATED_EDITORIAL_GRAPHIC: no unsupported mechanism, measurement, or causal verdict","","RENDER_EXACT_TEXT","EVACUATION | <1 HOUR | NO MINUTE-BY-MINUTE CLAIM","<1 hour","At that point, nobody underground needed a final answer about maps, coordinates or legal responsibility. They needed time.","16:9 1920x1080 Hidden Industrial America generated editorial infographic / technical illustration; charcoal #171A1C, iron #30363A, warm paper #E6DDC8, ivory #F3EBDD, faded rust #A55235, blueprint gray-blue #5F747D; lower 15% visually quiet for subtitles; no black caption box; no neon; no horror; no fake archival damage/date stamp/newspaper; no unsupported mechanism, measurement, or causal verdict; no synthetic exact pipeline-route geography unless source-traced. Scene: time-pressure graphic centered on less-than-one-hour evacuation outcome without implying a precise minute-by-minute timeline. ALL REQUIRED TEXT AND NUMBERS MUST BE GENERATED DIRECTLY IN THE IMAGE. Render EXACTLY the following text and no other readable text: [EVACUATION | <1 HOUR | NO MINUTE-BY-MINUTE CLAIM]. No blank panels, no placeholder labels. Use bold condensed sans-serif, large readable hierarchy, minimal short labels, and accurate symbols for ≈, <, ↔, and ≠ where listed.","R4_READY_FOR_HARD_QC"
"LP-GFX-013","GFX","LP-B077","11","LP-S03;LP-S16","FACTUAL_REFERENCE_ONLY: do not attach, copy, or imitate copyrighted webpage/photo/design; use facts only | SOURCE_GEOMETRY_ONLY_WHERE_DOCUMENTED: literal geometry only from the named source; otherwise label the visual conceptual/estimated | GENERATED_EDITORIAL_GRAPHIC: no unsupported mechanism, measurement, or causal verdict | CURRENT_FACT_AS_OF_2026-09-27: ONEOK official current-context source; do not present as a 1980 fact","","RENDER_EXACT_TEXT","HYDRAULIC CONNECTION | EXACT INITIATING PATH UNKNOWN","","The disaster ended this salt mine. It did not make the salt dome worthless. Salt formations are also useful for storing pressurized natural gas inside engineered caverns.","16:9 1920x1080 Hidden Industrial America generated editorial infographic / technical illustration; charcoal #171A1C, iron #30363A, warm paper #E6DDC8, ivory #F3EBDD, faded rust #A55235, blueprint gray-blue #5F747D; lower 15% visually quiet for subtitles; no black caption box; no neon; no horror; no fake archival damage/date stamp/newspaper; no unsupported mechanism, measurement, or causal verdict; no synthetic exact pipeline-route geography unless source-traced. Scene: modern salt-cavern natural-gas storage principle as a conceptual industrial afterlife frame; explicitly different from the destroyed 1980 mine and not a literal current facility layout. ALL REQUIRED TEXT AND NUMBERS MUST BE GENERATED DIRECTLY IN THE IMAGE. Render EXACTLY the following text and no other readable text: [HYDRAULIC CONNECTION | EXACT INITIATING PATH UNKNOWN]. No blank panels, no placeholder labels. Use bold condensed sans-serif, large readable hierarchy, minimal short labels, and accurate symbols for ≈, <, ↔, and ≠ where listed.","R4_READY_FOR_HARD_QC"
"LP-GFX-014","GFX","LP-B021","3","LP-S01;LP-S02","GENERATED_EDITORIAL_GRAPHIC: no unsupported mechanism, measurement, or causal verdict","","RENDER_EXACT_TEXT","52 | UNDERGROUND | DISTRIBUTED WORK AREAS","52","The Mine Safety and Health Administration later recorded fifty-two people underground. They were not standing together beside an exit.","16:9 1920x1080 Hidden Industrial America generated editorial infographic / technical illustration; charcoal #171A1C, iron #30363A, warm paper #E6DDC8, ivory #F3EBDD, faded rust #A55235, blueprint gray-blue #5F747D; lower 15% visually quiet for subtitles; no black caption box; no neon; no horror; no fake archival damage/date stamp/newspaper; no unsupported mechanism, measurement, or causal verdict; no synthetic exact pipeline-route geography unless source-traced. Scene: 52 workers distributed underground as a scale/count graphic, not an exact positional map. ALL REQUIRED TEXT AND NUMBERS MUST BE GENERATED DIRECTLY IN THE IMAGE. Render EXACTLY the following text and no other readable text: [52 | UNDERGROUND | DISTRIBUTED WORK AREAS]. No blank panels, no placeholder labels. Use bold condensed sans-serif, large readable hierarchy, minimal short labels, and accurate symbols for ≈, <, ↔, and ≠ where listed.","R4_READY_FOR_HARD_QC"
"LP-GFX-015","GFX","LP-B022","3","LP-S01","GENERATED_EDITORIAL_GRAPHIC: no unsupported mechanism, measurement, or causal verdict","","RENDER_EXACT_TEXT","MULTI-LEVEL MINE | WORK ZONES | CONCEPTUAL","","They were working inside a mine spread through multiple levels and workings. Now water was entering that system.","16:9 1920x1080 Hidden Industrial America generated editorial infographic / technical illustration; charcoal #171A1C, iron #30363A, warm paper #E6DDC8, ivory #F3EBDD, faded rust #A55235, blueprint gray-blue #5F747D; lower 15% visually quiet for subtitles; no black caption box; no neon; no horror; no fake archival damage/date stamp/newspaper; no unsupported mechanism, measurement, or causal verdict; no synthetic exact pipeline-route geography unless source-traced. Scene: multi-level mine-network occupancy concept with separated work zones and no exact worker locations. ALL REQUIRED TEXT AND NUMBERS MUST BE GENERATED DIRECTLY IN THE IMAGE. Render EXACTLY the following text and no other readable text: [MULTI-LEVEL MINE | WORK ZONES | CONCEPTUAL]. No blank panels, no placeholder labels. Use bold condensed sans-serif, large readable hierarchy, minimal short labels, and accurate symbols for ≈, <, ↔, and ≠ where listed.","R4_READY_FOR_HARD_QC"
"LP-GFX-016","GFX","LP-B025","3","LP-S01;LP-S02","GENERATED_EDITORIAL_GRAPHIC: no unsupported mechanism, measurement, or causal verdict","","RENDER_EXACT_TEXT","WORKERS | SEARCH / ACCOUNTING | EGRESS","","Some had to travel through a mine that was changing from a workplace into an emergency scene. The official investigation later recognized several employees for leadership and search actions during the evacuation.","16:9 1920x1080 Hidden Industrial America generated editorial infographic / technical illustration; charcoal #171A1C, iron #30363A, warm paper #E6DDC8, ivory #F3EBDD, faded rust #A55235, blueprint gray-blue #5F747D; lower 15% visually quiet for subtitles; no black caption box; no neon; no horror; no fake archival damage/date stamp/newspaper; no unsupported mechanism, measurement, or causal verdict; no synthetic exact pipeline-route geography unless source-traced. Scene: evacuation accountability flow: distributed workers → search/accounting → egress, without named individuals or fabricated route signs. ALL REQUIRED TEXT AND NUMBERS MUST BE GENERATED DIRECTLY IN THE IMAGE. Render EXACTLY the following text and no other readable text: [WORKERS | SEARCH / ACCOUNTING | EGRESS]. No blank panels, no placeholder labels. Use bold condensed sans-serif, large readable hierarchy, minimal short labels, and accurate symbols for ≈, <, ↔, and ≠ where listed.","R4_READY_FOR_HARD_QC"
"LP-GFX-017","GFX","LP-B027","3","LP-S01;LP-S02","GENERATED_EDITORIAL_GRAPHIC: no unsupported mechanism, measurement, or causal verdict","","RENDER_EXACT_TEXT","52 OUT | <1 HOUR | MSHA-RECORDED OUTCOME","52;<1 hour","They did not know how quickly the inflow would grow. They only knew that water was entering a salt mine beneath a lake. And less than an hour after the inflow was discovered, all fifty-two people were out.","16:9 1920x1080 Hidden Industrial America generated editorial infographic / technical illustration; charcoal #171A1C, iron #30363A, warm paper #E6DDC8, ivory #F3EBDD, faded rust #A55235, blueprint gray-blue #5F747D; lower 15% visually quiet for subtitles; no black caption box; no neon; no horror; no fake archival damage/date stamp/newspaper; no unsupported mechanism, measurement, or causal verdict; no synthetic exact pipeline-route geography unless source-traced. Scene: evacuation result graphic: 52 people out in less than one hour, presented as MSHA-recorded outcome. ALL REQUIRED TEXT AND NUMBERS MUST BE GENERATED DIRECTLY IN THE IMAGE. Render EXACTLY the following text and no other readable text: [52 OUT | <1 HOUR | MSHA-RECORDED OUTCOME]. No blank panels, no placeholder labels. Use bold condensed sans-serif, large readable hierarchy, minimal short labels, and accurate symbols for ≈, <, ↔, and ≠ where listed.","R4_READY_FOR_HARD_QC"
"LP-GFX-018","GFX","LP-B034","4","LP-S09","GENERATED_EDITORIAL_GRAPHIC: no unsupported mechanism, measurement, or causal verdict","","RENDER_EXACT_TEXT","LAND LOSS | ≈68 ACRES | APPROXIMATE","~68 acres","Post-disaster geological work put the permanent land loss at roughly sixty-eight acres.","16:9 1920x1080 Hidden Industrial America generated editorial infographic / technical illustration; charcoal #171A1C, iron #30363A, warm paper #E6DDC8, ivory #F3EBDD, faded rust #A55235, blueprint gray-blue #5F747D; lower 15% visually quiet for subtitles; no black caption box; no neon; no horror; no fake archival damage/date stamp/newspaper; no unsupported mechanism, measurement, or causal verdict; no synthetic exact pipeline-route geography unless source-traced. Scene: land-loss scale graphic showing roughly 68 acres as a quantified aftermath fact without inventing the exact lost-land outline. ALL REQUIRED TEXT AND NUMBERS MUST BE GENERATED DIRECTLY IN THE IMAGE. Render EXACTLY the following text and no other readable text: [LAND LOSS | ≈68 ACRES | APPROXIMATE]. No blank panels, no placeholder labels. Use bold condensed sans-serif, large readable hierarchy, minimal short labels, and accurate symbols for ≈, <, ↔, and ≠ where listed.","R4_READY_FOR_HARD_QC"
"LP-GFX-019","GFX","LP-B037","5","LP-S01;LP-S04","SOURCE_GEOMETRY_ONLY_WHERE_DOCUMENTED: literal geometry only from the named source; otherwise label the visual conceptual/estimated | GENERATED_EDITORIAL_GRAPHIC: no unsupported mechanism, measurement, or causal verdict","","RENDER_EXACT_TEXT","FIXED PIPE | DISSOLVING SALT PATH | QUALITATIVE COMPARISON","","A normal pipe stays roughly the same size while water passes through it. A failure through salt does not have to. Fresh water contacts the salt surface.","16:9 1920x1080 Hidden Industrial America generated editorial infographic / technical illustration; charcoal #171A1C, iron #30363A, warm paper #E6DDC8, ivory #F3EBDD, faded rust #A55235, blueprint gray-blue #5F747D; lower 15% visually quiet for subtitles; no black caption box; no neon; no horror; no fake archival damage/date stamp/newspaper; no unsupported mechanism, measurement, or causal verdict; no synthetic exact pipeline-route geography unless source-traced. Scene: fixed-pipe versus dissolving-salt pathway comparison; emphasize that salt pathways can enlarge. ALL REQUIRED TEXT AND NUMBERS MUST BE GENERATED DIRECTLY IN THE IMAGE. Render EXACTLY the following text and no other readable text: [FIXED PIPE | DISSOLVING SALT PATH | QUALITATIVE COMPARISON]. No blank panels, no placeholder labels. Use bold condensed sans-serif, large readable hierarchy, minimal short labels, and accurate symbols for ≈, <, ↔, and ≠ where listed.","R4_READY_FOR_HARD_QC"
"LP-GFX-020","GFX","LP-B038","5","LP-S01;LP-S04","SOURCE_GEOMETRY_ONLY_WHERE_DOCUMENTED: literal geometry only from the named source; otherwise label the visual conceptual/estimated | GENERATED_EDITORIAL_GRAPHIC: no unsupported mechanism, measurement, or causal verdict","","RENDER_EXACT_TEXT","FLOW | DISSOLUTION | PATH ENLARGEMENT | CONCEPTUAL","","Salt dissolves into the flow. A narrow path can enlarge. Loss of salt can weaken the roof, pillars or surrounding ground. That creates more space for water.","16:9 1920x1080 Hidden Industrial America generated editorial infographic / technical illustration; charcoal #171A1C, iron #30363A, warm paper #E6DDC8, ivory #F3EBDD, faded rust #A55235, blueprint gray-blue #5F747D; lower 15% visually quiet for subtitles; no black caption box; no neon; no horror; no fake archival damage/date stamp/newspaper; no unsupported mechanism, measurement, or causal verdict; no synthetic exact pipeline-route geography unless source-traced. Scene: salt dissolution enlargement sequence from narrow contact to wider conceptual pathway; no exact event geometry. ALL REQUIRED TEXT AND NUMBERS MUST BE GENERATED DIRECTLY IN THE IMAGE. Render EXACTLY the following text and no other readable text: [FLOW | DISSOLUTION | PATH ENLARGEMENT | CONCEPTUAL]. No blank panels, no placeholder labels. Use bold condensed sans-serif, large readable hierarchy, minimal short labels, and accurate symbols for ≈, <, ↔, and ≠ where listed.","R4_READY_FOR_HARD_QC"
"LP-GFX-021","GFX","LP-B038","5","LP-S01;LP-S04","SOURCE_GEOMETRY_ONLY_WHERE_DOCUMENTED: literal geometry only from the named source; otherwise label the visual conceptual/estimated | GENERATED_EDITORIAL_GRAPHIC: no unsupported mechanism, measurement, or causal verdict","","RENDER_EXACT_TEXT","SALT LOSS | PILLAR / ROOF WEAKENING | CONCEPTUAL","","Salt dissolves into the flow. A narrow path can enlarge. Loss of salt can weaken the roof, pillars or surrounding ground. That creates more space for water.","16:9 1920x1080 Hidden Industrial America generated editorial infographic / technical illustration; charcoal #171A1C, iron #30363A, warm paper #E6DDC8, ivory #F3EBDD, faded rust #A55235, blueprint gray-blue #5F747D; lower 15% visually quiet for subtitles; no black caption box; no neon; no horror; no fake archival damage/date stamp/newspaper; no unsupported mechanism, measurement, or causal verdict; no synthetic exact pipeline-route geography unless source-traced. Scene: roof/pillar weakening concept caused by salt loss; generic mine mechanics only. ALL REQUIRED TEXT AND NUMBERS MUST BE GENERATED DIRECTLY IN THE IMAGE. Render EXACTLY the following text and no other readable text: [SALT LOSS | PILLAR / ROOF WEAKENING | CONCEPTUAL]. No blank panels, no placeholder labels. Use bold condensed sans-serif, large readable hierarchy, minimal short labels, and accurate symbols for ≈, <, ↔, and ≠ where listed.","R4_READY_FOR_HARD_QC"
"LP-GFX-022","GFX","LP-B039","5","LP-S01;LP-S04","SOURCE_GEOMETRY_ONLY_WHERE_DOCUMENTED: literal geometry only from the named source; otherwise label the visual conceptual/estimated | GENERATED_EDITORIAL_GRAPHIC: no unsupported mechanism, measurement, or causal verdict","","RENDER_EXACT_TEXT","FLOW | DISSOLUTION | ENLARGEMENT / FAILURE | MORE FLOW","","More water exposes more salt. And the cycle can accelerate. Flow. Dissolution. Enlargement and failure. More flow.","16:9 1920x1080 Hidden Industrial America generated editorial infographic / technical illustration; charcoal #171A1C, iron #30363A, warm paper #E6DDC8, ivory #F3EBDD, faded rust #A55235, blueprint gray-blue #5F747D; lower 15% visually quiet for subtitles; no black caption box; no neon; no horror; no fake archival damage/date stamp/newspaper; no unsupported mechanism, measurement, or causal verdict; no synthetic exact pipeline-route geography unless source-traced. Scene: qualitative feedback loop: flow → dissolution → enlargement/failure → more flow. ALL REQUIRED TEXT AND NUMBERS MUST BE GENERATED DIRECTLY IN THE IMAGE. Render EXACTLY the following text and no other readable text: [FLOW | DISSOLUTION | ENLARGEMENT / FAILURE | MORE FLOW]. No blank panels, no placeholder labels. Use bold condensed sans-serif, large readable hierarchy, minimal short labels, and accurate symbols for ≈, <, ↔, and ≠ where listed.","R4_READY_FOR_HARD_QC"
"LP-GFX-023","GFX","LP-B039","5","LP-S01;LP-S04","SOURCE_GEOMETRY_ONLY_WHERE_DOCUMENTED: literal geometry only from the named source; otherwise label the visual conceptual/estimated | GENERATED_EDITORIAL_GRAPHIC: no unsupported mechanism, measurement, or causal verdict","","RENDER_EXACT_TEXT","EXPOSED SALT | MORE WATER CONTACT | QUALITATIVE FEEDBACK","","More water exposes more salt. And the cycle can accelerate. Flow. Dissolution. Enlargement and failure. More flow.","16:9 1920x1080 Hidden Industrial America generated editorial infographic / technical illustration; charcoal #171A1C, iron #30363A, warm paper #E6DDC8, ivory #F3EBDD, faded rust #A55235, blueprint gray-blue #5F747D; lower 15% visually quiet for subtitles; no black caption box; no neon; no horror; no fake archival damage/date stamp/newspaper; no unsupported mechanism, measurement, or causal verdict; no synthetic exact pipeline-route geography unless source-traced. Scene: second feedback view focused on increasing exposed salt surface, visually distinct from the loop diagram. ALL REQUIRED TEXT AND NUMBERS MUST BE GENERATED DIRECTLY IN THE IMAGE. Render EXACTLY the following text and no other readable text: [EXPOSED SALT | MORE WATER CONTACT | QUALITATIVE FEEDBACK]. No blank panels, no placeholder labels. Use bold condensed sans-serif, large readable hierarchy, minimal short labels, and accurate symbols for ≈, <, ↔, and ≠ where listed.","R4_READY_FOR_HARD_QC"
"LP-GFX-024","GFX","LP-B040","5","LP-S01;LP-S04","SOURCE_GEOMETRY_ONLY_WHERE_DOCUMENTED: literal geometry only from the named source; otherwise label the visual conceptual/estimated | GENERATED_EDITORIAL_GRAPHIC: no unsupported mechanism, measurement, or causal verdict","","RENDER_EXACT_TEXT","WATER | DISSOLUTION | ENLARGING PATH | POSITIVE FEEDBACK","","The crucial idea is feedback. The failure was not merely carrying water through a fixed opening. The water could help enlarge the system that was carrying the water.","16:9 1920x1080 Hidden Industrial America generated editorial infographic / technical illustration; charcoal #171A1C, iron #30363A, warm paper #E6DDC8, ivory #F3EBDD, faded rust #A55235, blueprint gray-blue #5F747D; lower 15% visually quiet for subtitles; no black caption box; no neon; no horror; no fake archival damage/date stamp/newspaper; no unsupported mechanism, measurement, or causal verdict; no synthetic exact pipeline-route geography unless source-traced. Scene: positive-feedback system diagram showing water helping enlarge the path that carries it; qualitative only. ALL REQUIRED TEXT AND NUMBERS MUST BE GENERATED DIRECTLY IN THE IMAGE. Render EXACTLY the following text and no other readable text: [WATER | DISSOLUTION | ENLARGING PATH | POSITIVE FEEDBACK]. No blank panels, no placeholder labels. Use bold condensed sans-serif, large readable hierarchy, minimal short labels, and accurate symbols for ≈, <, ↔, and ≠ where listed.","R4_READY_FOR_HARD_QC"
"LP-GFX-025","GFX","LP-B041","5","LP-S01;LP-S04","SOURCE_GEOMETRY_ONLY_WHERE_DOCUMENTED: literal geometry only from the named source; otherwise label the visual conceptual/estimated | GENERATED_EDITORIAL_GRAPHIC: no unsupported mechanism, measurement, or causal verdict","","RENDER_EXACT_TEXT","SMALL OPENING | CAN ENLARGE | EXACT EVENT GEOMETRY UNKNOWN","","That is why the phrase ""one small hole drained the lake"" misses the engineering story. Whatever the initiating pathway looked like, it did not have to stay that size.","16:9 1920x1080 Hidden Industrial America generated editorial infographic / technical illustration; charcoal #171A1C, iron #30363A, warm paper #E6DDC8, ivory #F3EBDD, faded rust #A55235, blueprint gray-blue #5F747D; lower 15% visually quiet for subtitles; no black caption box; no neon; no horror; no fake archival damage/date stamp/newspaper; no unsupported mechanism, measurement, or causal verdict; no synthetic exact pipeline-route geography unless source-traced. Scene: small opening does not have to remain small; uncertainty-preserving enlargement concept. ALL REQUIRED TEXT AND NUMBERS MUST BE GENERATED DIRECTLY IN THE IMAGE. Render EXACTLY the following text and no other readable text: [SMALL OPENING | CAN ENLARGE | EXACT EVENT GEOMETRY UNKNOWN]. No blank panels, no placeholder labels. Use bold condensed sans-serif, large readable hierarchy, minimal short labels, and accurate symbols for ≈, <, ↔, and ≠ where listed.","R4_READY_FOR_HARD_QC"
"LP-GFX-026","GFX","LP-B042","5","LP-S01;LP-S04","SOURCE_GEOMETRY_ONLY_WHERE_DOCUMENTED: literal geometry only from the named source; otherwise label the visual conceptual/estimated | GENERATED_EDITORIAL_GRAPHIC: no unsupported mechanism, measurement, or causal verdict","","RENDER_EXACT_TEXT","BEFORE | DURING FAILURE | CONCEPTUAL GEOMETRY","","The accident was modifying the system while the system was failing.","16:9 1920x1080 Hidden Industrial America generated editorial infographic / technical illustration; charcoal #171A1C, iron #30363A, warm paper #E6DDC8, ivory #F3EBDD, faded rust #A55235, blueprint gray-blue #5F747D; lower 15% visually quiet for subtitles; no black caption box; no neon; no horror; no fake archival damage/date stamp/newspaper; no unsupported mechanism, measurement, or causal verdict; no synthetic exact pipeline-route geography unless source-traced. Scene: system changing while failing: before/during conceptual geometry without exact breach claim. ALL REQUIRED TEXT AND NUMBERS MUST BE GENERATED DIRECTLY IN THE IMAGE. Render EXACTLY the following text and no other readable text: [BEFORE | DURING FAILURE | CONCEPTUAL GEOMETRY]. No blank panels, no placeholder labels. Use bold condensed sans-serif, large readable hierarchy, minimal short labels, and accurate symbols for ≈, <, ↔, and ≠ where listed.","R4_READY_FOR_HARD_QC"
"LP-GFX-027","GFX","LP-B043","6","LP-S01;LP-S04","SOURCE_GEOMETRY_ONLY_WHERE_DOCUMENTED: literal geometry only from the named source; otherwise label the visual conceptual/estimated | GENERATED_EDITORIAL_GRAPHIC: no unsupported mechanism, measurement, or causal verdict","","RENDER_EXACT_TEXT","GRAVITY | LAKE WATER | UNDERGROUND VOID | NO FLOW RATE CLAIM","","Once enough water was moving underground, gravity supplied the energy. The lake itself became part of the failure mechanism. Water rushed toward the opening.","16:9 1920x1080 Hidden Industrial America generated editorial infographic / technical illustration; charcoal #171A1C, iron #30363A, warm paper #E6DDC8, ivory #F3EBDD, faded rust #A55235, blueprint gray-blue #5F747D; lower 15% visually quiet for subtitles; no black caption box; no neon; no horror; no fake archival damage/date stamp/newspaper; no unsupported mechanism, measurement, or causal verdict; no synthetic exact pipeline-route geography unless source-traced. Scene: gravity-driven lake-to-underground-void concept with directional energy and no measured flow rate. ALL REQUIRED TEXT AND NUMBERS MUST BE GENERATED DIRECTLY IN THE IMAGE. Render EXACTLY the following text and no other readable text: [GRAVITY | LAKE WATER | UNDERGROUND VOID | NO FLOW RATE CLAIM]. No blank panels, no placeholder labels. Use bold condensed sans-serif, large readable hierarchy, minimal short labels, and accurate symbols for ≈, <, ↔, and ≠ where listed.","R4_READY_FOR_HARD_QC"
"LP-GFX-028","GFX","LP-B045","6","LP-S01;LP-S04","SOURCE_GEOMETRY_ONLY_WHERE_DOCUMENTED: literal geometry only from the named source; otherwise label the visual conceptual/estimated | GENERATED_EDITORIAL_GRAPHIC: no unsupported mechanism, measurement, or causal verdict","","RENDER_EXACT_TEXT","SURFACE WHIRLPOOL | MULTI-LEVEL MINE VOID | CONCEPTUAL","","The famous whirlpool was only the surface expression. Below it, water was entering an industrial void built across multiple levels.","16:9 1920x1080 Hidden Industrial America generated editorial infographic / technical illustration; charcoal #171A1C, iron #30363A, warm paper #E6DDC8, ivory #F3EBDD, faded rust #A55235, blueprint gray-blue #5F747D; lower 15% visually quiet for subtitles; no black caption box; no neon; no horror; no fake archival damage/date stamp/newspaper; no unsupported mechanism, measurement, or causal verdict; no synthetic exact pipeline-route geography unless source-traced. Scene: surface whirlpool as expression of a much larger underground industrial void across multiple levels. ALL REQUIRED TEXT AND NUMBERS MUST BE GENERATED DIRECTLY IN THE IMAGE. Render EXACTLY the following text and no other readable text: [SURFACE WHIRLPOOL | MULTI-LEVEL MINE VOID | CONCEPTUAL]. No blank panels, no placeholder labels. Use bold condensed sans-serif, large readable hierarchy, minimal short labels, and accurate symbols for ≈, <, ↔, and ≠ where listed.","R4_READY_FOR_HARD_QC"
"LP-GFX-029","GFX","LP-B046","6","LP-S01;LP-S04","SOURCE_GEOMETRY_ONLY_WHERE_DOCUMENTED: literal geometry only from the named source; otherwise label the visual conceptual/estimated | GENERATED_EDITORIAL_GRAPHIC: no unsupported mechanism, measurement, or causal verdict","","RENDER_EXACT_TEXT","LAKE WATER LOSS | SHORELINE LOSS | COUPLED CONSEQUENCES","","Above it, the lake was losing both water and shoreline. Those two systems were now coupled.","16:9 1920x1080 Hidden Industrial America generated editorial infographic / technical illustration; charcoal #171A1C, iron #30363A, warm paper #E6DDC8, ivory #F3EBDD, faded rust #A55235, blueprint gray-blue #5F747D; lower 15% visually quiet for subtitles; no black caption box; no neon; no horror; no fake archival damage/date stamp/newspaper; no unsupported mechanism, measurement, or causal verdict; no synthetic exact pipeline-route geography unless source-traced. Scene: lake-water loss and shoreline loss as coupled surface consequences. ALL REQUIRED TEXT AND NUMBERS MUST BE GENERATED DIRECTLY IN THE IMAGE. Render EXACTLY the following text and no other readable text: [LAKE WATER LOSS | SHORELINE LOSS | COUPLED CONSEQUENCES]. No blank panels, no placeholder labels. Use bold condensed sans-serif, large readable hierarchy, minimal short labels, and accurate symbols for ≈, <, ↔, and ≠ where listed.","R4_READY_FOR_HARD_QC"
"LP-GFX-030","GFX","LP-B047","6","LP-S01;LP-S04","SOURCE_GEOMETRY_ONLY_WHERE_DOCUMENTED: literal geometry only from the named source; otherwise label the visual conceptual/estimated | GENERATED_EDITORIAL_GRAPHIC: no unsupported mechanism, measurement, or causal verdict","","RENDER_EXACT_TEXT","INCREASING FLOW | ↔ | PATHWAY ENLARGEMENT | QUALITATIVE ONLY","","The faster the lake fed the failure, the more the failure could change the route available to the lake.","16:9 1920x1080 Hidden Industrial America generated editorial infographic / technical illustration; charcoal #171A1C, iron #30363A, warm paper #E6DDC8, ivory #F3EBDD, faded rust #A55235, blueprint gray-blue #5F747D; lower 15% visually quiet for subtitles; no black caption box; no neon; no horror; no fake archival damage/date stamp/newspaper; no unsupported mechanism, measurement, or causal verdict; no synthetic exact pipeline-route geography unless source-traced. Scene: qualitative increasing-flow ↔ pathway-enlargement relationship; no numerical flow-rate implication. ALL REQUIRED TEXT AND NUMBERS MUST BE GENERATED DIRECTLY IN THE IMAGE. Render EXACTLY the following text and no other readable text: [INCREASING FLOW | ↔ | PATHWAY ENLARGEMENT | QUALITATIVE ONLY]. No blank panels, no placeholder labels. Use bold condensed sans-serif, large readable hierarchy, minimal short labels, and accurate symbols for ≈, <, ↔, and ≠ where listed.","R4_READY_FOR_HARD_QC"
"LP-GFX-031","GFX","LP-B048","6","LP-S01;LP-S04","SOURCE_GEOMETRY_ONLY_WHERE_DOCUMENTED: literal geometry only from the named source; otherwise label the visual conceptual/estimated | GENERATED_EDITORIAL_GRAPHIC: no unsupported mechanism, measurement, or causal verdict","","RENDER_EXACT_TEXT","WATER | MINE | ROCK / SALT | COUPLED SYSTEM","","The relationship between water, mine, rock and air was being rewritten in real time. And as the lake level dropped, the consequences reached beyond Jefferson Island.","16:9 1920x1080 Hidden Industrial America generated editorial infographic / technical illustration; charcoal #171A1C, iron #30363A, warm paper #E6DDC8, ivory #F3EBDD, faded rust #A55235, blueprint gray-blue #5F747D; lower 15% visually quiet for subtitles; no black caption box; no neon; no horror; no fake archival damage/date stamp/newspaper; no unsupported mechanism, measurement, or causal verdict; no synthetic exact pipeline-route geography unless source-traced. Scene: coupled water / mine / rock system, excluding unsupported air-pressure mechanics. ALL REQUIRED TEXT AND NUMBERS MUST BE GENERATED DIRECTLY IN THE IMAGE. Render EXACTLY the following text and no other readable text: [WATER | MINE | ROCK / SALT | COUPLED SYSTEM]. No blank panels, no placeholder labels. Use bold condensed sans-serif, large readable hierarchy, minimal short labels, and accurate symbols for ≈, <, ↔, and ≠ where listed.","R4_READY_FOR_HARD_QC"
"LP-GFX-032","GFX","LP-B049","6","LP-S01;LP-S10","FACTUAL_REFERENCE_ONLY: do not attach, copy, or imitate copyrighted webpage/photo/design; use facts only | GENERATED_EDITORIAL_GRAPHIC: no unsupported mechanism, measurement, or causal verdict","","RENDER_EXACT_TEXT","FLOW DIRECTION | NORMAL | REVERSED","","They changed the direction of another body of water.","16:9 1920x1080 Hidden Industrial America generated editorial infographic / technical illustration; charcoal #171A1C, iron #30363A, warm paper #E6DDC8, ivory #F3EBDD, faded rust #A55235, blueprint gray-blue #5F747D; lower 15% visually quiet for subtitles; no black caption box; no neon; no horror; no fake archival damage/date stamp/newspaper; no unsupported mechanism, measurement, or causal verdict; no synthetic exact pipeline-route geography unless source-traced. Scene: hydraulic-direction flip cue transitioning from lake drawdown to canal reversal. ALL REQUIRED TEXT AND NUMBERS MUST BE GENERATED DIRECTLY IN THE IMAGE. Render EXACTLY the following text and no other readable text: [FLOW DIRECTION | NORMAL | REVERSED]. No blank panels, no placeholder labels. Use bold condensed sans-serif, large readable hierarchy, minimal short labels, and accurate symbols for ≈, <, ↔, and ≠ where listed.","R4_READY_FOR_HARD_QC"
"LP-GFX-033","GFX","LP-B050","7","LP-S06;LP-S07;LP-S10","FACTUAL_REFERENCE_ONLY: do not attach, copy, or imitate copyrighted webpage/photo/design; use facts only | SOURCE_GEOMETRY_ONLY_WHERE_DOCUMENTED: literal geometry only from the named source; otherwise label the visual conceptual/estimated | GENERATED_EDITORIAL_GRAPHIC: no unsupported mechanism, measurement, or causal verdict","","RENDER_EXACT_TEXT","LAKE PEIGNEUR | DELCAMBRE CANAL | VERMILION BAY | NORMAL FLOW","","Lake Peigneur connected southward through the Delcambre Canal toward Vermilion Bay. Under normal conditions, that connection carried water away from the lake.","16:9 1920x1080 Hidden Industrial America generated editorial infographic / technical illustration; charcoal #171A1C, iron #30363A, warm paper #E6DDC8, ivory #F3EBDD, faded rust #A55235, blueprint gray-blue #5F747D; lower 15% visually quiet for subtitles; no black caption box; no neon; no horror; no fake archival damage/date stamp/newspaper; no unsupported mechanism, measurement, or causal verdict; no synthetic exact pipeline-route geography unless source-traced. Scene: Lake Peigneur–Delcambre–Vermilion directional sequence with simple normal-flow arrows. ALL REQUIRED TEXT AND NUMBERS MUST BE GENERATED DIRECTLY IN THE IMAGE. Render EXACTLY the following text and no other readable text: [LAKE PEIGNEUR | DELCAMBRE CANAL | VERMILION BAY | NORMAL FLOW]. No blank panels, no placeholder labels. Use bold condensed sans-serif, large readable hierarchy, minimal short labels, and accurate symbols for ≈, <, ↔, and ≠ where listed.","R4_READY_FOR_HARD_QC"
"LP-GFX-034","GFX","LP-B051","7","LP-S06;LP-S07;LP-S10","FACTUAL_REFERENCE_ONLY: do not attach, copy, or imitate copyrighted webpage/photo/design; use facts only | SOURCE_GEOMETRY_ONLY_WHERE_DOCUMENTED: literal geometry only from the named source; otherwise label the visual conceptual/estimated | GENERATED_EDITORIAL_GRAPHIC: no unsupported mechanism, measurement, or causal verdict","","RENDER_EXACT_TEXT","NORMAL FLOW | REVERSED FLOW | DELCAMBRE CANAL","","Now the lake had fallen so far that the hydraulic relationship reversed. The lake became the lower destination. The canal began feeding it.","16:9 1920x1080 Hidden Industrial America generated editorial infographic / technical illustration; charcoal #171A1C, iron #30363A, warm paper #E6DDC8, ivory #F3EBDD, faded rust #A55235, blueprint gray-blue #5F747D; lower 15% visually quiet for subtitles; no black caption box; no neon; no horror; no fake archival damage/date stamp/newspaper; no unsupported mechanism, measurement, or causal verdict; no synthetic exact pipeline-route geography unless source-traced. Scene: normal versus reversed canal-flow comparison; no exact velocity or elevation values. ALL REQUIRED TEXT AND NUMBERS MUST BE GENERATED DIRECTLY IN THE IMAGE. Render EXACTLY the following text and no other readable text: [NORMAL FLOW | REVERSED FLOW | DELCAMBRE CANAL]. No blank panels, no placeholder labels. Use bold condensed sans-serif, large readable hierarchy, minimal short labels, and accurate symbols for ≈, <, ↔, and ≠ where listed.","R4_READY_FOR_HARD_QC"
"LP-GFX-035","GFX","LP-B054","7","LP-S01;LP-S10","FACTUAL_REFERENCE_ONLY: do not attach, copy, or imitate copyrighted webpage/photo/design; use facts only | GENERATED_EDITORIAL_GRAPHIC: no unsupported mechanism, measurement, or causal verdict","","RENDER_EXACT_TEXT","≈150 FT | REPORTED ESTIMATE | NOT A PRECISE SURVEY","~150 ft reported","A temporary waterfall appearing where there had been no cliff. But the water was still obeying gravity. The landscape had changed underneath it. The canal had not moved on the map.","16:9 1920x1080 Hidden Industrial America generated editorial infographic / technical illustration; charcoal #171A1C, iron #30363A, warm paper #E6DDC8, ivory #F3EBDD, faded rust #A55235, blueprint gray-blue #5F747D; lower 15% visually quiet for subtitles; no black caption box; no neon; no horror; no fake archival damage/date stamp/newspaper; no unsupported mechanism, measurement, or causal verdict; no synthetic exact pipeline-route geography unless source-traced. Scene: elevation-reversal cross-section with 'roughly 150 ft' treated as a historical reported estimate, not precise survey. ALL REQUIRED TEXT AND NUMBERS MUST BE GENERATED DIRECTLY IN THE IMAGE. Render EXACTLY the following text and no other readable text: [≈150 FT | REPORTED ESTIMATE | NOT A PRECISE SURVEY]. No blank panels, no placeholder labels. Use bold condensed sans-serif, large readable hierarchy, minimal short labels, and accurate symbols for ≈, <, ↔, and ≠ where listed. The approximate symbol ≈ and the words REPORTED ESTIMATE are mandatory; never present 150 FT as exact.","R4_READY_FOR_HARD_QC"
"LP-GFX-036","GFX","LP-B079","11","LP-S03;LP-S16","FACTUAL_REFERENCE_ONLY: do not attach, copy, or imitate copyrighted webpage/photo/design; use facts only | SOURCE_GEOMETRY_ONLY_WHERE_DOCUMENTED: literal geometry only from the named source; otherwise label the visual conceptual/estimated | GENERATED_EDITORIAL_GRAPHIC: no unsupported mechanism, measurement, or causal verdict | CURRENT_FACT_AS_OF_2026-09-27: ONEOK official current-context source; do not present as a 1980 fact","","RENDER_EXACT_TEXT","PRE-EVENT | SHALLOW LAKE | POST-EVENT | DEEPER BASIN | NO EXACT FINAL DEPTH","","That does not mean today's storage system is the old mine. It means the same geological feature that created one industrial economy continued to support another.","16:9 1920x1080 Hidden Industrial America generated editorial infographic / technical illustration; charcoal #171A1C, iron #30363A, warm paper #E6DDC8, ivory #F3EBDD, faded rust #A55235, blueprint gray-blue #5F747D; lower 15% visually quiet for subtitles; no black caption box; no neon; no horror; no fake archival damage/date stamp/newspaper; no unsupported mechanism, measurement, or causal verdict; no synthetic exact pipeline-route geography unless source-traced. Scene: same geology, different industrial systems: old salt-mining economy on one side and later salt-cavern gas-storage use on the other; do not imply the current system is the old mine. ALL REQUIRED TEXT AND NUMBERS MUST BE GENERATED DIRECTLY IN THE IMAGE. Render EXACTLY the following text and no other readable text: [PRE-EVENT | SHALLOW LAKE | POST-EVENT | DEEPER BASIN | NO EXACT FINAL DEPTH]. No blank panels, no placeholder labels. Use bold condensed sans-serif, large readable hierarchy, minimal short labels, and accurate symbols for ≈, <, ↔, and ≠ where listed.","R4_READY_FOR_HARD_QC"
"LP-GFX-037","GFX","LP-B058","8","LP-S01;LP-S02","GENERATED_EDITORIAL_GRAPHIC: no unsupported mechanism, measurement, or causal verdict","","RENDER_EXACT_TEXT","0 DEATHS | 52 ESCAPED UNDERGROUND","0 deaths;52 escaped","But the most important number is not the final depth. It is zero. No human deaths. All fifty-two people recorded underground escaped.","16:9 1920x1080 Hidden Industrial America generated editorial infographic / technical illustration; charcoal #171A1C, iron #30363A, warm paper #E6DDC8, ivory #F3EBDD, faded rust #A55235, blueprint gray-blue #5F747D; lower 15% visually quiet for subtitles; no black caption box; no neon; no horror; no fake archival damage/date stamp/newspaper; no unsupported mechanism, measurement, or causal verdict; no synthetic exact pipeline-route geography unless source-traced. Scene: zero-fatality hero statistic paired with 52 escaped underground; no casualty imagery. ALL REQUIRED TEXT AND NUMBERS MUST BE GENERATED DIRECTLY IN THE IMAGE. Render EXACTLY the following text and no other readable text: [0 DEATHS | 52 ESCAPED UNDERGROUND]. No blank panels, no placeholder labels. Use bold condensed sans-serif, large readable hierarchy, minimal short labels, and accurate symbols for ≈, <, ↔, and ≠ where listed.","R4_READY_FOR_HARD_QC"
"LP-GFX-038","GFX","LP-B060","8","LP-S01;LP-S02","GENERATED_EDITORIAL_GRAPHIC: no unsupported mechanism, measurement, or causal verdict","","RENDER_EXACT_TEXT","MINE FLOODED | SHORELINE LOST | CANAL REVERSED | 0 DEATHS","0 deaths","An accident violent enough to erase part of a shoreline, destroy a working mine and reverse a canal ended without a human fatality.","16:9 1920x1080 Hidden Industrial America generated editorial infographic / technical illustration; charcoal #171A1C, iron #30363A, warm paper #E6DDC8, ivory #F3EBDD, faded rust #A55235, blueprint gray-blue #5F747D; lower 15% visually quiet for subtitles; no black caption box; no neon; no horror; no fake archival damage/date stamp/newspaper; no unsupported mechanism, measurement, or causal verdict; no synthetic exact pipeline-route geography unless source-traced. Scene: event consequences versus zero fatalities; land/mine/canal icons + 0 deaths. ALL REQUIRED TEXT AND NUMBERS MUST BE GENERATED DIRECTLY IN THE IMAGE. Render EXACTLY the following text and no other readable text: [MINE FLOODED | SHORELINE LOST | CANAL REVERSED | 0 DEATHS]. No blank panels, no placeholder labels. Use bold condensed sans-serif, large readable hierarchy, minimal short labels, and accurate symbols for ≈, <, ↔, and ≠ where listed.","R4_READY_FOR_HARD_QC"
"LP-GFX-039","GFX","LP-B062","9","LP-S01;LP-S19","SOURCE_GEOMETRY_ONLY_WHERE_DOCUMENTED: literal geometry only from the named source; otherwise label the visual conceptual/estimated | GENERATED_EDITORIAL_GRAPHIC: no unsupported mechanism, measurement, or causal verdict","","RENDER_EXACT_TEXT","POPULAR STORY | COORDINATE ERROR | FEDERAL FINDING | UNRESOLVED","","A widely repeated story says a coordinate or surveying error sent the well into the mine. The official federal investigation did not close the case that neatly.","16:9 1920x1080 Hidden Industrial America generated editorial infographic / technical illustration; charcoal #171A1C, iron #30363A, warm paper #E6DDC8, ivory #F3EBDD, faded rust #A55235, blueprint gray-blue #5F747D; lower 15% visually quiet for subtitles; no black caption box; no neon; no horror; no fake archival damage/date stamp/newspaper; no unsupported mechanism, measurement, or causal verdict; no synthetic exact pipeline-route geography unless source-traced. Scene: popular coordinate-error story versus unresolved federal finding; neutral evidence hierarchy. ALL REQUIRED TEXT AND NUMBERS MUST BE GENERATED DIRECTLY IN THE IMAGE. Render EXACTLY the following text and no other readable text: [POPULAR STORY | COORDINATE ERROR | FEDERAL FINDING | UNRESOLVED]. No blank panels, no placeholder labels. Use bold condensed sans-serif, large readable hierarchy, minimal short labels, and accurate symbols for ≈, <, ↔, and ≠ where listed.","R4_READY_FOR_HARD_QC"
"LP-GFX-040","GFX","LP-B064","9","LP-S19","SOURCE_GEOMETRY_ONLY_WHERE_DOCUMENTED: literal geometry only from the named source; otherwise label the visual conceptual/estimated | GENERATED_EDITORIAL_GRAPHIC: no unsupported mechanism, measurement, or causal verdict","","RENDER_EXACT_TEXT","ESTIMATED DRILL-HOLE LOCATION | 1,300-FT MINE LEVEL | ESTIMATED","1,300-ft mine level","Critical physical information was underwater, displaced or gone. Federal mine-safety investigators reconstructed an estimated drill-hole location near the mine's thirteen-hundred-foot level.","16:9 1920x1080 Hidden Industrial America generated editorial infographic / technical illustration; charcoal #171A1C, iron #30363A, warm paper #E6DDC8, ivory #F3EBDD, faded rust #A55235, blueprint gray-blue #5F747D; lower 15% visually quiet for subtitles; no black caption box; no neon; no horror; no fake archival damage/date stamp/newspaper; no unsupported mechanism, measurement, or causal verdict; no synthetic exact pipeline-route geography unless source-traced. Scene: estimated drill-hole location near the 1,300-ft mine level; never show isolated 1,300 ft as lake depth. ALL REQUIRED TEXT AND NUMBERS MUST BE GENERATED DIRECTLY IN THE IMAGE. Render EXACTLY the following text and no other readable text: [ESTIMATED DRILL-HOLE LOCATION | 1,300-FT MINE LEVEL | ESTIMATED]. No blank panels, no placeholder labels. Use bold condensed sans-serif, large readable hierarchy, minimal short labels, and accurate symbols for ≈, <, ↔, and ≠ where listed.","R4_READY_FOR_HARD_QC"
"LP-GFX-041","GFX","LP-B065","9","LP-S01;LP-S19","SOURCE_GEOMETRY_ONLY_WHERE_DOCUMENTED: literal geometry only from the named source; otherwise label the visual conceptual/estimated | GENERATED_EDITORIAL_GRAPHIC: no unsupported mechanism, measurement, or causal verdict","","RENDER_EXACT_TEXT","HYPOTHESIS A | HYPOTHESIS B | DISPUTED MODELS","","Diamond Crystal argued that the drilling operation had penetrated the roof of an excavated mine room. Other experts disputed that reconstruction.","16:9 1920x1080 Hidden Industrial America generated editorial infographic / technical illustration; charcoal #171A1C, iron #30363A, warm paper #E6DDC8, ivory #F3EBDD, faded rust #A55235, blueprint gray-blue #5F747D; lower 15% visually quiet for subtitles; no black caption box; no neon; no horror; no fake archival damage/date stamp/newspaper; no unsupported mechanism, measurement, or causal verdict; no synthetic exact pipeline-route geography unless source-traced. Scene: competing penetration hypotheses shown as disputed models, not a settled cause. ALL REQUIRED TEXT AND NUMBERS MUST BE GENERATED DIRECTLY IN THE IMAGE. Render EXACTLY the following text and no other readable text: [HYPOTHESIS A | HYPOTHESIS B | DISPUTED MODELS]. No blank panels, no placeholder labels. Use bold condensed sans-serif, large readable hierarchy, minimal short labels, and accurate symbols for ≈, <, ↔, and ≠ where listed.","R4_READY_FOR_HARD_QC"
"LP-GFX-042","GFX","LP-B073","10","LP-S14;LP-S15","FACTUAL_REFERENCE_ONLY: do not attach, copy, or imitate copyrighted webpage/photo/design; use facts only | JUDICIAL_FACT_ONLY: use the court-record fact; do not imitate commercial database page design | GENERATED_EDITORIAL_GRAPHIC: no unsupported mechanism, measurement, or causal verdict","","RENDER_EXACT_TEXT","EXPERT DISAGREEMENT | MODEL A — HYPOTHETICAL | MODEL B — HYPOTHETICAL","","They did not reopen the mine. And they did not turn the settlement into a scientific finding about one exact cause.","16:9 1920x1080 Hidden Industrial America generated editorial infographic / technical illustration; charcoal #171A1C, iron #30363A, warm paper #E6DDC8, ivory #F3EBDD, faded rust #A55235, blueprint gray-blue #5F747D; lower 15% visually quiet for subtitles; no black caption box; no neon; no horror; no fake archival damage/date stamp/newspaper; no unsupported mechanism, measurement, or causal verdict; no synthetic exact pipeline-route geography unless source-traced. Scene: settlement is not a scientific finding: financial-resolution symbols separated from an unresolved technical-cause symbol; neutral and non-accusatory. ALL REQUIRED TEXT AND NUMBERS MUST BE GENERATED DIRECTLY IN THE IMAGE. Render EXACTLY the following text and no other readable text: [EXPERT DISAGREEMENT | MODEL A — HYPOTHETICAL | MODEL B — HYPOTHETICAL]. No blank panels, no placeholder labels. Use bold condensed sans-serif, large readable hierarchy, minimal short labels, and accurate symbols for ≈, <, ↔, and ≠ where listed.","R4_READY_FOR_HARD_QC"
"LP-GFX-043","GFX","LP-B085","12","LP-S01","GENERATED_EDITORIAL_GRAPHIC: no unsupported mechanism, measurement, or causal verdict","","RENDER_EXACT_TEXT","DRILLING — DOCUMENTED | MINE — DOCUMENTED | INUNDATION — DOCUMENTED | INTERSECTION — ESTIMATED","","But part of the evidence had vanished inside the event itself. That is why Lake Peigneur survives as more than a bizarre engineering story.","16:9 1920x1080 Hidden Industrial America generated editorial infographic / technical illustration; charcoal #171A1C, iron #30363A, warm paper #E6DDC8, ivory #F3EBDD, faded rust #A55235, blueprint gray-blue #5F747D; lower 15% visually quiet for subtitles; no black caption box; no neon; no horror; no fake archival damage/date stamp/newspaper; no unsupported mechanism, measurement, or causal verdict; no synthetic exact pipeline-route geography unless source-traced. Scene: evidence-loss thesis: documented facts remain visible while the decisive inaccessible physical scene fades into an uncertainty zone; no literal fake document or exact breach diagram. ALL REQUIRED TEXT AND NUMBERS MUST BE GENERATED DIRECTLY IN THE IMAGE. Render EXACTLY the following text and no other readable text: [DRILLING — DOCUMENTED | MINE — DOCUMENTED | INUNDATION — DOCUMENTED | INTERSECTION — ESTIMATED]. No blank panels, no placeholder labels. Use bold condensed sans-serif, large readable hierarchy, minimal short labels, and accurate symbols for ≈, <, ↔, and ≠ where listed.","R4_READY_FOR_HARD_QC"
"LP-GFX-044","GFX","LP-B068","9","LP-S01;LP-S19","SOURCE_GEOMETRY_ONLY_WHERE_DOCUMENTED: literal geometry only from the named source; otherwise label the visual conceptual/estimated | GENERATED_EDITORIAL_GRAPHIC: no unsupported mechanism, measurement, or causal verdict","","RENDER_EXACT_TEXT","KNOWN | HYDRAULIC CONNECTION | UNKNOWN | INITIATING GEOMETRY","","But the disaster had made the decisive physical scene inaccessible. So two statements can both be true. The drilling operation and mine became hydraulically connected.","16:9 1920x1080 Hidden Industrial America generated editorial infographic / technical illustration; charcoal #171A1C, iron #30363A, warm paper #E6DDC8, ivory #F3EBDD, faded rust #A55235, blueprint gray-blue #5F747D; lower 15% visually quiet for subtitles; no black caption box; no neon; no horror; no fake archival damage/date stamp/newspaper; no unsupported mechanism, measurement, or causal verdict; no synthetic exact pipeline-route geography unless source-traced. Scene: known hydraulic connection versus unknown initiating geometry; do not assign fault. ALL REQUIRED TEXT AND NUMBERS MUST BE GENERATED DIRECTLY IN THE IMAGE. Render EXACTLY the following text and no other readable text: [KNOWN | HYDRAULIC CONNECTION | UNKNOWN | INITIATING GEOMETRY]. No blank panels, no placeholder labels. Use bold condensed sans-serif, large readable hierarchy, minimal short labels, and accurate symbols for ≈, <, ↔, and ≠ where listed.","R4_READY_FOR_HARD_QC"
"LP-GFX-045","GFX","LP-B069","9","LP-S01;LP-S19","SOURCE_GEOMETRY_ONLY_WHERE_DOCUMENTED: literal geometry only from the named source; otherwise label the visual conceptual/estimated | GENERATED_EDITORIAL_GRAPHIC: no unsupported mechanism, measurement, or causal verdict","","RENDER_EXACT_TEXT","EVIDENCE LOST | PHYSICAL SCENE INACCESSIBLE | INITIATING ERROR UNRESOLVED","","And the precise initiating technical error could not later be established with certainty. That is not a weakness in the story. It is the reason evidence matters.","16:9 1920x1080 Hidden Industrial America generated editorial infographic / technical illustration; charcoal #171A1C, iron #30363A, warm paper #E6DDC8, ivory #F3EBDD, faded rust #A55235, blueprint gray-blue #5F747D; lower 15% visually quiet for subtitles; no black caption box; no neon; no horror; no fake archival damage/date stamp/newspaper; no unsupported mechanism, measurement, or causal verdict; no synthetic exact pipeline-route geography unless source-traced. Scene: evidence uncertainty graphic centered on inaccessible physical scene and unresolved initiating technical error. ALL REQUIRED TEXT AND NUMBERS MUST BE GENERATED DIRECTLY IN THE IMAGE. Render EXACTLY the following text and no other readable text: [EVIDENCE LOST | PHYSICAL SCENE INACCESSIBLE | INITIATING ERROR UNRESOLVED]. No blank panels, no placeholder labels. Use bold condensed sans-serif, large readable hierarchy, minimal short labels, and accurate symbols for ≈, <, ↔, and ≠ where listed.","R4_READY_FOR_HARD_QC"
"LP-GFX-046","GFX","LP-B070","10","LP-S14","FACTUAL_REFERENCE_ONLY: do not attach, copy, or imitate copyrighted webpage/photo/design; use facts only | GENERATED_EDITORIAL_GRAPHIC: no unsupported mechanism, measurement, or causal verdict","","RENDER_EXACT_TEXT","$260M | ORIGINAL CLAIM | NOT A CAUSATION FINDING","$260M","The uncertainty did not prevent lawsuits. Diamond Crystal originally sued Texaco for two hundred and sixty million dollars.","16:9 1920x1080 Hidden Industrial America generated editorial infographic / technical illustration; charcoal #171A1C, iron #30363A, warm paper #E6DDC8, ivory #F3EBDD, faded rust #A55235, blueprint gray-blue #5F747D; lower 15% visually quiet for subtitles; no black caption box; no neon; no horror; no fake archival damage/date stamp/newspaper; no unsupported mechanism, measurement, or causal verdict; no synthetic exact pipeline-route geography unless source-traced. Scene: lawsuit amount typography as financial-history fact, not evidence of technical blame. ALL REQUIRED TEXT AND NUMBERS MUST BE GENERATED DIRECTLY IN THE IMAGE. Render EXACTLY the following text and no other readable text: [$260M | ORIGINAL CLAIM | NOT A CAUSATION FINDING]. No blank panels, no placeholder labels. Use bold condensed sans-serif, large readable hierarchy, minimal short labels, and accurate symbols for ≈, <, ↔, and ≠ where listed.","R4_READY_FOR_HARD_QC"
"LP-GFX-047","GFX","LP-B071","10","LP-S14","FACTUAL_REFERENCE_ONLY: do not attach, copy, or imitate copyrighted webpage/photo/design; use facts only | GENERATED_EDITORIAL_GRAPHIC: no unsupported mechanism, measurement, or causal verdict","","RENDER_EXACT_TEXT","$32M | 1983 SETTLEMENT | SETTLEMENT ≠ CAUSATION","$32M","In 1983, Diamond Crystal accepted a thirty-two-million-dollar settlement from Texaco and Wilson Brothers.","16:9 1920x1080 Hidden Industrial America generated editorial infographic / technical illustration; charcoal #171A1C, iron #30363A, warm paper #E6DDC8, ivory #F3EBDD, faded rust #A55235, blueprint gray-blue #5F747D; lower 15% visually quiet for subtitles; no black caption box; no neon; no horror; no fake archival damage/date stamp/newspaper; no unsupported mechanism, measurement, or causal verdict; no synthetic exact pipeline-route geography unless source-traced. Scene: 1983 settlement amount typography, explicitly settlement not causation. ALL REQUIRED TEXT AND NUMBERS MUST BE GENERATED DIRECTLY IN THE IMAGE. Render EXACTLY the following text and no other readable text: [$32M | 1983 SETTLEMENT | SETTLEMENT ≠ CAUSATION]. No blank panels, no placeholder labels. Use bold condensed sans-serif, large readable hierarchy, minimal short labels, and accurate symbols for ≈, <, ↔, and ≠ where listed.","R4_READY_FOR_HARD_QC"
"LP-GFX-048","GFX","LP-B072","10","LP-S14","FACTUAL_REFERENCE_ONLY: do not attach, copy, or imitate copyrighted webpage/photo/design; use facts only | GENERATED_EDITORIAL_GRAPHIC: no unsupported mechanism, measurement, or causal verdict","","RENDER_EXACT_TEXT","$12.8M | LIVE OAK GARDENS SETTLEMENT","$12.8M","Live Oak Gardens interests received twelve-point-eight million dollars in a separate settlement involving the companies. Those numbers resolved claims. They did not restore the underground system.","16:9 1920x1080 Hidden Industrial America generated editorial infographic / technical illustration; charcoal #171A1C, iron #30363A, warm paper #E6DDC8, ivory #F3EBDD, faded rust #A55235, blueprint gray-blue #5F747D; lower 15% visually quiet for subtitles; no black caption box; no neon; no horror; no fake archival damage/date stamp/newspaper; no unsupported mechanism, measurement, or causal verdict; no synthetic exact pipeline-route geography unless source-traced. Scene: Live Oak Gardens settlement typography, separate from mine restoration or technical findings. ALL REQUIRED TEXT AND NUMBERS MUST BE GENERATED DIRECTLY IN THE IMAGE. Render EXACTLY the following text and no other readable text: [$12.8M | LIVE OAK GARDENS SETTLEMENT]. No blank panels, no placeholder labels. Use bold condensed sans-serif, large readable hierarchy, minimal short labels, and accurate symbols for ≈, <, ↔, and ≠ where listed.","R4_READY_FOR_HARD_QC"
"LP-GFX-049","GFX","LP-B074","10","LP-S15","JUDICIAL_FACT_ONLY: use the court-record fact; do not imitate commercial database page design | GENERATED_EDITORIAL_GRAPHIC: no unsupported mechanism, measurement, or causal verdict","","RENDER_EXACT_TEXT","≈250 EMPLOYEES | LAID OFF AFTER MINE CLOSURE","~250 employees","Louisiana appellate records later described approximately two hundred and fifty Diamond Crystal employees being laid off after the closure. That is the quieter scale of the disaster.","16:9 1920x1080 Hidden Industrial America generated editorial infographic / technical illustration; charcoal #171A1C, iron #30363A, warm paper #E6DDC8, ivory #F3EBDD, faded rust #A55235, blueprint gray-blue #5F747D; lower 15% visually quiet for subtitles; no black caption box; no neon; no horror; no fake archival damage/date stamp/newspaper; no unsupported mechanism, measurement, or causal verdict; no synthetic exact pipeline-route geography unless source-traced. Scene: employment consequence typography tied to appellate record. ALL REQUIRED TEXT AND NUMBERS MUST BE GENERATED DIRECTLY IN THE IMAGE. Render EXACTLY the following text and no other readable text: [≈250 EMPLOYEES | LAID OFF AFTER MINE CLOSURE]. No blank panels, no placeholder labels. Use bold condensed sans-serif, large readable hierarchy, minimal short labels, and accurate symbols for ≈, <, ↔, and ≠ where listed.","R4_READY_FOR_HARD_QC"
"LP-GFX-050","GFX","LP-B078","11","LP-S03;LP-S16","FACTUAL_REFERENCE_ONLY: do not attach, copy, or imitate copyrighted webpage/photo/design; use facts only | SOURCE_GEOMETRY_ONLY_WHERE_DOCUMENTED: literal geometry only from the named source; otherwise label the visual conceptual/estimated | GENERATED_EDITORIAL_GRAPHIC: no unsupported mechanism, measurement, or causal verdict | CURRENT_FACT_AS_OF_2026-09-27: ONEOK official current-context source; do not present as a 1980 fact","","RENDER_EXACT_TEXT","MODERN SALT-CAVERN GAS STORAGE | INJECTION | WITHDRAWAL | CONCEPTUAL","","Today, Jefferson Island Storage & Hub operates as a salt-cavern natural-gas storage facility. One Oak says the facility connects with eight major pipelines.","16:9 1920x1080 Hidden Industrial America generated editorial infographic / technical illustration; charcoal #171A1C, iron #30363A, warm paper #E6DDC8, ivory #F3EBDD, faded rust #A55235, blueprint gray-blue #5F747D; lower 15% visually quiet for subtitles; no black caption box; no neon; no horror; no fake archival damage/date stamp/newspaper; no unsupported mechanism, measurement, or causal verdict; no synthetic exact pipeline-route geography unless source-traced. Scene: modern engineered salt-cavern storage cycle: injection/withdrawal wellhead above a conceptual salt cavern, explaining how salt geology supports gas storage; not a literal Jefferson Island facility layout and visually distinct from the pipeline-network frame. ALL REQUIRED TEXT AND NUMBERS MUST BE GENERATED DIRECTLY IN THE IMAGE. Render EXACTLY the following text and no other readable text: [MODERN SALT-CAVERN GAS STORAGE | INJECTION | WITHDRAWAL | CONCEPTUAL]. No blank panels, no placeholder labels. Use bold condensed sans-serif, large readable hierarchy, minimal short labels, and accurate symbols for ≈, <, ↔, and ≠ where listed.","R4_READY_FOR_HARD_QC"
"LP-GFX-051","GFX","LP-B078","11","LP-S16","FACTUAL_REFERENCE_ONLY: do not attach, copy, or imitate copyrighted webpage/photo/design; use facts only | GENERATED_EDITORIAL_GRAPHIC: no unsupported mechanism, measurement, or causal verdict | CURRENT_FACT_AS_OF_2026-09-27: ONEOK official current-context source; do not present as a 1980 fact","","RENDER_EXACT_TEXT","JEFFERSON ISLAND STORAGE & HUB | 8 MAJOR PIPELINE CONNECTIONS | CURRENT CONTEXT | SCHEMATIC ONLY — NO ROUTE MAP","8 pipelines","Today, Jefferson Island Storage & Hub operates as a salt-cavern natural-gas storage facility. One Oak says the facility connects with eight major pipelines.","16:9 1920x1080 Hidden Industrial America generated editorial infographic / technical illustration; charcoal #171A1C, iron #30363A, warm paper #E6DDC8, ivory #F3EBDD, faded rust #A55235, blueprint gray-blue #5F747D; lower 15% visually quiet for subtitles; no black caption box; no neon; no horror; no fake archival damage/date stamp/newspaper; no unsupported mechanism, measurement, or causal verdict; no synthetic exact pipeline-route geography unless source-traced. Scene: current JISH connectivity graphic with eight major pipelines; source-dated current context, generic network only. ALL REQUIRED TEXT AND NUMBERS MUST BE GENERATED DIRECTLY IN THE IMAGE. Render EXACTLY the following text and no other readable text: [JEFFERSON ISLAND STORAGE & HUB | 8 MAJOR PIPELINE CONNECTIONS | CURRENT CONTEXT | SCHEMATIC ONLY — NO ROUTE MAP]. No blank panels, no placeholder labels. Use bold condensed sans-serif, large readable hierarchy, minimal short labels, and accurate symbols for ≈, <, ↔, and ≠ where listed. Show one central hub with exactly eight abstract connection lines; no U.S. silhouette, no regional route map, no named pipeline paths.","R4_READY_FOR_HARD_QC"
"LP-GFX-052","GFX","LP-B083","12","LP-S01;LP-S03","SOURCE_GEOMETRY_ONLY_WHERE_DOCUMENTED: literal geometry only from the named source; otherwise label the visual conceptual/estimated | GENERATED_EDITORIAL_GRAPHIC: no unsupported mechanism, measurement, or causal verdict","","RENDER_EXACT_TEXT","MINE FLOODED | SHORELINE COLLAPSED | CANAL REVERSED","","When those worlds became connected, gravity and salt amplified the failure. The mine flooded. The shoreline collapsed. The canal reversed.","16:9 1920x1080 Hidden Industrial America generated editorial infographic / technical illustration; charcoal #171A1C, iron #30363A, warm paper #E6DDC8, ivory #F3EBDD, faded rust #A55235, blueprint gray-blue #5F747D; lower 15% visually quiet for subtitles; no black caption box; no neon; no horror; no fake archival damage/date stamp/newspaper; no unsupported mechanism, measurement, or causal verdict; no synthetic exact pipeline-route geography unless source-traced. Scene: three-part consequence graphic: mine flooded / shoreline collapsed / canal reversed; descriptive, no causal overclaim. ALL REQUIRED TEXT AND NUMBERS MUST BE GENERATED DIRECTLY IN THE IMAGE. Render EXACTLY the following text and no other readable text: [MINE FLOODED | SHORELINE COLLAPSED | CANAL REVERSED]. No blank panels, no placeholder labels. Use bold condensed sans-serif, large readable hierarchy, minimal short labels, and accurate symbols for ≈, <, ↔, and ≠ where listed.","R4_READY_FOR_HARD_QC"
"LP-GFX-053","GFX","LP-B083","12","LP-S01;LP-S04","SOURCE_GEOMETRY_ONLY_WHERE_DOCUMENTED: literal geometry only from the named source; otherwise label the visual conceptual/estimated | GENERATED_EDITORIAL_GRAPHIC: no unsupported mechanism, measurement, or causal verdict","","RENDER_EXACT_TEXT","GRAVITY | FRESH WATER | SALT DISSOLUTION | AMPLIFICATION","","When those worlds became connected, gravity and salt amplified the failure. The mine flooded. The shoreline collapsed. The canal reversed.","16:9 1920x1080 Hidden Industrial America generated editorial infographic / technical illustration; charcoal #171A1C, iron #30363A, warm paper #E6DDC8, ivory #F3EBDD, faded rust #A55235, blueprint gray-blue #5F747D; lower 15% visually quiet for subtitles; no black caption box; no neon; no horror; no fake archival damage/date stamp/newspaper; no unsupported mechanism, measurement, or causal verdict; no synthetic exact pipeline-route geography unless source-traced. Scene: gravity + salt amplification concept with no exact breach path or measured rates. ALL REQUIRED TEXT AND NUMBERS MUST BE GENERATED DIRECTLY IN THE IMAGE. Render EXACTLY the following text and no other readable text: [GRAVITY | FRESH WATER | SALT DISSOLUTION | AMPLIFICATION]. No blank panels, no placeholder labels. Use bold condensed sans-serif, large readable hierarchy, minimal short labels, and accurate symbols for ≈, <, ↔, and ≠ where listed.","R4_READY_FOR_HARD_QC"
"LP-GFX-054","GFX","LP-B086","12","LP-S01;LP-S03","SOURCE_GEOMETRY_ONLY_WHERE_DOCUMENTED: literal geometry only from the named source; otherwise label the visual conceptual/estimated | GENERATED_EDITORIAL_GRAPHIC: no unsupported mechanism, measurement, or causal verdict","","RENDER_EXACT_TEXT","SURFACE LANDSCAPE | HIDDEN INFRASTRUCTURE","","The visible landscape was only one layer of the system. The decisive infrastructure was hidden. Lake Peigneur is remembered because a lake disappeared.","16:9 1920x1080 Hidden Industrial America generated editorial infographic / technical illustration; charcoal #171A1C, iron #30363A, warm paper #E6DDC8, ivory #F3EBDD, faded rust #A55235, blueprint gray-blue #5F747D; lower 15% visually quiet for subtitles; no black caption box; no neon; no horror; no fake archival damage/date stamp/newspaper; no unsupported mechanism, measurement, or causal verdict; no synthetic exact pipeline-route geography unless source-traced. Scene: surface landscape / hidden infrastructure dual-layer thesis, visually distinct from maps by using editorial cutaway symbols. ALL REQUIRED TEXT AND NUMBERS MUST BE GENERATED DIRECTLY IN THE IMAGE. Render EXACTLY the following text and no other readable text: [SURFACE LANDSCAPE | HIDDEN INFRASTRUCTURE]. No blank panels, no placeholder labels. Use bold condensed sans-serif, large readable hierarchy, minimal short labels, and accurate symbols for ≈, <, ↔, and ≠ where listed.","R4_READY_FOR_HARD_QC"
"LP-GFX-055","GFX","LP-B087","12","LP-S01;LP-S03","SOURCE_GEOMETRY_ONLY_WHERE_DOCUMENTED: literal geometry only from the named source; otherwise label the visual conceptual/estimated | GENERATED_EDITORIAL_GRAPHIC: no unsupported mechanism, measurement, or causal verdict","","RENDER_EXACT_TEXT","INFRASTRUCTURE DOES NOT STOP AT THE SURFACE","","The deeper lesson is why. Infrastructure does not stop at the surface. And the systems we cannot see can be the systems that matter most.","16:9 1920x1080 Hidden Industrial America generated editorial infographic / technical illustration; charcoal #171A1C, iron #30363A, warm paper #E6DDC8, ivory #F3EBDD, faded rust #A55235, blueprint gray-blue #5F747D; lower 15% visually quiet for subtitles; no black caption box; no neon; no horror; no fake archival damage/date stamp/newspaper; no unsupported mechanism, measurement, or causal verdict; no synthetic exact pipeline-route geography unless source-traced. Scene: final thesis graphic: infrastructure does not stop at the surface; restrained vertical-layer composition, not another calm-lake hero image. ALL REQUIRED TEXT AND NUMBERS MUST BE GENERATED DIRECTLY IN THE IMAGE. Render EXACTLY the following text and no other readable text: [INFRASTRUCTURE DOES NOT STOP AT THE SURFACE]. No blank panels, no placeholder labels. Use bold condensed sans-serif, large readable hierarchy, minimal short labels, and accurate symbols for ≈, <, ↔, and ≠ where listed.","R4_READY_FOR_HARD_QC"
"LP-REC-001","RECONSTRUCTION","LP-B001","0","LP-S01","SYNTHETIC_RECONSTRUCTION: never label HISTORICAL SOURCE; no exact unseen breach geometry; no invented human reactions or unsupported action","","NO_TEXT","NONE — NO TEXT","","On November 20, 1980, a drilling crew on Lake Peigneur had a problem. More than a thousand feet below them, a salt mine had a different one.","16:9 1920x1080 Hidden Industrial America cinematic documentary reconstruction; charcoal #171A1C, iron #30363A, warm paper #E6DDC8, ivory #F3EBDD, faded rust #A55235, blueprint gray-blue #5F747D; lower 15% visually quiet for subtitles; no black caption box; no neon; no horror; no flags, no eagles, no gear-symbol branding, no logos, no fake archival damage/date stamp/newspaper, no readable signs or accidental text. Modern source-grounded historical reconstruction, never an archival photograph: pre-event wide Lake Peigneur establishing view with a floating drilling platform in restrained November 1980 industrial context; no disaster action yet. Louisiana, November 1980 where historical; believable period equipment/clothing where people appear; restrained natural light; documentary realism; no sensational disaster spectacle; no exact unseen breach geometry or invented causation. EXACT_TEXT_TO_RENDER: NONE — NO TEXT. Do not generate captions, titles, signs, labels, watermarks, or any readable text inside the image. Remove all flags from boats, shore structures, equipment, and background.","R4_READY_FOR_HARD_QC"
"LP-REC-002","RECONSTRUCTION","LP-B002","0","LP-S01","SYNTHETIC_RECONSTRUCTION: never label HISTORICAL SOURCE; no exact unseen breach geometry; no invented human reactions or unsupported action","","NO_TEXT","NONE — NO TEXT","","At the surface, the drill assembly was stuck at roughly twelve hundred and twenty-eight feet. Underground, workers were finding water where water should never have been. In a salt mine.","16:9 1920x1080 Hidden Industrial America cinematic documentary reconstruction; charcoal #171A1C, iron #30363A, warm paper #E6DDC8, ivory #F3EBDD, faded rust #A55235, blueprint gray-blue #5F747D; lower 15% visually quiet for subtitles; no black caption box; no neon; no horror; no flags, no eagles, no gear-symbol branding, no logos, no fake archival damage/date stamp/newspaper, no readable signs or accidental text. Modern source-grounded historical reconstruction, never an archival photograph: drill-floor close view showing a stuck drill assembly as an operational problem; no invented gauges, readings, or emotional reactions. Louisiana, November 1980 where historical; believable period equipment/clothing where people appear; restrained natural light; documentary realism; no sensational disaster spectacle; no exact unseen breach geometry or invented causation. EXACT_TEXT_TO_RENDER: NONE — NO TEXT. Do not generate captions, titles, signs, labels, watermarks, or any readable text inside the image.","R4_READY_FOR_HARD_QC"
"LP-REC-003","RECONSTRUCTION","LP-B002","0","LP-S01","SYNTHETIC_RECONSTRUCTION: never label HISTORICAL SOURCE; no exact unseen breach geometry; no invented human reactions or unsupported action","","NO_TEXT","NONE — NO TEXT","","At the surface, the drill assembly was stuck at roughly twelve hundred and twenty-eight feet. Underground, workers were finding water where water should never have been. In a salt mine.","16:9 1920x1080 Hidden Industrial America cinematic documentary reconstruction; charcoal #171A1C, iron #30363A, warm paper #E6DDC8, ivory #F3EBDD, faded rust #A55235, blueprint gray-blue #5F747D; lower 15% visually quiet for subtitles; no black caption box; no neon; no horror; no flags, no eagles, no gear-symbol branding, no logos, no fake archival damage/date stamp/newspaper, no readable signs or accidental text. Modern source-grounded historical reconstruction, never an archival photograph: floor-level inflow discovery in a salt-mine passage with a worker present for scale, face turned away and no dramatized reaction; the source of the water remains unseen. Louisiana, November 1980 where historical; believable period equipment/clothing where people appear; restrained natural light; documentary realism; no sensational disaster spectacle; no exact unseen breach geometry or invented causation. EXACT_TEXT_TO_RENDER: NONE — NO TEXT. Do not generate captions, titles, signs, labels, watermarks, or any readable text inside the image.","R4_READY_FOR_HARD_QC"
"LP-REC-004","RECONSTRUCTION","LP-B003","0","LP-S01;LP-S02","SYNTHETIC_RECONSTRUCTION: never label HISTORICAL SOURCE; no exact unseen breach geometry; no invented human reactions or unsupported action","","NO_TEXT","NONE — NO TEXT","","Fifty-two people were below ground. Seven more were on the drilling platform above them. Within hours, the platform would be gone. Part of the shoreline would be gone.","16:9 1920x1080 Hidden Industrial America cinematic documentary reconstruction; charcoal #171A1C, iron #30363A, warm paper #E6DDC8, ivory #F3EBDD, faded rust #A55235, blueprint gray-blue #5F747D; lower 15% visually quiet for subtitles; no black caption box; no neon; no horror; no flags, no eagles, no gear-symbol branding, no logos, no fake archival damage/date stamp/newspaper, no readable signs or accidental text. Modern source-grounded historical reconstruction, never an archival photograph: wide underground mine scale with dispersed workers in separate working areas; do not imply exact individual positions. Louisiana, November 1980 where historical; believable period equipment/clothing where people appear; restrained natural light; documentary realism; no sensational disaster spectacle; no exact unseen breach geometry or invented causation. EXACT_TEXT_TO_RENDER: NONE — NO TEXT. Do not generate captions, titles, signs, labels, watermarks, or any readable text inside the image.","R4_READY_FOR_HARD_QC"
"LP-REC-005","RECONSTRUCTION","LP-B004","0","LP-S01","SYNTHETIC_RECONSTRUCTION: never label HISTORICAL SOURCE; no exact unseen breach geometry; no invented human reactions or unsupported action","","NO_TEXT","NONE — NO TEXT","","And the canal connected to the lake would begin flowing in the wrong direction. Everyone would survive. But the industrial landscape beneath Jefferson Island would never be the same.","16:9 1920x1080 Hidden Industrial America cinematic documentary reconstruction; charcoal #171A1C, iron #30363A, warm paper #E6DDC8, ivory #F3EBDD, faded rust #A55235, blueprint gray-blue #5F747D; lower 15% visually quiet for subtitles; no black caption box; no neon; no horror; no flags, no eagles, no gear-symbol branding, no logos, no fake archival damage/date stamp/newspaper, no readable signs or accidental text. Modern source-grounded historical reconstruction, never an archival photograph: surface lake with distant platform and calm shoreline before visible landscape failure; distinct telephoto composition from REC-001. Louisiana, November 1980 where historical; believable period equipment/clothing where people appear; restrained natural light; documentary realism; no sensational disaster spectacle; no exact unseen breach geometry or invented causation. EXACT_TEXT_TO_RENDER: NONE — NO TEXT. Do not generate captions, titles, signs, labels, watermarks, or any readable text inside the image.","R4_READY_FOR_HARD_QC"
"LP-REC-006","RECONSTRUCTION","LP-B007","1","LP-S01;LP-S03","SOURCE_GEOMETRY_ONLY_WHERE_DOCUMENTED: literal geometry only from the named source; otherwise label the visual conceptual/estimated | SYNTHETIC_RECONSTRUCTION: never label HISTORICAL SOURCE; no exact unseen breach geometry; no invented human reactions or unsupported action","","NO_TEXT","NONE — NO TEXT","","Lake Peigneur looked simple from the surface. A shallow Louisiana lake. Trees and gardens around Jefferson Island. A drilling platform floating on the water.","16:9 1920x1080 Hidden Industrial America cinematic documentary reconstruction; charcoal #171A1C, iron #30363A, warm paper #E6DDC8, ivory #F3EBDD, faded rust #A55235, blueprint gray-blue #5F747D; lower 15% visually quiet for subtitles; no black caption box; no neon; no horror; no flags, no eagles, no gear-symbol branding, no logos, no fake archival damage/date stamp/newspaper, no readable signs or accidental text. Modern source-grounded historical reconstruction, never an archival photograph: low shoreline pre-event establishing frame with trees/gardens foreground and drilling platform distant on the lake; distinct from prior wide shots. Louisiana, November 1980 where historical; believable period equipment/clothing where people appear; restrained natural light; documentary realism; no sensational disaster spectacle; no exact unseen breach geometry or invented causation. EXACT_TEXT_TO_RENDER: NONE — NO TEXT. Do not generate captions, titles, signs, labels, watermarks, or any readable text inside the image.","R4_READY_FOR_HARD_QC"
"LP-REC-007","RECONSTRUCTION","LP-B010","1","LP-S01","SYNTHETIC_RECONSTRUCTION: never label HISTORICAL SOURCE; no exact unseen breach geometry; no invented human reactions or unsupported action","","NO_TEXT","NONE — NO TEXT","","By 1980, Diamond Crystal Salt Company operated a room-and-pillar mine beneath the area.","16:9 1920x1080 Hidden Industrial America cinematic documentary reconstruction; charcoal #171A1C, iron #30363A, warm paper #E6DDC8, ivory #F3EBDD, faded rust #A55235, blueprint gray-blue #5F747D; lower 15% visually quiet for subtitles; no black caption box; no neon; no horror; no flags, no eagles, no gear-symbol branding, no logos, no fake archival damage/date stamp/newspaper, no readable signs or accidental text. Modern source-grounded historical reconstruction, never an archival photograph: working room-and-pillar salt-mine interior circa 1980 with believable equipment and scale; no exact historical layout claim. Louisiana, November 1980 where historical; believable period equipment/clothing where people appear; restrained natural light; documentary realism; no sensational disaster spectacle; no exact unseen breach geometry or invented causation. EXACT_TEXT_TO_RENDER: NONE — NO TEXT. Do not generate captions, titles, signs, labels, watermarks, or any readable text inside the image.","R4_READY_FOR_HARD_QC"
"LP-REC-008","RECONSTRUCTION","LP-B014","1","LP-S01","SYNTHETIC_RECONSTRUCTION: never label HISTORICAL SOURCE; no exact unseen breach geometry; no invented human reactions or unsupported action","","NO_TEXT","NONE — NO TEXT","","Wilson Brothers was drilling the exploratory well from a floating platform. So one industry was moving horizontally through the salt underground. Another was drilling vertically from the lake above.","16:9 1920x1080 Hidden Industrial America cinematic documentary reconstruction; charcoal #171A1C, iron #30363A, warm paper #E6DDC8, ivory #F3EBDD, faded rust #A55235, blueprint gray-blue #5F747D; lower 15% visually quiet for subtitles; no black caption box; no neon; no horror; no flags, no eagles, no gear-symbol branding, no logos, no fake archival damage/date stamp/newspaper, no readable signs or accidental text. Modern source-grounded historical reconstruction, never an archival photograph: floating exploratory drilling operation from a deck-level industrial angle; no corporate logos or copied press image composition. Louisiana, November 1980 where historical; believable period equipment/clothing where people appear; restrained natural light; documentary realism; no sensational disaster spectacle; no exact unseen breach geometry or invented causation. EXACT_TEXT_TO_RENDER: NONE — NO TEXT. Do not generate captions, titles, signs, labels, watermarks, or any readable text inside the image.","R4_READY_FOR_HARD_QC"
"LP-REC-009","RECONSTRUCTION","LP-B014","1","LP-S01;LP-S19","SOURCE_GEOMETRY_ONLY_WHERE_DOCUMENTED: literal geometry only from the named source; otherwise label the visual conceptual/estimated | SYNTHETIC_RECONSTRUCTION: never label HISTORICAL SOURCE; no exact unseen breach geometry; no invented human reactions or unsupported action","","NO_TEXT","NONE — NO TEXT","","Wilson Brothers was drilling the exploratory well from a floating platform. So one industry was moving horizontally through the salt underground. Another was drilling vertically from the lake above.","16:9 1920x1080 Hidden Industrial America cinematic documentary reconstruction; charcoal #171A1C, iron #30363A, warm paper #E6DDC8, ivory #F3EBDD, faded rust #A55235, blueprint gray-blue #5F747D; lower 15% visually quiet for subtitles; no black caption box; no neon; no horror; no flags, no eagles, no gear-symbol branding, no logos, no fake archival damage/date stamp/newspaper, no readable signs or accidental text. Modern source-grounded historical reconstruction, never an archival photograph: conceptual cinematic cutaway with vertical drill above and horizontal mine workings below as separate systems in proximity; no confirmed intersection. Louisiana, November 1980 where historical; believable period equipment/clothing where people appear; restrained natural light; documentary realism; no sensational disaster spectacle; no exact unseen breach geometry or invented causation. EXACT_TEXT_TO_RENDER: NONE — NO TEXT. Do not generate captions, titles, signs, labels, watermarks, or any readable text inside the image.","R4_READY_FOR_HARD_QC"
"LP-REC-010","RECONSTRUCTION","LP-B015","1","LP-S01;LP-S04","SOURCE_GEOMETRY_ONLY_WHERE_DOCUMENTED: literal geometry only from the named source; otherwise label the visual conceptual/estimated | SYNTHETIC_RECONSTRUCTION: never label HISTORICAL SOURCE; no exact unseen breach geometry; no invented human reactions or unsupported action","","NO_TEXT","NONE — NO TEXT","","Each could work safely only if the geometry separating them remained understood. And there was one physical rule that made that separation critical. Fresh water dissolves salt.","16:9 1920x1080 Hidden Industrial America cinematic documentary reconstruction; charcoal #171A1C, iron #30363A, warm paper #E6DDC8, ivory #F3EBDD, faded rust #A55235, blueprint gray-blue #5F747D; lower 15% visually quiet for subtitles; no black caption box; no neon; no horror; no flags, no eagles, no gear-symbol branding, no logos, no fake archival damage/date stamp/newspaper, no readable signs or accidental text. Modern source-grounded historical reconstruction, never an archival photograph: macro salt-wall detail with fresh water beginning to dissolve the surface; material mechanism only. Louisiana, November 1980 where historical; believable period equipment/clothing where people appear; restrained natural light; documentary realism; no sensational disaster spectacle; no exact unseen breach geometry or invented causation. EXACT_TEXT_TO_RENDER: NONE — NO TEXT. Do not generate captions, titles, signs, labels, watermarks, or any readable text inside the image.","R4_READY_FOR_HARD_QC"
"LP-REC-011","RECONSTRUCTION","LP-B016","2","LP-S01","SYNTHETIC_RECONSTRUCTION: never label HISTORICAL SOURCE; no exact unseen breach geometry; no invented human reactions or unsupported action","","NO_TEXT","NONE — NO TEXT","","That morning, the drill assembly would not come free. Later reconstructions placed it at roughly twelve hundred and twenty-eight feet — close enough to the mine's thirteen-hundred-foot level to become central to the investigation.","16:9 1920x1080 Hidden Industrial America cinematic documentary reconstruction; charcoal #171A1C, iron #30363A, warm paper #E6DDC8, ivory #F3EBDD, faded rust #A55235, blueprint gray-blue #5F747D; lower 15% visually quiet for subtitles; no black caption box; no neon; no horror; no flags, no eagles, no gear-symbol branding, no logos, no fake archival damage/date stamp/newspaper, no readable signs or accidental text. Modern source-grounded historical reconstruction, never an archival photograph: drill crew working around the stuck assembly without staged panic or invented reactions; approximate depth is conveyed later by GFX, not visually guessed. Louisiana, November 1980 where historical; believable period equipment/clothing where people appear; restrained natural light; documentary realism; no sensational disaster spectacle; no exact unseen breach geometry or invented causation. EXACT_TEXT_TO_RENDER: NONE — NO TEXT. Do not generate captions, titles, signs, labels, watermarks, or any readable text inside the image.","R4_READY_FOR_HARD_QC"
"LP-REC-012","RECONSTRUCTION","LP-B016","2","LP-S01;LP-S19","SOURCE_GEOMETRY_ONLY_WHERE_DOCUMENTED: literal geometry only from the named source; otherwise label the visual conceptual/estimated | SYNTHETIC_RECONSTRUCTION: never label HISTORICAL SOURCE; no exact unseen breach geometry; no invented human reactions or unsupported action","","NO_TEXT","NONE — NO TEXT","","That morning, the drill assembly would not come free. Later reconstructions placed it at roughly twelve hundred and twenty-eight feet — close enough to the mine's thirteen-hundred-foot level to become central to the investigation.","16:9 1920x1080 Hidden Industrial America cinematic documentary reconstruction; charcoal #171A1C, iron #30363A, warm paper #E6DDC8, ivory #F3EBDD, faded rust #A55235, blueprint gray-blue #5F747D; lower 15% visually quiet for subtitles; no black caption box; no neon; no horror; no flags, no eagles, no gear-symbol branding, no logos, no fake archival damage/date stamp/newspaper, no readable signs or accidental text. Modern source-grounded historical reconstruction, never an archival photograph: underground perspective at a generic deep working level, emphasizing distance and scale; do not depict a confirmed breach or exact 1,300-ft room geometry. Louisiana, November 1980 where historical; believable period equipment/clothing where people appear; restrained natural light; documentary realism; no sensational disaster spectacle; no exact unseen breach geometry or invented causation. EXACT_TEXT_TO_RENDER: NONE — NO TEXT. Do not generate captions, titles, signs, labels, watermarks, or any readable text inside the image.","R4_READY_FOR_HARD_QC"
"LP-REC-013","RECONSTRUCTION","LP-B017","2","LP-S01","SYNTHETIC_RECONSTRUCTION: never label HISTORICAL SOURCE; no exact unseen breach geometry; no invented human reactions or unsupported action","","NO_TEXT","NONE — NO TEXT","","Then the problem changed. Water began entering the mine. For the people underground, that transformed the situation immediately. Salt mines are built to manage normal underground conditions.","16:9 1920x1080 Hidden Industrial America cinematic documentary reconstruction; charcoal #171A1C, iron #30363A, warm paper #E6DDC8, ivory #F3EBDD, faded rust #A55235, blueprint gray-blue #5F747D; lower 15% visually quiet for subtitles; no black caption box; no neon; no horror; no flags, no eagles, no gear-symbol branding, no logos, no fake archival damage/date stamp/newspaper, no readable signs or accidental text. Modern source-grounded historical reconstruction, never an archival photograph: first water entering a mine passage at floor level, source of water kept off-screen/unknown. Louisiana, November 1980 where historical; believable period equipment/clothing where people appear; restrained natural light; documentary realism; no sensational disaster spectacle; no exact unseen breach geometry or invented causation. EXACT_TEXT_TO_RENDER: NONE — NO TEXT. Do not generate captions, titles, signs, labels, watermarks, or any readable text inside the image.","R4_READY_FOR_HARD_QC"
"LP-REC-014","RECONSTRUCTION","LP-B018","2","LP-S01","SYNTHETIC_RECONSTRUCTION: never label HISTORICAL SOURCE; no exact unseen breach geometry; no invented human reactions or unsupported action","","NO_TEXT","NONE — NO TEXT","","They are not designed to accept a lake. And because the surrounding structure itself was soluble, no one could assume that an opening would remain the same size once water began moving through it.","16:9 1920x1080 Hidden Industrial America cinematic documentary reconstruction; charcoal #171A1C, iron #30363A, warm paper #E6DDC8, ivory #F3EBDD, faded rust #A55235, blueprint gray-blue #5F747D; lower 15% visually quiet for subtitles; no black caption box; no neon; no horror; no flags, no eagles, no gear-symbol branding, no logos, no fake archival damage/date stamp/newspaper, no readable signs or accidental text. Modern source-grounded historical reconstruction, never an archival photograph: water spreading across mine floor through a generic salt working; no exact route or flow rate. Louisiana, November 1980 where historical; believable period equipment/clothing where people appear; restrained natural light; documentary realism; no sensational disaster spectacle; no exact unseen breach geometry or invented causation. EXACT_TEXT_TO_RENDER: NONE — NO TEXT. Do not generate captions, titles, signs, labels, watermarks, or any readable text inside the image.","R4_READY_FOR_HARD_QC"
"LP-REC-015","RECONSTRUCTION","LP-B020","2","LP-S01;LP-S02","SYNTHETIC_RECONSTRUCTION: never label HISTORICAL SOURCE; no exact unseen breach geometry; no invented human reactions or unsupported action","","NO_TEXT","NONE — NO TEXT","","What exactly connected the drilling operation to the mine would become the great argument after the disaster. The connection itself was now the emergency.","16:9 1920x1080 Hidden Industrial America cinematic documentary reconstruction; charcoal #171A1C, iron #30363A, warm paper #E6DDC8, ivory #F3EBDD, faded rust #A55235, blueprint gray-blue #5F747D; lower 15% visually quiet for subtitles; no black caption box; no neon; no horror; no flags, no eagles, no gear-symbol branding, no logos, no fake archival damage/date stamp/newspaper, no readable signs or accidental text. Modern source-grounded historical reconstruction, never an archival photograph: miners responding to a worsening water emergency with purposeful movement, not panic; connection source remains unseen. Louisiana, November 1980 where historical; believable period equipment/clothing where people appear; restrained natural light; documentary realism; no sensational disaster spectacle; no exact unseen breach geometry or invented causation. EXACT_TEXT_TO_RENDER: NONE — NO TEXT. Do not generate captions, titles, signs, labels, watermarks, or any readable text inside the image.","R4_READY_FOR_HARD_QC"
"LP-REC-016","RECONSTRUCTION","LP-B021","3","LP-S01;LP-S02","SYNTHETIC_RECONSTRUCTION: never label HISTORICAL SOURCE; no exact unseen breach geometry; no invented human reactions or unsupported action","","NO_TEXT","NONE — NO TEXT","","The Mine Safety and Health Administration later recorded fifty-two people underground. They were not standing together beside an exit.","16:9 1920x1080 Hidden Industrial America cinematic documentary reconstruction; charcoal #171A1C, iron #30363A, warm paper #E6DDC8, ivory #F3EBDD, faded rust #A55235, blueprint gray-blue #5F747D; lower 15% visually quiet for subtitles; no black caption box; no neon; no horror; no flags, no eagles, no gear-symbol branding, no logos, no fake archival damage/date stamp/newspaper, no readable signs or accidental text. Modern source-grounded historical reconstruction, never an archival photograph: workers on separate mine levels beginning evacuation after warning, with no visible or invented communication device, signage, or named-person likeness. Louisiana, November 1980 where historical; believable period equipment/clothing where people appear; restrained natural light; documentary realism; no sensational disaster spectacle; no exact unseen breach geometry or invented causation. EXACT_TEXT_TO_RENDER: NONE — NO TEXT. Do not generate captions, titles, signs, labels, watermarks, or any readable text inside the image.","R4_READY_FOR_HARD_QC"
"LP-REC-017","RECONSTRUCTION","LP-B022","3","LP-S01;LP-S02","SYNTHETIC_RECONSTRUCTION: never label HISTORICAL SOURCE; no exact unseen breach geometry; no invented human reactions or unsupported action","","NO_TEXT","NONE — NO TEXT","","They were working inside a mine spread through multiple levels and workings. Now water was entering that system.","16:9 1920x1080 Hidden Industrial America cinematic documentary reconstruction; charcoal #171A1C, iron #30363A, warm paper #E6DDC8, ivory #F3EBDD, faded rust #A55235, blueprint gray-blue #5F747D; lower 15% visually quiet for subtitles; no black caption box; no neon; no horror; no flags, no eagles, no gear-symbol branding, no logos, no fake archival damage/date stamp/newspaper, no readable signs or accidental text. Modern source-grounded historical reconstruction, never an archival photograph: wide multi-level mine work environment transitioning from routine work to evacuation, with crews separated spatially. Louisiana, November 1980 where historical; believable period equipment/clothing where people appear; restrained natural light; documentary realism; no sensational disaster spectacle; no exact unseen breach geometry or invented causation. EXACT_TEXT_TO_RENDER: NONE — NO TEXT. Do not generate captions, titles, signs, labels, watermarks, or any readable text inside the image.","R4_READY_FOR_HARD_QC"
"LP-REC-018","RECONSTRUCTION","LP-B023","3","LP-S01;LP-S02","SYNTHETIC_RECONSTRUCTION: never label HISTORICAL SOURCE; no exact unseen breach geometry; no invented human reactions or unsupported action","","NO_TEXT","NONE — NO TEXT","","The mine had only one safe strategy left: move people out before flooding, ground failure or loss of access turned distance into a trap.","16:9 1920x1080 Hidden Industrial America cinematic documentary reconstruction; charcoal #171A1C, iron #30363A, warm paper #E6DDC8, ivory #F3EBDD, faded rust #A55235, blueprint gray-blue #5F747D; lower 15% visually quiet for subtitles; no black caption box; no neon; no horror; no flags, no eagles, no gear-symbol branding, no logos, no fake archival damage/date stamp/newspaper, no readable signs or accidental text. Modern source-grounded historical reconstruction, never an archival photograph: miners moving quickly and orderly through a long salt-mine corridor toward egress. Louisiana, November 1980 where historical; believable period equipment/clothing where people appear; restrained natural light; documentary realism; no sensational disaster spectacle; no exact unseen breach geometry or invented causation. EXACT_TEXT_TO_RENDER: NONE — NO TEXT. Do not generate captions, titles, signs, labels, watermarks, or any readable text inside the image.","R4_READY_FOR_HARD_QC"
"LP-REC-019","RECONSTRUCTION","LP-B023","3","LP-S01;LP-S02","SYNTHETIC_RECONSTRUCTION: never label HISTORICAL SOURCE; no exact unseen breach geometry; no invented human reactions or unsupported action","","NO_TEXT","NONE — NO TEXT","","The mine had only one safe strategy left: move people out before flooding, ground failure or loss of access turned distance into a trap.","16:9 1920x1080 Hidden Industrial America cinematic documentary reconstruction; charcoal #171A1C, iron #30363A, warm paper #E6DDC8, ivory #F3EBDD, faded rust #A55235, blueprint gray-blue #5F747D; lower 15% visually quiet for subtitles; no black caption box; no neon; no horror; no flags, no eagles, no gear-symbol branding, no logos, no fake archival damage/date stamp/newspaper, no readable signs or accidental text. Modern source-grounded historical reconstruction, never an archival photograph: wide underground junction with workers choosing a known egress direction; no fabricated exit signs/arrows. Louisiana, November 1980 where historical; believable period equipment/clothing where people appear; restrained natural light; documentary realism; no sensational disaster spectacle; no exact unseen breach geometry or invented causation. EXACT_TEXT_TO_RENDER: NONE — NO TEXT. Do not generate captions, titles, signs, labels, watermarks, or any readable text inside the image.","R4_READY_FOR_HARD_QC"
"LP-REC-020","RECONSTRUCTION","LP-B024","3","LP-S01;LP-S02","SYNTHETIC_RECONSTRUCTION: never label HISTORICAL SOURCE; no exact unseen breach geometry; no invented human reactions or unsupported action","","NO_TEXT","NONE — NO TEXT","","Workers began moving toward the exit. Supervisors and crew members had to account for people who had been distributed through the workings. Some had to be found.","16:9 1920x1080 Hidden Industrial America cinematic documentary reconstruction; charcoal #171A1C, iron #30363A, warm paper #E6DDC8, ivory #F3EBDD, faded rust #A55235, blueprint gray-blue #5F747D; lower 15% visually quiet for subtitles; no black caption box; no neon; no horror; no flags, no eagles, no gear-symbol branding, no logos, no fake archival damage/date stamp/newspaper, no readable signs or accidental text. Modern source-grounded historical reconstruction, never an archival photograph: supervisor/crew lead performing generic accountability check with workers; no invented named-person likenesses. Louisiana, November 1980 where historical; believable period equipment/clothing where people appear; restrained natural light; documentary realism; no sensational disaster spectacle; no exact unseen breach geometry or invented causation. EXACT_TEXT_TO_RENDER: NONE — NO TEXT. Do not generate captions, titles, signs, labels, watermarks, or any readable text inside the image.","R4_READY_FOR_HARD_QC"
"LP-REC-021","RECONSTRUCTION","LP-B024","3","LP-S01;LP-S02","SYNTHETIC_RECONSTRUCTION: never label HISTORICAL SOURCE; no exact unseen breach geometry; no invented human reactions or unsupported action","","NO_TEXT","NONE — NO TEXT","","Workers began moving toward the exit. Supervisors and crew members had to account for people who had been distributed through the workings. Some had to be found.","16:9 1920x1080 Hidden Industrial America cinematic documentary reconstruction; charcoal #171A1C, iron #30363A, warm paper #E6DDC8, ivory #F3EBDD, faded rust #A55235, blueprint gray-blue #5F747D; lower 15% visually quiet for subtitles; no black caption box; no neon; no horror; no flags, no eagles, no gear-symbol branding, no logos, no fake archival damage/date stamp/newspaper, no readable signs or accidental text. Modern source-grounded historical reconstruction, never an archival photograph: two workers searching a mine passage for remaining crew members; generic action grounded in recorded search efforts. Louisiana, November 1980 where historical; believable period equipment/clothing where people appear; restrained natural light; documentary realism; no sensational disaster spectacle; no exact unseen breach geometry or invented causation. EXACT_TEXT_TO_RENDER: NONE — NO TEXT. Do not generate captions, titles, signs, labels, watermarks, or any readable text inside the image.","R4_READY_FOR_HARD_QC"
"LP-REC-022","RECONSTRUCTION","LP-B025","3","LP-S01;LP-S02","SYNTHETIC_RECONSTRUCTION: never label HISTORICAL SOURCE; no exact unseen breach geometry; no invented human reactions or unsupported action","","NO_TEXT","NONE — NO TEXT","","Some had to travel through a mine that was changing from a workplace into an emergency scene. The official investigation later recognized several employees for leadership and search actions during the evacuation.","16:9 1920x1080 Hidden Industrial America cinematic documentary reconstruction; charcoal #171A1C, iron #30363A, warm paper #E6DDC8, ivory #F3EBDD, faded rust #A55235, blueprint gray-blue #5F747D; lower 15% visually quiet for subtitles; no black caption box; no neon; no horror; no flags, no eagles, no gear-symbol branding, no logos, no fake archival damage/date stamp/newspaper, no readable signs or accidental text. Modern source-grounded historical reconstruction, never an archival photograph: workers crossing a wet, changing mine environment during evacuation; no collapse spectacle around them. Louisiana, November 1980 where historical; believable period equipment/clothing where people appear; restrained natural light; documentary realism; no sensational disaster spectacle; no exact unseen breach geometry or invented causation. EXACT_TEXT_TO_RENDER: NONE — NO TEXT. Do not generate captions, titles, signs, labels, watermarks, or any readable text inside the image.","R4_READY_FOR_HARD_QC"
"LP-REC-023","RECONSTRUCTION","LP-B026","3","LP-S01;LP-S02","SYNTHETIC_RECONSTRUCTION: never label HISTORICAL SOURCE; no exact unseen breach geometry; no invented human reactions or unsupported action","","NO_TEXT","NONE — NO TEXT","","That matters because successful evacuations can look inevitable after the fact. They are not. The workers did not know how large the connection would become.","16:9 1920x1080 Hidden Industrial America cinematic documentary reconstruction; charcoal #171A1C, iron #30363A, warm paper #E6DDC8, ivory #F3EBDD, faded rust #A55235, blueprint gray-blue #5F747D; lower 15% visually quiet for subtitles; no black caption box; no neon; no horror; no flags, no eagles, no gear-symbol branding, no logos, no fake archival damage/date stamp/newspaper, no readable signs or accidental text. Modern source-grounded historical reconstruction, never an archival photograph: human-scale evacuation under uncertainty: close view of boots/lights/movement through salt passage, avoiding invented facial emotion. Louisiana, November 1980 where historical; believable period equipment/clothing where people appear; restrained natural light; documentary realism; no sensational disaster spectacle; no exact unseen breach geometry or invented causation. EXACT_TEXT_TO_RENDER: NONE — NO TEXT. Do not generate captions, titles, signs, labels, watermarks, or any readable text inside the image.","R4_READY_FOR_HARD_QC"
"LP-REC-024","RECONSTRUCTION","LP-B027","3","LP-S01;LP-S02","SYNTHETIC_RECONSTRUCTION: never label HISTORICAL SOURCE; no exact unseen breach geometry; no invented human reactions or unsupported action","","NO_TEXT","NONE — NO TEXT","","They did not know how quickly the inflow would grow. They only knew that water was entering a salt mine beneath a lake. And less than an hour after the inflow was discovered, all fifty-two people were out.","16:9 1920x1080 Hidden Industrial America cinematic documentary reconstruction; charcoal #171A1C, iron #30363A, warm paper #E6DDC8, ivory #F3EBDD, faded rust #A55235, blueprint gray-blue #5F747D; lower 15% visually quiet for subtitles; no black caption box; no neon; no horror; no flags, no eagles, no gear-symbol branding, no logos, no fake archival damage/date stamp/newspaper, no readable signs or accidental text. Modern source-grounded historical reconstruction, never an archival photograph: final group approaching a generic mine egress/hoist area, with no exact historical shaft, cage, elevator, signage, or route layout claimed. Louisiana, November 1980 where historical; believable period equipment/clothing where people appear; restrained natural light; documentary realism; no sensational disaster spectacle; no exact unseen breach geometry or invented causation. EXACT_TEXT_TO_RENDER: NONE — NO TEXT. Do not generate captions, titles, signs, labels, watermarks, or any readable text inside the image.","R4_READY_FOR_HARD_QC"
"LP-REC-025","RECONSTRUCTION","LP-B028","3","LP-S01;LP-S02","SYNTHETIC_RECONSTRUCTION: never label HISTORICAL SOURCE; no exact unseen breach geometry; no invented human reactions or unsupported action","","NO_TEXT","NONE — NO TEXT","","No one underground was injured in the inundation. The spectacle of Lake Peigneur can make that fact feel secondary. It is not.","16:9 1920x1080 Hidden Industrial America cinematic documentary reconstruction; charcoal #171A1C, iron #30363A, warm paper #E6DDC8, ivory #F3EBDD, faded rust #A55235, blueprint gray-blue #5F747D; lower 15% visually quiet for subtitles; no black caption box; no neon; no horror; no flags, no eagles, no gear-symbol branding, no logos, no fake archival damage/date stamp/newspaper, no readable signs or accidental text. Modern source-grounded historical reconstruction, never an archival photograph: emptying mine passage after evacuation with water continuing to advance; no people in danger. Louisiana, November 1980 where historical; believable period equipment/clothing where people appear; restrained natural light; documentary realism; no sensational disaster spectacle; no exact unseen breach geometry or invented causation. EXACT_TEXT_TO_RENDER: NONE — NO TEXT. Do not generate captions, titles, signs, labels, watermarks, or any readable text inside the image.","R4_READY_FOR_HARD_QC"
"LP-REC-026","RECONSTRUCTION","LP-B029","3","LP-S01;LP-S02","SYNTHETIC_RECONSTRUCTION: never label HISTORICAL SOURCE; no exact unseen breach geometry; no invented human reactions or unsupported action","","NO_TEXT","NONE — NO TEXT","","Before the lake became a national story, this was a mine emergency with more than fifty people below ground. And the emergency plan worked.","16:9 1920x1080 Hidden Industrial America cinematic documentary reconstruction; charcoal #171A1C, iron #30363A, warm paper #E6DDC8, ivory #F3EBDD, faded rust #A55235, blueprint gray-blue #5F747D; lower 15% visually quiet for subtitles; no black caption box; no neon; no horror; no flags, no eagles, no gear-symbol branding, no logos, no fake archival damage/date stamp/newspaper, no readable signs or accidental text. Modern source-grounded historical reconstruction, never an archival photograph: workers safely gathered in a generic surface industrial area after exit; relief conveyed by calm posture, not theatrical celebration. Louisiana, November 1980 where historical; believable period equipment/clothing where people appear; restrained natural light; documentary realism; no sensational disaster spectacle; no exact unseen breach geometry or invented causation. EXACT_TEXT_TO_RENDER: NONE — NO TEXT. Do not generate captions, titles, signs, labels, watermarks, or any readable text inside the image.","R4_READY_FOR_HARD_QC"
"LP-REC-027","RECONSTRUCTION","LP-B030","4","LP-S01;LP-S11","FACTUAL_REFERENCE_ONLY: do not attach, copy, or imitate copyrighted webpage/photo/design; use facts only | SYNTHETIC_RECONSTRUCTION: never label HISTORICAL SOURCE; no exact unseen breach geometry; no invented human reactions or unsupported action","","NO_TEXT","NONE — NO TEXT","","Above them, the seven-man drilling crew also got clear. Then the drilling platform disappeared.","16:9 1920x1080 Hidden Industrial America cinematic documentary reconstruction; charcoal #171A1C, iron #30363A, warm paper #E6DDC8, ivory #F3EBDD, faded rust #A55235, blueprint gray-blue #5F747D; lower 15% visually quiet for subtitles; no black caption box; no neon; no horror; no flags, no eagles, no gear-symbol branding, no logos, no fake archival damage/date stamp/newspaper, no readable signs or accidental text. Modern source-grounded historical reconstruction, never an archival photograph: seven-person drilling crew leaving the platform area quickly and safely; do not copy wire-service imagery or stage a leap/panic scene. Louisiana, November 1980 where historical; believable period equipment/clothing where people appear; restrained natural light; documentary realism; no sensational disaster spectacle; no exact unseen breach geometry or invented causation. EXACT_TEXT_TO_RENDER: NONE — NO TEXT. Do not generate captions, titles, signs, labels, watermarks, or any readable text inside the image.","R4_READY_FOR_HARD_QC"
"LP-REC-028","RECONSTRUCTION","LP-B030","4","LP-S01;LP-S11","FACTUAL_REFERENCE_ONLY: do not attach, copy, or imitate copyrighted webpage/photo/design; use facts only | SYNTHETIC_RECONSTRUCTION: never label HISTORICAL SOURCE; no exact unseen breach geometry; no invented human reactions or unsupported action","","NO_TEXT","NONE — NO TEXT","","Above them, the seven-man drilling crew also got clear. Then the drilling platform disappeared.","16:9 1920x1080 Hidden Industrial America cinematic documentary reconstruction; charcoal #171A1C, iron #30363A, warm paper #E6DDC8, ivory #F3EBDD, faded rust #A55235, blueprint gray-blue #5F747D; lower 15% visually quiet for subtitles; no black caption box; no neon; no horror; no flags, no eagles, no gear-symbol branding, no logos, no fake archival damage/date stamp/newspaper, no readable signs or accidental text. Modern source-grounded historical reconstruction, never an archival photograph: empty drilling platform on the lake shortly before its documented disappearance; no invented pre-loss motion or collapse posture. Louisiana, November 1980 where historical; believable period equipment/clothing where people appear; restrained natural light; documentary realism; no sensational disaster spectacle; no exact unseen breach geometry or invented causation. EXACT_TEXT_TO_RENDER: NONE — NO TEXT. Do not generate captions, titles, signs, labels, watermarks, or any readable text inside the image.","R4_READY_FOR_HARD_QC"
"LP-REC-029","RECONSTRUCTION","LP-B031","4","LP-S01","SYNTHETIC_RECONSTRUCTION: never label HISTORICAL SOURCE; no exact unseen breach geometry; no invented human reactions or unsupported action","","NO_TEXT","NONE — NO TEXT","","That was the point where the failure stopped looking like a problem inside an industrial system and started looking like the landscape itself was moving. The lake began pulling toward the failure zone.","16:9 1920x1080 Hidden Industrial America cinematic documentary reconstruction; charcoal #171A1C, iron #30363A, warm paper #E6DDC8, ivory #F3EBDD, faded rust #A55235, blueprint gray-blue #5F747D; lower 15% visually quiet for subtitles; no black caption box; no neon; no horror; no flags, no eagles, no gear-symbol branding, no logos, no fake archival damage/date stamp/newspaper, no readable signs or accidental text. Modern source-grounded historical reconstruction, never an archival photograph: lake surface visibly pulling toward a developing failure zone; restrained scale, no impossible vortex geometry. Louisiana, November 1980 where historical; believable period equipment/clothing where people appear; restrained natural light; documentary realism; no sensational disaster spectacle; no exact unseen breach geometry or invented causation. EXACT_TEXT_TO_RENDER: NONE — NO TEXT. Do not generate captions, titles, signs, labels, watermarks, or any readable text inside the image.","R4_READY_FOR_HARD_QC"
"LP-REC-030","RECONSTRUCTION","LP-B032","4","LP-S01;LP-S11","FACTUAL_REFERENCE_ONLY: do not attach, copy, or imitate copyrighted webpage/photo/design; use facts only | SYNTHETIC_RECONSTRUCTION: never label HISTORICAL SOURCE; no exact unseen breach geometry; no invented human reactions or unsupported action","","NO_TEXT","NONE — NO TEXT","","Floating equipment, boats, trees and shoreline material moved with it. The opening at the surface expanded as the ground beneath it failed.","16:9 1920x1080 Hidden Industrial America cinematic documentary reconstruction; charcoal #171A1C, iron #30363A, warm paper #E6DDC8, ivory #F3EBDD, faded rust #A55235, blueprint gray-blue #5F747D; lower 15% visually quiet for subtitles; no black caption box; no neon; no horror; no flags, no eagles, no gear-symbol branding, no logos, no fake archival damage/date stamp/newspaper, no readable signs or accidental text. Modern source-grounded historical reconstruction, never an archival photograph: floating equipment and shoreline material drifting toward the failure area; qualitative movement only. Louisiana, November 1980 where historical; believable period equipment/clothing where people appear; restrained natural light; documentary realism; no sensational disaster spectacle; no exact unseen breach geometry or invented causation. EXACT_TEXT_TO_RENDER: NONE — NO TEXT. Do not generate captions, titles, signs, labels, watermarks, or any readable text inside the image.","R4_READY_FOR_HARD_QC"
"LP-REC-031","RECONSTRUCTION","LP-B033","4","LP-S01","SYNTHETIC_RECONSTRUCTION: never label HISTORICAL SOURCE; no exact unseen breach geometry; no invented human reactions or unsupported action","","NO_TEXT","NONE — NO TEXT","","Water was not simply draining from a stable bowl. The bowl was changing. The edge of the lake was collapsing into the process.","16:9 1920x1080 Hidden Industrial America cinematic documentary reconstruction; charcoal #171A1C, iron #30363A, warm paper #E6DDC8, ivory #F3EBDD, faded rust #A55235, blueprint gray-blue #5F747D; lower 15% visually quiet for subtitles; no black caption box; no neon; no horror; no flags, no eagles, no gear-symbol branding, no logos, no fake archival damage/date stamp/newspaper, no readable signs or accidental text. Modern source-grounded historical reconstruction, never an archival photograph: shoreline edge failing into moving water; no exact historical footprint or camera-copy from archival images. Louisiana, November 1980 where historical; believable period equipment/clothing where people appear; restrained natural light; documentary realism; no sensational disaster spectacle; no exact unseen breach geometry or invented causation. EXACT_TEXT_TO_RENDER: NONE — NO TEXT. Do not generate captions, titles, signs, labels, watermarks, or any readable text inside the image.","R4_READY_FOR_HARD_QC"
"LP-REC-032","RECONSTRUCTION","LP-B035","4","LP-S01;LP-S09","SYNTHETIC_RECONSTRUCTION: never label HISTORICAL SOURCE; no exact unseen breach geometry; no invented human reactions or unsupported action","","NO_TEXT","NONE — NO TEXT","","That number is easier to understand if you imagine the shoreline as part of the machinery of the accident. Every section of ground lost around the opening changed the shape of the basin.","16:9 1920x1080 Hidden Industrial America cinematic documentary reconstruction; charcoal #171A1C, iron #30363A, warm paper #E6DDC8, ivory #F3EBDD, faded rust #A55235, blueprint gray-blue #5F747D; lower 15% visually quiet for subtitles; no black caption box; no neon; no horror; no flags, no eagles, no gear-symbol branding, no logos, no fake archival damage/date stamp/newspaper, no readable signs or accidental text. Modern source-grounded historical reconstruction, never an archival photograph: ground and shoreline slumping as basin geometry changes, with broad documentary scale and no precise traced acreage outline. Louisiana, November 1980 where historical; believable period equipment/clothing where people appear; restrained natural light; documentary realism; no sensational disaster spectacle; no exact unseen breach geometry or invented causation. EXACT_TEXT_TO_RENDER: NONE — NO TEXT. Do not generate captions, titles, signs, labels, watermarks, or any readable text inside the image.","R4_READY_FOR_HARD_QC"
"LP-REC-033","RECONSTRUCTION","LP-B067","9","LP-S01;LP-S19","SOURCE_GEOMETRY_ONLY_WHERE_DOCUMENTED: literal geometry only from the named source; otherwise label the visual conceptual/estimated | SYNTHETIC_RECONSTRUCTION: never label HISTORICAL SOURCE; no exact unseen breach geometry; no invented human reactions or unsupported action","","NO_TEXT","NONE — NO TEXT","","Investigators could document the drilling operation. They could document the mine. They could document the inundation. They could estimate where the well may have intersected the underground system.","16:9 1920x1080 Hidden Industrial America cinematic documentary reconstruction; charcoal #171A1C, iron #30363A, warm paper #E6DDC8, ivory #F3EBDD, faded rust #A55235, blueprint gray-blue #5F747D; lower 15% visually quiet for subtitles; no black caption box; no neon; no horror; no flags, no eagles, no gear-symbol branding, no logos, no fake archival damage/date stamp/newspaper, no readable signs or accidental text. Modern source-grounded historical reconstruction, never an archival photograph: forensic evidence comparison using three clearly different abstract evidence planes — drilling record, mine-plan geometry, and inundation record — with no readable fake text, no exact coordinates, and no confirmed intersection. Louisiana, November 1980 where historical; believable period equipment/clothing where people appear; restrained natural light; documentary realism; no sensational disaster spectacle; no exact unseen breach geometry or invented causation. EXACT_TEXT_TO_RENDER: NONE — NO TEXT. Do not generate captions, titles, signs, labels, watermarks, or any readable text inside the image.","R4_READY_FOR_HARD_QC"
"LP-REC-034","RECONSTRUCTION","LP-B037","5","LP-S01;LP-S04","SOURCE_GEOMETRY_ONLY_WHERE_DOCUMENTED: literal geometry only from the named source; otherwise label the visual conceptual/estimated | SYNTHETIC_RECONSTRUCTION: never label HISTORICAL SOURCE; no exact unseen breach geometry; no invented human reactions or unsupported action","","NO_TEXT","NONE — NO TEXT","","A normal pipe stays roughly the same size while water passes through it. A failure through salt does not have to. Fresh water contacts the salt surface.","16:9 1920x1080 Hidden Industrial America cinematic documentary reconstruction; charcoal #171A1C, iron #30363A, warm paper #E6DDC8, ivory #F3EBDD, faded rust #A55235, blueprint gray-blue #5F747D; lower 15% visually quiet for subtitles; no black caption box; no neon; no horror; no flags, no eagles, no gear-symbol branding, no logos, no fake archival damage/date stamp/newspaper, no readable signs or accidental text. Modern source-grounded historical reconstruction, never an archival photograph: cinematic material-detail view of fresh water carving irregular channels in salt; conceptual mechanism, not event geometry. Louisiana, November 1980 where historical; believable period equipment/clothing where people appear; restrained natural light; documentary realism; no sensational disaster spectacle; no exact unseen breach geometry or invented causation. EXACT_TEXT_TO_RENDER: NONE — NO TEXT. Do not generate captions, titles, signs, labels, watermarks, or any readable text inside the image.","R4_READY_FOR_HARD_QC"
"LP-REC-035","RECONSTRUCTION","LP-B038","5","LP-S01;LP-S04","SOURCE_GEOMETRY_ONLY_WHERE_DOCUMENTED: literal geometry only from the named source; otherwise label the visual conceptual/estimated | SYNTHETIC_RECONSTRUCTION: never label HISTORICAL SOURCE; no exact unseen breach geometry; no invented human reactions or unsupported action","","NO_TEXT","NONE — NO TEXT","","Salt dissolves into the flow. A narrow path can enlarge. Loss of salt can weaken the roof, pillars or surrounding ground. That creates more space for water.","16:9 1920x1080 Hidden Industrial America cinematic documentary reconstruction; charcoal #171A1C, iron #30363A, warm paper #E6DDC8, ivory #F3EBDD, faded rust #A55235, blueprint gray-blue #5F747D; lower 15% visually quiet for subtitles; no black caption box; no neon; no horror; no flags, no eagles, no gear-symbol branding, no logos, no fake archival damage/date stamp/newspaper, no readable signs or accidental text. Modern source-grounded historical reconstruction, never an archival photograph: close underground salt/pillar surface weakening under sustained water contact; no literal reconstruction of unseen failure chamber. Louisiana, November 1980 where historical; believable period equipment/clothing where people appear; restrained natural light; documentary realism; no sensational disaster spectacle; no exact unseen breach geometry or invented causation. EXACT_TEXT_TO_RENDER: NONE — NO TEXT. Do not generate captions, titles, signs, labels, watermarks, or any readable text inside the image.","R4_READY_FOR_HARD_QC"
"LP-REC-036","RECONSTRUCTION","LP-B043","6","LP-S01","SYNTHETIC_RECONSTRUCTION: never label HISTORICAL SOURCE; no exact unseen breach geometry; no invented human reactions or unsupported action","","NO_TEXT","NONE — NO TEXT","","Once enough water was moving underground, gravity supplied the energy. The lake itself became part of the failure mechanism. Water rushed toward the opening.","16:9 1920x1080 Hidden Industrial America cinematic documentary reconstruction; charcoal #171A1C, iron #30363A, warm paper #E6DDC8, ivory #F3EBDD, faded rust #A55235, blueprint gray-blue #5F747D; lower 15% visually quiet for subtitles; no black caption box; no neon; no horror; no flags, no eagles, no gear-symbol branding, no logos, no fake archival damage/date stamp/newspaper, no readable signs or accidental text. Modern source-grounded historical reconstruction, never an archival photograph: dark generic mine void receiving increasing water; geometry deliberately non-specific. Louisiana, November 1980 where historical; believable period equipment/clothing where people appear; restrained natural light; documentary realism; no sensational disaster spectacle; no exact unseen breach geometry or invented causation. EXACT_TEXT_TO_RENDER: NONE — NO TEXT. Do not generate captions, titles, signs, labels, watermarks, or any readable text inside the image.","R4_READY_FOR_HARD_QC"
"LP-REC-037","RECONSTRUCTION","LP-B044","6","LP-S01","SYNTHETIC_RECONSTRUCTION: never label HISTORICAL SOURCE; no exact unseen breach geometry; no invented human reactions or unsupported action","","NO_TEXT","NONE — NO TEXT","","Ground continued to collapse. The receiving space was not a concrete reservoir with fixed walls. It was a mine carved through a soluble salt structure.","16:9 1920x1080 Hidden Industrial America cinematic documentary reconstruction; charcoal #171A1C, iron #30363A, warm paper #E6DDC8, ivory #F3EBDD, faded rust #A55235, blueprint gray-blue #5F747D; lower 15% visually quiet for subtitles; no black caption box; no neon; no horror; no flags, no eagles, no gear-symbol branding, no logos, no fake archival damage/date stamp/newspaper, no readable signs or accidental text. Modern source-grounded historical reconstruction, never an archival photograph: large generic salt-mine chamber under flooding stress, with no depicted origin point for the water. Louisiana, November 1980 where historical; believable period equipment/clothing where people appear; restrained natural light; documentary realism; no sensational disaster spectacle; no exact unseen breach geometry or invented causation. EXACT_TEXT_TO_RENDER: NONE — NO TEXT. Do not generate captions, titles, signs, labels, watermarks, or any readable text inside the image.","R4_READY_FOR_HARD_QC"
"LP-REC-038","RECONSTRUCTION","LP-B047","6","LP-S01;LP-S04","SOURCE_GEOMETRY_ONLY_WHERE_DOCUMENTED: literal geometry only from the named source; otherwise label the visual conceptual/estimated | SYNTHETIC_RECONSTRUCTION: never label HISTORICAL SOURCE; no exact unseen breach geometry; no invented human reactions or unsupported action","","NO_TEXT","NONE — NO TEXT","","The faster the lake fed the failure, the more the failure could change the route available to the lake.","16:9 1920x1080 Hidden Industrial America cinematic documentary reconstruction; charcoal #171A1C, iron #30363A, warm paper #E6DDC8, ivory #F3EBDD, faded rust #A55235, blueprint gray-blue #5F747D; lower 15% visually quiet for subtitles; no black caption box; no neon; no horror; no flags, no eagles, no gear-symbol branding, no logos, no fake archival damage/date stamp/newspaper, no readable signs or accidental text. Modern source-grounded historical reconstruction, never an archival photograph: water accelerating through an enlarging conceptual salt pathway shown as modern reconstruction, not a verified breach tunnel. Louisiana, November 1980 where historical; believable period equipment/clothing where people appear; restrained natural light; documentary realism; no sensational disaster spectacle; no exact unseen breach geometry or invented causation. EXACT_TEXT_TO_RENDER: NONE — NO TEXT. Do not generate captions, titles, signs, labels, watermarks, or any readable text inside the image.","R4_READY_FOR_HARD_QC"
"LP-REC-039","RECONSTRUCTION","LP-B052","7","LP-S06;LP-S07;LP-S10","FACTUAL_REFERENCE_ONLY: do not attach, copy, or imitate copyrighted webpage/photo/design; use facts only | SOURCE_GEOMETRY_ONLY_WHERE_DOCUMENTED: literal geometry only from the named source; otherwise label the visual conceptual/estimated | SYNTHETIC_RECONSTRUCTION: never label HISTORICAL SOURCE; no exact unseen breach geometry; no invented human reactions or unsupported action","","NO_TEXT","NONE — NO TEXT","","Water from the Gulf side moved inland toward the emptied basin. Historical Louisiana accounts describe what happened next as a temporary waterfall roughly one hundred and fifty feet high.","16:9 1920x1080 Hidden Industrial America cinematic documentary reconstruction; charcoal #171A1C, iron #30363A, warm paper #E6DDC8, ivory #F3EBDD, faded rust #A55235, blueprint gray-blue #5F747D; lower 15% visually quiet for subtitles; no black caption box; no neon; no horror; no flags, no eagles, no gear-symbol branding, no logos, no fake archival damage/date stamp/newspaper, no readable signs or accidental text. Modern source-grounded historical reconstruction, never an archival photograph: Delcambre Canal water rushing inland toward the lowered lake; no exact waterfall shape, no copied secondary imagery. Louisiana, November 1980 where historical; believable period equipment/clothing where people appear; restrained natural light; documentary realism; no sensational disaster spectacle; no exact unseen breach geometry or invented causation. Do not invent canal locks, gates, dams, concrete control structures, or other civil works; use simple natural/ordinary canal banks and reversed current only. EXACT_TEXT_TO_RENDER: NONE — NO TEXT. Do not generate captions, titles, signs, labels, watermarks, or any readable text inside the image.","R4_READY_FOR_HARD_QC"
"LP-REC-040","RECONSTRUCTION","LP-B053","7","LP-S06;LP-S07;LP-S10","FACTUAL_REFERENCE_ONLY: do not attach, copy, or imitate copyrighted webpage/photo/design; use facts only | SOURCE_GEOMETRY_ONLY_WHERE_DOCUMENTED: literal geometry only from the named source; otherwise label the visual conceptual/estimated | SYNTHETIC_RECONSTRUCTION: never label HISTORICAL SOURCE; no exact unseen breach geometry; no invented human reactions or unsupported action","","NO_TEXT","NONE — NO TEXT","","For a place as flat as coastal Louisiana, the image is almost absurd. A canal flowing the wrong way. Salt water moving inland.","16:9 1920x1080 Hidden Industrial America cinematic documentary reconstruction; charcoal #171A1C, iron #30363A, warm paper #E6DDC8, ivory #F3EBDD, faded rust #A55235, blueprint gray-blue #5F747D; lower 15% visually quiet for subtitles; no black caption box; no neon; no horror; no flags, no eagles, no gear-symbol branding, no logos, no fake archival damage/date stamp/newspaper, no readable signs or accidental text. Modern source-grounded historical reconstruction, never an archival photograph: low coastal-canal perspective emphasizing reversed current in flat Louisiana terrain; no precise current speed or copied news composition. Louisiana, November 1980 where historical; believable period equipment/clothing where people appear; restrained natural light; documentary realism; no sensational disaster spectacle; no exact unseen breach geometry or invented causation. EXACT_TEXT_TO_RENDER: NONE — NO TEXT. Do not generate captions, titles, signs, labels, watermarks, or any readable text inside the image.","R4_READY_FOR_HARD_QC"
"LP-REC-041","RECONSTRUCTION","LP-B056","8","LP-S01","SYNTHETIC_RECONSTRUCTION: never label HISTORICAL SOURCE; no exact unseen breach geometry; no invented human reactions or unsupported action","","NO_TEXT","NONE — NO TEXT","","When the major physical sequence ended, the mine was inundated. The drilling platform was gone. The shoreline had been cut back.","16:9 1920x1080 Hidden Industrial America cinematic documentary reconstruction; charcoal #171A1C, iron #30363A, warm paper #E6DDC8, ivory #F3EBDD, faded rust #A55235, blueprint gray-blue #5F747D; lower 15% visually quiet for subtitles; no black caption box; no neon; no horror; no flags, no eagles, no gear-symbol branding, no logos, no fake archival damage/date stamp/newspaper, no readable signs or accidental text. Modern source-grounded historical reconstruction, never an archival photograph: post-event shoreline aftermath with drilling platform absent and landscape visibly changed; no exact archival camera recreation. Louisiana, November 1980 where historical; believable period equipment/clothing where people appear; restrained natural light; documentary realism; no sensational disaster spectacle; no exact unseen breach geometry or invented causation. EXACT_TEXT_TO_RENDER: NONE — NO TEXT. Do not generate captions, titles, signs, labels, watermarks, or any readable text inside the image.","R4_READY_FOR_HARD_QC"
"LP-REC-042","RECONSTRUCTION","LP-B059","8","LP-S01;LP-S11","FACTUAL_REFERENCE_ONLY: do not attach, copy, or imitate copyrighted webpage/photo/design; use facts only | SYNTHETIC_RECONSTRUCTION: never label HISTORICAL SOURCE; no exact unseen breach geometry; no invented human reactions or unsupported action","","NO_TEXT","NONE — NO TEXT","","The seven drilling workers above them got clear. That does not make the event small. It makes the evacuation extraordinary.","16:9 1920x1080 Hidden Industrial America cinematic documentary reconstruction; charcoal #171A1C, iron #30363A, warm paper #E6DDC8, ivory #F3EBDD, faded rust #A55235, blueprint gray-blue #5F747D; lower 15% visually quiet for subtitles; no black caption box; no neon; no horror; no flags, no eagles, no gear-symbol branding, no logos, no fake archival damage/date stamp/newspaper, no readable signs or accidental text. Modern source-grounded historical reconstruction, never an archival photograph: seven drilling workers safely clear in a generic staging area near the lake; do not stage them looking back or mimic a press photograph. Louisiana, November 1980 where historical; believable period equipment/clothing where people appear; restrained natural light; documentary realism; no sensational disaster spectacle; no exact unseen breach geometry or invented causation. EXACT_TEXT_TO_RENDER: NONE — NO TEXT. Do not generate captions, titles, signs, labels, watermarks, or any readable text inside the image.","R4_READY_FOR_HARD_QC"
"LP-REC-043","RECONSTRUCTION","LP-B060","8","LP-S01","SYNTHETIC_RECONSTRUCTION: never label HISTORICAL SOURCE; no exact unseen breach geometry; no invented human reactions or unsupported action","","NO_TEXT","NONE — NO TEXT","","An accident violent enough to erase part of a shoreline, destroy a working mine and reverse a canal ended without a human fatality.","16:9 1920x1080 Hidden Industrial America cinematic documentary reconstruction; charcoal #171A1C, iron #30363A, warm paper #E6DDC8, ivory #F3EBDD, faded rust #A55235, blueprint gray-blue #5F747D; lower 15% visually quiet for subtitles; no black caption box; no neon; no horror; no flags, no eagles, no gear-symbol branding, no logos, no fake archival damage/date stamp/newspaper, no readable signs or accidental text. Modern source-grounded historical reconstruction, never an archival photograph: quiet aftermath landscape emphasizing survival and industrial loss rather than spectacle. Louisiana, November 1980 where historical; believable period equipment/clothing where people appear; restrained natural light; documentary realism; no sensational disaster spectacle; no exact unseen breach geometry or invented causation. EXACT_TEXT_TO_RENDER: NONE — NO TEXT. Do not generate captions, titles, signs, labels, watermarks, or any readable text inside the image.","R4_READY_FOR_HARD_QC"
"LP-REC-044","RECONSTRUCTION","LP-B063","9","LP-S01","SYNTHETIC_RECONSTRUCTION: never label HISTORICAL SOURCE; no exact unseen breach geometry; no invented human reactions or unsupported action","","NO_TEXT","NONE — NO TEXT","","After the inundation, the relevant mine workings could not simply be entered and inspected. The accident had destroyed access to the best evidence.","16:9 1920x1080 Hidden Industrial America cinematic documentary reconstruction; charcoal #171A1C, iron #30363A, warm paper #E6DDC8, ivory #F3EBDD, faded rust #A55235, blueprint gray-blue #5F747D; lower 15% visually quiet for subtitles; no black caption box; no neon; no horror; no flags, no eagles, no gear-symbol branding, no logos, no fake archival damage/date stamp/newspaper, no readable signs or accidental text. Modern source-grounded historical reconstruction, never an archival photograph: generic inaccessible post-event mine access / evidence-loss scene; no assertion of a visibly flooded shaft or exact entrance condition. Louisiana, November 1980 where historical; believable period equipment/clothing where people appear; restrained natural light; documentary realism; no sensational disaster spectacle; no exact unseen breach geometry or invented causation. EXACT_TEXT_TO_RENDER: NONE — NO TEXT. Do not generate captions, titles, signs, labels, watermarks, or any readable text inside the image.","R4_READY_FOR_HARD_QC"
"LP-REC-045","RECONSTRUCTION","LP-B064","9","LP-S01;LP-S19","SOURCE_GEOMETRY_ONLY_WHERE_DOCUMENTED: literal geometry only from the named source; otherwise label the visual conceptual/estimated | SYNTHETIC_RECONSTRUCTION: never label HISTORICAL SOURCE; no exact unseen breach geometry; no invented human reactions or unsupported action","","NO_TEXT","NONE — NO TEXT","","Critical physical information was underwater, displaced or gone. Federal mine-safety investigators reconstructed an estimated drill-hole location near the mine's thirteen-hundred-foot level.","16:9 1920x1080 Hidden Industrial America cinematic documentary reconstruction; charcoal #171A1C, iron #30363A, warm paper #E6DDC8, ivory #F3EBDD, faded rust #A55235, blueprint gray-blue #5F747D; lower 15% visually quiet for subtitles; no black caption box; no neon; no horror; no flags, no eagles, no gear-symbol branding, no logos, no fake archival damage/date stamp/newspaper, no readable signs or accidental text. Modern source-grounded historical reconstruction, never an archival photograph: forensic reconstruction workspace using simplified mine-plan shapes and a dotted estimated drill path; no fake document text or exact coordinates. Louisiana, November 1980 where historical; believable period equipment/clothing where people appear; restrained natural light; documentary realism; no sensational disaster spectacle; no exact unseen breach geometry or invented causation. EXACT_TEXT_TO_RENDER: NONE — NO TEXT. Do not generate captions, titles, signs, labels, watermarks, or any readable text inside the image.","R4_READY_FOR_HARD_QC"
"LP-REC-046","RECONSTRUCTION","LP-B073","10","LP-S15","JUDICIAL_FACT_ONLY: use the court-record fact; do not imitate commercial database page design | SYNTHETIC_RECONSTRUCTION: never label HISTORICAL SOURCE; no exact unseen breach geometry; no invented human reactions or unsupported action","","NO_TEXT","NONE — NO TEXT","","They did not reopen the mine. And they did not turn the settlement into a scientific finding about one exact cause.","16:9 1920x1080 Hidden Industrial America cinematic documentary reconstruction; charcoal #171A1C, iron #30363A, warm paper #E6DDC8, ivory #F3EBDD, faded rust #A55235, blueprint gray-blue #5F747D; lower 15% visually quiet for subtitles; no black caption box; no neon; no horror; no flags, no eagles, no gear-symbol branding, no logos, no fake archival damage/date stamp/newspaper, no readable signs or accidental text. Modern source-grounded historical reconstruction, never an archival photograph: closed industrial salt-mine operations context after the disaster using generic infrastructure, not an exact unverified exterior likeness. Louisiana, November 1980 where historical; believable period equipment/clothing where people appear; restrained natural light; documentary realism; no sensational disaster spectacle; no exact unseen breach geometry or invented causation. EXACT_TEXT_TO_RENDER: NONE — NO TEXT. Do not generate captions, titles, signs, labels, watermarks, or any readable text inside the image.","R4_READY_FOR_HARD_QC"
"LP-REC-047","RECONSTRUCTION","LP-B074","10","LP-S15","JUDICIAL_FACT_ONLY: use the court-record fact; do not imitate commercial database page design | SYNTHETIC_RECONSTRUCTION: never label HISTORICAL SOURCE; no exact unseen breach geometry; no invented human reactions or unsupported action","","NO_TEXT","NONE — NO TEXT","","Louisiana appellate records later described approximately two hundred and fifty Diamond Crystal employees being laid off after the closure. That is the quieter scale of the disaster.","16:9 1920x1080 Hidden Industrial America cinematic documentary reconstruction; charcoal #171A1C, iron #30363A, warm paper #E6DDC8, ivory #F3EBDD, faded rust #A55235, blueprint gray-blue #5F747D; lower 15% visually quiet for subtitles; no black caption box; no neon; no horror; no flags, no eagles, no gear-symbol branding, no logos, no fake archival damage/date stamp/newspaper, no readable signs or accidental text. Modern source-grounded historical reconstruction, never an archival photograph: empty industrial work area suggesting employment loss without staging identifiable laid-off workers or signs. Louisiana, November 1980 where historical; believable period equipment/clothing where people appear; restrained natural light; documentary realism; no sensational disaster spectacle; no exact unseen breach geometry or invented causation. EXACT_TEXT_TO_RENDER: NONE — NO TEXT. Do not generate captions, titles, signs, labels, watermarks, or any readable text inside the image.","R4_READY_FOR_HARD_QC"
"LP-REC-048","RECONSTRUCTION","LP-B081","12","LP-S01;LP-S03","SOURCE_GEOMETRY_ONLY_WHERE_DOCUMENTED: literal geometry only from the named source; otherwise label the visual conceptual/estimated | SYNTHETIC_RECONSTRUCTION: never label HISTORICAL SOURCE; no exact unseen breach geometry; no invented human reactions or unsupported action","","NO_TEXT","NONE — NO TEXT","","Before November 20, 1980, Lake Peigneur looked like a surface landscape. Water. Trees. Gardens. A drilling platform.","16:9 1920x1080 Hidden Industrial America cinematic documentary reconstruction; charcoal #171A1C, iron #30363A, warm paper #E6DDC8, ivory #F3EBDD, faded rust #A55235, blueprint gray-blue #5F747D; lower 15% visually quiet for subtitles; no black caption box; no neon; no horror; no flags, no eagles, no gear-symbol branding, no logos, no fake archival damage/date stamp/newspaper, no readable signs or accidental text. Modern source-grounded historical reconstruction, never an archival photograph: pre-event lake surface at morning light with platform far in the distance, framed from water level; distinct visual role: surface normalcy before the thesis. Louisiana, November 1980 where historical; believable period equipment/clothing where people appear; restrained natural light; documentary realism; no sensational disaster spectacle; no exact unseen breach geometry or invented causation. EXACT_TEXT_TO_RENDER: NONE — NO TEXT. Do not generate captions, titles, signs, labels, watermarks, or any readable text inside the image.","R4_READY_FOR_HARD_QC"
"LP-REC-049","RECONSTRUCTION","LP-B075","10","LP-S01;LP-S15","JUDICIAL_FACT_ONLY: use the court-record fact; do not imitate commercial database page design | SYNTHETIC_RECONSTRUCTION: never label HISTORICAL SOURCE; no exact unseen breach geometry; no invented human reactions or unsupported action","","NO_TEXT","NONE — NO TEXT","","The famous sequence — the whirlpool, the collapsing bank, the reversed canal — lasted hours.","16:9 1920x1080 Hidden Industrial America cinematic documentary reconstruction; charcoal #171A1C, iron #30363A, warm paper #E6DDC8, ivory #F3EBDD, faded rust #A55235, blueprint gray-blue #5F747D; lower 15% visually quiet for subtitles; no black caption box; no neon; no horror; no flags, no eagles, no gear-symbol branding, no logos, no fake archival damage/date stamp/newspaper, no readable signs or accidental text. Modern source-grounded historical reconstruction, never an archival photograph: quiet post-event industrial site after the dramatic water movement has ended, emphasizing that the physical spectacle was brief while industrial consequences continued; no exact unverified exterior likeness. Louisiana, November 1980 where historical; believable period equipment/clothing where people appear; restrained natural light; documentary realism; no sensational disaster spectacle; no exact unseen breach geometry or invented causation. EXACT_TEXT_TO_RENDER: NONE — NO TEXT. Do not generate captions, titles, signs, labels, watermarks, or any readable text inside the image.","R4_READY_FOR_HARD_QC"
"LP-REC-050","RECONSTRUCTION","LP-B076","10","LP-S15","JUDICIAL_FACT_ONLY: use the court-record fact; do not imitate commercial database page design | SYNTHETIC_RECONSTRUCTION: never label HISTORICAL SOURCE; no exact unseen breach geometry; no invented human reactions or unsupported action","","NO_TEXT","NONE — NO TEXT","","For the people whose livelihoods depended on the mine, the consequences continued after the water stopped moving.","16:9 1920x1080 Hidden Industrial America cinematic documentary reconstruction; charcoal #171A1C, iron #30363A, warm paper #E6DDC8, ivory #F3EBDD, faded rust #A55235, blueprint gray-blue #5F747D; lower 15% visually quiet for subtitles; no black caption box; no neon; no horror; no flags, no eagles, no gear-symbol branding, no logos, no fake archival damage/date stamp/newspaper, no readable signs or accidental text. Modern source-grounded historical reconstruction, never an archival photograph: empty industrial locker/workbench area representing continuing livelihood consequences after mine closure; no identifiable workers, names, signs, or staged layoff scene. Louisiana, November 1980 where historical; believable period equipment/clothing where people appear; restrained natural light; documentary realism; no sensational disaster spectacle; no exact unseen breach geometry or invented causation. EXACT_TEXT_TO_RENDER: NONE — NO TEXT. Do not generate captions, titles, signs, labels, watermarks, or any readable text inside the image.","R4_READY_FOR_HARD_QC"
"LP-REC-051","RECONSTRUCTION","LP-B087","12","LP-S01;LP-S03","SOURCE_GEOMETRY_ONLY_WHERE_DOCUMENTED: literal geometry only from the named source; otherwise label the visual conceptual/estimated | SYNTHETIC_RECONSTRUCTION: never label HISTORICAL SOURCE; no exact unseen breach geometry; no invented human reactions or unsupported action","","NO_TEXT","NONE — NO TEXT","","The deeper lesson is why. Infrastructure does not stop at the surface. And the systems we cannot see can be the systems that matter most.","16:9 1920x1080 Hidden Industrial America cinematic documentary reconstruction; charcoal #171A1C, iron #30363A, warm paper #E6DDC8, ivory #F3EBDD, faded rust #A55235, blueprint gray-blue #5F747D; lower 15% visually quiet for subtitles; no black caption box; no neon; no horror; no flags, no eagles, no gear-symbol branding, no logos, no fake archival damage/date stamp/newspaper, no readable signs or accidental text. Modern source-grounded historical reconstruction, never an archival photograph: final hero image focused on a vertical cutaway silhouette: calm lake surface at top, hidden industrial layers below fading into darkness; no duplicate reflective-lake composition. Louisiana, November 1980 where historical; believable period equipment/clothing where people appear; restrained natural light; documentary realism; no sensational disaster spectacle; no exact unseen breach geometry or invented causation. EXACT_TEXT_TO_RENDER: NONE — NO TEXT. Do not generate captions, titles, signs, labels, watermarks, or any readable text inside the image.","R4_READY_FOR_HARD_QC"
